artistid,artistname,genre
6oMuImdp5ZcFhWP0ESe6mG,Migos,Hip Hop
0Y5tJX1MQlPlqiwlOH1tJY,Travis Scott,Hip Hop
5dHt1vcEm9qb8fCyLcB3HL,A$AP Ferg,Hip Hop
3TVXtAsR1Inumwj472S9r4,Drake,Hip Hop
0VRj0yCOv2FXJNP47XQnx5,Quavo,Hip Hop
2YZyLoL8N0Wb9xBt1NhZWg,Kendrick Lamar,Pop
73sIBHcqh3Z3NyqHKZ7FOL,Childish Gambino,Pop
137W8MRPWKqSmrBGDBFSop,Wiz Khalifa,Pop
34Y0ldeyUv7jBvukWOGASO,Bobby Shmurda,Pop
4O15NlyKLIASxsJ0PrXPfz,Lil Uzi Vert,Pop
360IAlyVv4PCEVjgyMZrxK,Miguel,Pop
7dGJo4pcD2V6oG8kP0tJRR,Eminem,Hip Hop
6C1ohJrd5VydigQtaGy5Wa,Joyner Lucas,Pop
0A0FS04o6zMoto8OKPsDwY,YG,Hip Hop
17lzZA2AlOHwCwFALHttmp,2 Chainz,Pop
0c173mlxpT3dSFRgMO8XPh,Big Sean,Pop
0hCNtLu0JehylgoiP8L4Gh,Nicki Minaj,Hip Hop
5fMUXHkw8R8eOP2RNVYEZX,Diplo,Pop
5gCRApTajqwbnHHPbr2Fpi,Juicy J,Hip Hop
0WOxhx4hikIsyF3CRPLC8W,Famous Dex,Pop
3wyVrVrFCkukjdVIdirGVY,Lil Pump,Pop
6vXTefBL93Dj5IqAWq6OTv,French Montana,Hip Hop
4DdkRBBYG6Yk9Ka8tdJ9BW,Offset,Hip Hop
0iEtIxbK0KxaSlF7G42ZOp,Metro Boomin,Hip Hop
4kYSro6naA4h99UJvo89HB,Cardi B,Hip Hop
2RDOrhPqAM4jzTRCEb19qX,Sheck Wes,Pop
13y7CgLHjMVRMDqxdx0Xdo,Gucci Mane,Hip Hop
0du5cEVh5yTK9QJze8zA0C,Bruo Mars,Pop
46SHBwWsqBkxI7EeeBEQG7,Kodak Black,Hip Hop
20sxb77xiYeusSH8cVdatc,Meek Mill,Pop
699OTQXzgjhIYAHMy9RyPD,Playboi Carti,Hip Hop
246dkjvS1zLTtiykXe5h60,Post Malone,Pop
6l3HvQ5sa6mXTsMTB19rO5,J. Cole,Pop
0YinUQ50QDB7ZxSCLyQ40k,Mustard,Hip Hop
1RyvyyTE3xzB2ZywiAwp0i,Future,Pop
4MCBfE4596Uoi2O4DtmEMz,Juice WRLD,Pop
5CiGnKThu5ctn9pBxv7DGa,benny blanco,Pop
7aWpPjjgItUnXljFxYYKZI,DeathbyRomy,Pop
6fWVd57NKTalqvmjRd2t8Z,24kGoldn,Pop
0vRvGUQVUjytro0xpb26bs,Arizona Zervas,Hip Hop
1MXZ0hsGic96dWRDKwAwdr,Tyla Yaweh,Hip Hop
51YACffgZvQwjs8J4ZVDQF,Warm Brew,Pop
07Asx51VtMw5kbNXKrpZlq,BabyJake,Pop
64KEffDW9EtZ1y2vBYgq8T,Marshmello,Pop
1pPmIToKXyGdsCF6LmqLmI,Rich The Kid,Pop
5LHRHt1k9lMyONurDHEdrp,Tyga,Pop
5bWUlnPx9OYKsLiUJrhCA1,Jon Z,Pop
4r63FhuTkUYltbVAg5TQnk,DaBaby,Pop
4qBgvVog0wzW75IQ48mU7v,KYLE,Pop
6icQOAFXDZKsumw3YXyusw,Lil Yachty,Hip Hop
4TEJudQY2pXxVHPE3gD2EU,BlocBoy JB,Hip Hop
3BbPRvYQ0M9SFmhkHXozLm,Ambjaay,Pop
1sBkRIssrMs1AbVkOJbc7a,Rick Ross,Pop
4Ga1P7PMIsmqEZqhYZQgDo,Lil Tecca,Hip Hop
5K4W6rqBFWDnAN6FQUkS6x,Kanye West,Pop
0ONHkAv9pCAFxb0zJwDNTy,Pusha T,Pop
7jVv8c5Fj3E9VhNjxT4snq,Lil Nas X,Hip Hop
15UsOTVnJzReFVN1VCnxy4,XXXTENTACION,Pop
2hWs22BmQkK4czFtDLnar2,Rob $tone,Pop
1rs3y69kDwkIdGJcOYngQt,J. Davi$,Pop
36Tn5h23ysORlLKc42UXfe,J Spooks,Pop
3EWxytcxaM0tksU6v3je2Q,kiLL edward,Hip Hop
6d47Z08T4snK50HgTEHo5Z,Sage The Gemini,Hip Hop
2ZavqCJe7uqkRpISes0NFi,Iamsu!,Hip Hop
7bkdi7f1mxyYxWcBlwON4s,The Throne,Pop
6USMTwO0MNDnKte5a5h0xx,Y2K,Pop
41X1TR6hrK8Q2ZCpp2EqCz,bbno$,Hip Hop
55Aa2cqylxrFIXC767Z865,Lil Wayne,Pop
5IcR3N7QB1j6KBL8eImZ8m,ScHoolboy Q,Pop
0ErzCpIMyLcjPiwT4elrtZ,NLE Choppa,Pop
1anyVhU62p31KFi8MEzkbf,Chance the Rapper,Pop
5SyGEPymt1G2uto47tVWvZ,MadeinTYO,Pop
3Gm5F95VdRxW3mqCn8RPBJ,Amin,Hip Hop
68kEuyFKyqrdQQLLsmiatm,Vince Staples,Pop
0ZJsvv5q5aTXullsMDvlyd,Amvoy,Pop
3o46fnUhyOOORB1xfW1Bmh,Della G,Pop
7iZtZyCzp3LItcw1wtPI3D,Rae Sremmurd,Hip Hop
1gPhS1zisyXr5dHTYZyiMe,Kevin Gates,Pop
6PXS4YHDkKvl1wkIl4V8DL,Fetty Wap,Hip Hop
2s0yxtiHiyGe6CY4mbDYFi,Remy Boyz,Hip Hop
7c0XG5cIJTrrAgEC3ULPiq,Ty Dolla $ign,Pop
1Xyo4u8uXC1ZmMpatF05PJ,The Weeknd,Pop
1URnnhqYAYcrqrcwql10ft,21 Savage,Hip Hop
7pFeBzX627ff0VnN6bxPR4,Desiigner,Pop
02kJSzxNuaWGqwubyUba0Z,G-Eazy,Pop
253mZZhgkLOjbAuogZiNbc,Remo the Hitmaker,Pop
1cNDP5yjU5vjeR8qMf4grg,YNW Melly,Hip Hop
3Fl1V19tmjt57oBdxXKAjJ,Blueface,Pop
4tZwfgrHOc3mvqYlEYSvVi,Daft Punk,Hip Hop
13ubrt8QOOCPljQ2FL1Kca,A$AP Rocky,Hip Hop
1Zatb2YN4erBOoSivOXc0o,O.T. Genasis,Pop
6VuMaDnrHyPL1p4EHjYLi7,Charlie Puth,Pop
64M6ah0SkkRsnPGtGiRAbb,Bebe Rexha,Hip Hop
1zNqQNIdeOUZHb8zbZRFMX,Swae Lee,Pop
2kCcBybjl3SAtIcwdWpUe3,Lil Peep,Pop
7hJcb9fa4alzcOq3EaNPoG,Snoop Dogg,Pop
31W5EY0aAly4Qieq6OFu6I,A Boogie Wit da Hoodie,Hip Hop
6qqNVTkY8uBg9cP3Jd7DAH,Billie Eilish,Hip Hop
7d3WFRME3vBY2cgoP38RDo,Lil Skies,Hip Hop
53XhwfbYqKCa1cC15pYq2q,Imagine Dragons,Pop
3NPpFNZtSTHheNBaWC82rB,X Ambassadors,Pop
4xRYI6VqpkE3UwrDrAZL8L,Logic,Pop
5jJjvmEwRr8epuGZq4eUUa,BRS Kash,Pop
37hAfseJWi0G3Scife12Il,City Girls,Pop
0wHeZY93Ede0g1jXaWsiFS,LPB Poody,Pop
3X0G2SCuepKPCWJp95w8yz,DLU Kemp,Hip Hop
5bgfj5zUoWpyeVatGDjn6H,K CAMP,Hip Hop
3HiuzBlSW7pGDXlSFMhO2g,Young Dolph,Hip Hop
6z1cicLMt9XArxN10q7m8a,Travis Porter,Hip Hop
6Ha4aES39QiVjR0L2lwuwq,Yo Gotti,Hip Hop
0jnsk9HBra6NMjO2oANoPY,Flo Rida,Hip Hop
7z5WFjZAIYejWy0NI5lv4T,Dan + Shay,Pop
08Ld63UgKrJ0nZnCkzHtzc,Project Pat,Pop
1ZwdS5xdxEREPySFridCfh,2Pac,Pop
2jp3Fk52x0HbymU0lNYbSC,Outlawz,Pop
6AgTAQt8XS6jRWi4sX7w49,Polo G,Pop
6cK3NBO6uP7hh0oyuVELFl,Saweetie,Hip Hop
5cj0lLjcoR7YOSnhnX0Po5,Doja Cat,Pop
0ZrpamOxcZybMHGg1AYtHP,Robin Thicke,Hip Hop
4OBJLual30L7gRl5UkeRcT,T.I.,Pop
2RdwBSPQiwcmiDo9kixcl8,Pharrell Williams,Hip Hop
3jK9MiCrA42lLAdMGUZpwa,Anderson .Paak,Pop
6PvvGcCY2XtUcSRld1Wilr,Silk Sonic,Hip Hop
2LIk90788K0zvyj2JJVwkJ,Jack Harlow,Pop
181bsRPaVXVlUKXrxwZfHK,Megan Thee Stallion,Hip Hop
6vWDO969PvNqNYHIOW5v0m,Beyoncï¿½,Pop
50co4Is1HCEo8bhOyUWKpn,Young Thug,Hip Hop
45TgXXqMDdF8BkjA83OM7z,Rod Wave,Hip Hop
79Sxz4bJeibdabevi9PAVi,Mohead Mike,Pop
372IgXgnCt4wlfumrMTIOs,Big Boogie,Hip Hop
0RESbWvOMyua0yuyVrztJ5,Key Glock,Hip Hop
3DELNHPLdJgXkDHOTt3ok8,MOUNT WESTMORE,Hip Hop
3Mcii5XWf6E0lrY3Uky4cA,Ice Cube,Pop
3crnzLy8R4lVwaigKEOz7V,E-40,Hip Hop
4sb7rZNN93BSS6Gqgepo4v,Too $hort,Pop
1D4bP2qFi4EcC4ZdBgH5F8,Jex Nwalor,Pop
52dJMOJVjZ8ArXL4dDJ3Nd,Danny Dwyer,Pop
6MPCFvOQv5cIGfw3jODMF0,Internet Money,Pop
2hlmm7s2ICUX0LVIhVFlZQ,Gunna,Hip Hop
4Gso3d4CscCijv0lmajZWs,Don Toliver,Pop
7rkW85dBwwrJtlHRDkJDAC,NAV,Hip Hop
5SXuuuRpukkTvsLuUknva1,Baby Keem,Hip Hop
2jku7tDXc6XoB6MO2hFuqg,Tory Lanez,Pop
5f7VJjfbwm532GiveGC0ZK,Lil Baby,Hip Hop
6mfQpFxRlsPPBfxmowxIhY,C@NNEN,Pop
5GlqPEwXzTqMLZhXM6QscB,Yng stylen,Hip Hop
1ffPqUXh4nXQQ4l0fu7s54,Keyzee,Pop
2pGoUgClqb0BWyjIxwnY8I,Pricy P,Hip Hop
3QT9g7gDQTUKdoShU4HdXM,THE G@ME,Pop
4pnp4w9g30yLfVIAFnZMRd,ACRAZE,Hip Hop
1c70yCa8sRgIiQxl3HOEFo,Cherish,Hip Hop
2tIP7SsRs7vjIcLrU85W8J,The Kid LAROI,Pop
1uNFoZAHBGtllmzznpCI3s,Justin Bieber,Hip Hop
0eDvMgVFoNV3TpwtrVCoTj,Pop Smoke,Pop
4yvcSjfu4PC0CYQyLy4wSq,Glass Animals,Pop
3hcs9uc56yIGFCSy9leWe7,Lil Durk,Pop
757aE44tKEUQEqRuT6GnEB,Roddy Ricch,Pop
2kCO8LXN1usaOPL3iEE28I,Tai Verdes,Hip Hop
3ciRvbBIVz9fBoPbtSYq4x,Lil Jon & The East Side Boyz,Pop
4z9vT1dkrovMxFPrEnbkP4,Bohagon,Pop
5einkgXXrjhfYCyac1FANB,Lil Scrappy,Hip Hop
23zg3TcAtWQy7J6upgbUnj,USHER,Pop
3ipn9JLAPI5GUEo4y4jcoi,Ludacris,Pop
3D04N2X2w6vUGeyG94FBaY,Pastor Troy,Hip Hop
5pnbUBPifNnlusY8kTBivi,Jadakiss,Pop
2x8KDZdSONA3872CnhaAlX,Styles P,Hip Hop
0rkDjsewFjH9KqV4jCiEik,Chyna White,Pop
2OqENqJFXPORP4BUGnu2Qq,Youngbloodz,Hip Hop
6cwlhbT6PnscdmUYCLUJsa,Bone Crusher,Pop
7iMvwE8qANp3aIfAGKEAwS,Cam'ron,Hip Hop
1YfEcTuGvBQ8xSD1f53UnK,Busta Rhymes,Pop
4Js9eYwAf9rypNtV8pNSw9,Petey Pablo,Hip Hop
45a6gCQWq61lIUDmr1tKuO,Bun B,Hip Hop
6B16XZWuJ9VERn7pXxCIda,8Ball,Hip Hop
51GnGVvOHfqOBA2ME9nZ1Z,Oobie,Hip Hop
0OMJR0LjjKv21qNvICTgbi,Devin The Dude,Hip Hop
0fbFfVckGKsDbAfYnB5mD1,Mannie Fresh,Pop
15Y1yUEchPPl4w20CLvFyb,Baby Boy Da Prince,Pop
1GeODmmQycY9UqF4MLO94I,Big Kap,Hip Hop
2PJnn4tJWudLd15ps3QbW6,Chyna Whyte,Pop
3LIJJJkO7R5RasRwt7xIn5,Mystikal,Pop
53B8dEQzmtefvkdCAkO0YR,Krayzie Bone,Pop
07VmOvmuBp9G0gb8BTrpn0,Mike Jones,Pop
0k7Xl1pqI3tu8sSEjo5oEg,Paul Wall,Pop
0st5vgzw9XkH5ALJiUM1lE,Slim Thug,Pop
3Odbrr8Ig2eyvaNrc7kOVm,Young Problemz,Pop
7jFaoqWPhYLrKzjzlpXmUO,David Banner,Hip Hop
4Q5sPmM8j4SpMqL4UA1DtS,Lil' Flip,Hip Hop
6AMa1VFQ7qCi61tCRtVWXe,Jim Jones,Hip Hop
7bXgB6jMjp9ATFy66eO08Z,Chris Brown,Hip Hop
23LbwefIODbyGdRbAz3urj,Yung Joc,Hip Hop
7sfl4Xt5KmfyDs2T3SVSMK,Lil Jon,Hip Hop
4f9iBmdUOhQWeP7dcAn1pf,Rag'n'Bone Man,Pop
6veh5zbFpm31XsPdjBgPER,BIA,Pop
3nFkdlSjzX9mRTtwJOzDYB,JAY-Z,Hip Hop
1Oa0bMld0A3u5OTYfMzp5h,Nate Dogg,Hip Hop
5Qi4Bb7a8C0a00NZcA77L0,D12,Hip Hop
0huGjMyP507tBCARyzSkrv,Cordae,Pop
4iHNK0tOyZPYnBU7nGAgpQ,Mariah Carey,Pop
7JXCJDLGh1k9cg6JbYCpYl,Flipmode Squad,Pop
1XlLhtgJjC4ROQZilBZAvw,Nic D,Pop
1ShZZUjkbXCjhwrb18BA8I,Bryce Vine,Pop
0jx4hPtb5enLdBDdHKuSgf,Kottonmouth Kings,Hip Hop
5qemOGVyAF9vszpwncpIjU,Ruin Your Day,Hip Hop
573vxT6vzhNRzTVIuVRnLj,Daylyt,Pop
57cZEJjLppvEmppehjqwmI,Illmac,Pop
4vcgrP8o8wqHxQjaIOqQLy,B Dot the God,Pop
6ejeZrClcoftzcVSR18OqI,Geechi Gotti,Hip Hop
0CKa42Jqrc9fSFbDjePaXP,Big K.R.I.T.,Hip Hop
5he5w2lnU9x7JFhnwcekXX,Skrillex,Hip Hop
56mfhUDKa1vec6rSLZV5Eg,Jawsh 685,Hip Hop
07YZf4WDAMNwqr4jfgOZ8y,Jason Derulo,Hip Hop
5ILgJERmX20rZuVVDQ7z5P,504 Boyz,Hip Hop
5Matrg5du62bXwer29cU5T,Benny The Butcher,Pop
37ASGd4rWpHjuVonnYAN6S,Harry Fraud,Hip Hop
67gqUXxHedeUGDTxwBzdjS,Conway the Machine,Pop
6U3ybJ9UHNKEdsH7ktGBZ7,JID,Pop
3Y7RZ31TRPVadSFVy1o8os,H.E.R.,Pop
5MAp6rMiUJjRLXMWtArXRS,Dorrough Music,Pop
4yBK75WVCQXej1p04GWqxH,Jeezy,Pop
5lHRUCqkQZCIWeX7xG4sYT,Rich Homie Quan,Hip Hop
3q7HBObVc0L8jNeTe5Gofh,50 Cent,Hip Hop
5yCd7bxcAc3MdQ1h54ESsD,Houston,Hip Hop
3s2wTjWxK8NOX09dmsvVOh,Chingy,Hip Hop
0qziYi2GvPoLPnchRMQdxk,I-20,Pop
4fQHCuys7JZvaQzRvB1kPR,Ghost Loft,Hip Hop
1UH80jhsYsFztK0anu2FNS,Zack Fox,Pop
1rHOtdmGNr5vcYNw5v7QGC,Kenny Beats,Pop
6XswoC68grx55in1WQnJ7E,Parliament Funkadelic,Hip Hop
3qBKjEOanahMxlRojwCzhI,Zacari,Pop
3DiDSECUqqY1AuBP8qtaIa,Alicia Keys,Pop
0TnOYISbd1XYRBk9myaseg,Pitbull,Hip Hop
085pc2PYOi8bGKj0PNjekA,will.i.am,Hip Hop
1Cs0zKBU1kc0i8ypK3B9ai,David Guetta,Hip Hop
59wfkuBoNyhDMQGCljbUbA,Diddy,Pop
2gie1bU1LwnxdFAJoTLjzT,Loon,Hip Hop
6Uh8uJyN9g7oFjDK16nJgb,Juelz Santana,Pop
3aQeKQSyrW4qWr35idm0cy,T-Pain,Hip Hop
12PSlydMSjEHzSCj9X5qv7,Baby Bash,Pop
0z4gvV4rjIZ9wHck67ucSV,Akon,Hip Hop
7LnaAXbDVIL75IVPnndf7w,Jamie Foxx,Pop
41TccBHnkaVhhgCgl83JU8,Kandi Girl,Hip Hop
7BAaznGSsqcksud4R5ou5z,Cory Gunz,Hip Hop
5ndkK3dpZLKtBklKjxNQwT,B.o.B,Pop
14J79DfdiKcztA7WrrpqIP,NITTI,Pop
2ZVEnkCKF0ytNHpj9cLxte,Sean Paul,Hip Hop
0NbfKEOTQCcwd6o7wSDOHI,The Game,Hip Hop
2gBjLmx6zQnFGQJCAQpRgw,Nelly,Hip Hop
07W0YfsvHM7Mw7Bq48Mb0A,Murphy Lee,Hip Hop
7k5N7JJKEPUPQfK8whGITe,Ali,Pop
6kD993mKIytiN9sE6VyRfa,Kyjuan,Hip Hop
4AllEJE7mVkhhyUV6DjqPz,D4L,Hip Hop
0rG0AZBscc8S8q1ahIsasI,JUVENILE,Hip Hop
4HgF4KnohByNElYid7iCNb,Bobby V.,Pop
2zJoKYyLmhvsq3ORbXE7xF,Kidd Kidd,Hip Hop
6GMYJwaziB4ekv1Y6wCDWS,Soulja Boy,Hip Hop
1Zz5UxfKSSqc6hpa3xJPCw,J-Kwon,Hip Hop
0VKTLKamj4IH8OfQbUL0kq,Dem Franchize Boyz,Hip Hop
5Q2iqZJMIZVSTEJWOYh4kP,Peanut,Pop
4FZBzAqTsS12zKdb9Gr2uz,Charlay,Hip Hop
6vbY3hOaCAhC7VjucswgdS,Twista,Pop
1HwM5zlC5qNWhJtM00yXzG,DMX,Hip Hop
0QHgL1lAIqAw0HtD7YldmP,DJ Khaled,Pop
44PA0rCQXikgOWbfY7Fq7m,Ying Yang Twins,Pop
1sPpJhevOYz54gNgeh2LaV,Keak Da Sneak,Hip Hop
5Jz9kKRnCRLTodCH58MyB4,Daz Dillinger,Pop
2BvzbqWWwLN11XGBYgDZzx,Terror Squad,Hip Hop
3ScY9CQxNLQei8Umvpx5g6,Fat Joe,Pop
39mHYiNmLR7p8PXNG8Wll6,Remy Ma,Pop
3RPYHNSwe3w0mtfJwKIN9P,Bubba Sparxxx,Hip Hop
3EtuDyQhDQYISGg1DU5qZj,Mr. Collipark,Pop
6vdMPayKk8YJxxeNP5oMCb,Chamillionaire,Pop
4gpDA7R5796e6zbvZxGNga,Shawnna,Pop
1G9G7WwrXka3Z1r7aIDjI7,Outkast,Hip Hop
6tBnRI3ubWYclKSbGvGtKd,Soulja Slim,Hip Hop
3L2SIGZah4QZSvN4wC8rHl,City Spud,Pop
5YBSzuCs7WaFKNr7Bky0Uf,Olivia,Pop
6DPYiyq5kWVQS4RGwxzPC7,Dr. Dre,Pop
4EnEZVjo3w1cwcQYePccay,N.W.A.,Hip Hop
1J2VVASYAamtQ3Bt8wGgA6,Ja Rule,Pop
3ot6fEzKvRrCnWy5BWlnxU,Vita,Pop
7Aq8lpLMSt1Zxu56pe9bmp,Jagged Edge,Pop
5rkVyNGXEgeUqKkB5ccK83,Ashanti,Pop
1W3FSF1BLpY3hlVIgvenLz,The-Dream,Pop
0YWxKQj2Go9CGHCp77UOyy,Fabolous,Hip Hop
50NoVNy9GU1lCrDV8iGpyu,Ol' Dirty Bastard,Hip Hop
0IF46mUS8NXjgHabxk2MCM,Kelis,Pop
4tAhhPPEWcszcMjhYROUvx,Lea,Hip Hop
22282KfMxDo2PMjnBc82I4,Biz Markie,Hip Hop
6nfYGe7IIuuP5bMY1jkJP6,Jermaine Dupri,Hip Hop
3AuMNF8rQAKOzjYppFNAoB,Kelly Rowland,Pop
6roFdX1y5BYSbp60OTJWMd,Tim McGraw,Hip Hop
7urq0VfqxEYEEiZUkebXT4,112,Hip Hop
5NDMothbpdpq2xHqSjrrWn,Faith Evans,Hip Hop
1QPZhx0asYTBxD5RDqfU49,Black Rob,Pop
20N6dS0vq9kMWXUqEkFrBA,Mark Curry,Pop
5me0Irg2ANcsgc93uaYrpb,The Notorious B.I.G.,Pop
1wiBLzTI7z9RUwEpNPdFT6,Mase,Hip Hop
4BIQA9vRkqXEnA2twmq7mU,Mario Winans,Pop
6uothxMWeLWIhsGeF7cyo4,Enya,Pop
5tth2a3v0sWwV1C7bApBdX,Lil' Kim,Hip Hop
0A7g2YbCA9FlyZvAG6VmKP,The LOX,Pop
09A1kpyGbzYAPb8cEvee64,Stevie J,Pop
5aEWnrN8h3MhuFUPRfaVuy,Case,Hip Hop
2DlGxzQSjYe5N6G9nkYghR,Jennifer Lopez,Pop
4a7eqaOZbZrEj2J37FzJvl,Caddillac Tah,Hip Hop
2mxe0TnaNL039ysAj51xPQ,R. Kelly,Pop
7B4hKK0S9QYnaoqa9OuwgX,Eazy-E,Pop
1Wfh3Tz3xOB4JjqTk2zT5K,DJ Yella,Pop
4Icvbp9RDt5aY2TWDOVDsr,Afroman,Pop
0AuW7OCyKfFrsMbtHrYgIV,House Of Pain,Pop
34EP7KEpOjXcM2TCat1ISk,Wu-Tang Clan,Hip Hop
4VmEWwd8y9MCLwexFMdpwt,Method Man,Pop
2yQf6b8hxahZaT5dHlWaB1,Raekwon,Pop
4OBbOrkD4geIjOLrICN3wO,Inspectah Deck,Pop
4QTIR7KM0trauXspUNduhh,Buddha Monk,Hip Hop
6O2zJ0tId7g07yzHtX0yap,Mobb Deep,Pop
3CQIn7N5CuRDP8wEI7FiDA,RuD.M.C.,Hip Hop
7Ey4PD4MYsKc5I2dolUwbH,Aerosmith,Pop
3f5fB1YUbkUnW7cf7I0R48,Geto Boys,Pop
1W9qOBYRTfP7HcizWN43G1,Slick Rick,Pop
4iCwCMnqsNZ6atvRiADgtn,RZA,Pop
0G070wUUUBptmqGEKAAUVx,U-God,Pop
6FD0unjzGQhX3b6eMccMJe,Ghostface Killah,Pop
6ns6XAOsw4B0nDUIovAOUO,GZA,Hip Hop
2B4ZHz4QDWJTXPFPgO5peE,Warren G,Pop
20qISvAhX20dpIbOOzGK3q,Nas,Hip Hop
3zNM2tRfTX6LI1lN2PlrTt,Westside Connection,Hip Hop
4P0dddbxPil35MNN9G2MEX,Cypress Hill,Hip Hop
5spEJXLwD1sKUdC2bnOHPg,Bone Thugs-N-Harmony,Pop
26s8LSolLfCIY88ysQbIuT,Three 6 Mafia,Hip Hop
0auu2itHTxEdAMRHvx7CyG,Das EFX,Pop
12mkoe71zJDWs4j0rCeXGR,Lil' Troy,Pop
2MRkO7nyapejkugA9e2OUo,M.C. Mack,Pop
3z3g65U7mmyyBmmDfsQK9x,Luniz,Hip Hop
2FT75iYuWmycqYrXbVD9cn,Michael Marshall,Pop
6evKD5JWJON3qPBJtUEmtY,G-Unit,Pop
50UMTib697JJ44le8DO2Va,Tony Yayo,Hip Hop
4pr7J7wzgObkE3DD3Izi7q,Young Buck,Pop
3vDUJHQtqT3jFRZ2ECXDTi,Lloyd Banks,Hip Hop
3PDMMt0Ip2WHysoAOEAdBq,Ca$his,Pop
31TPClRtHm23RisEBtV3X7,Justin Timberlake,Hip Hop
5Y5TRrQiqgUO4S36tzjIRZ,Timbaland,Hip Hop
6ZLTlhejhndI4Rh53vYhrY,Ozzy Osbourne,Pop
5OrB6Jhhrl9y2PK0pSV4VP,Young Money,Pop
1Xfmvd48oOhEWkscWyEbh9,Lloyd,Hip Hop
6z7xFFHxYkE9t8bwIF0Bvg,Boosie Badazz,Hip Hop
6aIm51fHkokqlJn2vzNTH8,Webbie,Hip Hop
2l6Z31DakUv5Gl9yQPbLEl,Foxx,Pop
3QnIBUOS4mUzs67rZ8r4c9,Lil Phat,Pop
3qnMl4DHT4gndzFAcG4FlM,Kill The Noise,Hip Hop
23rBupd4zSysh9lAzsSFb0,Madsonik,Pop
6jJ0s89eD6GaHleKKya26X,Katy Perry,Pop
0NWbwDZY1VkRqFafuQm6wk,Mike WiLL Made-It,Hip Hop
5YGY8feqx7naU7z4HrwZM6,Miley Cyrus,Hip Hop
21E3waRsmPlU7jZsS13rcj,Ne-Yo,Hip Hop
6B5fQU6gKaq7JPRL4YIg1B,Uncle Charlie Wilson,Hip Hop
4tujQJicOnuZRLiBFdp3Ou,Xzibit,Hip Hop
6NyJIFHAePjHR1pFxwisqz,Kurupt,Hip Hop
3np2OYRZAgI4e6lxeGmGr8,Hittman,Hip Hop
4xko5t5site4jVwopoCF21,Six-Two,Pop
1tqhsYv8yBBdwANFNzHtcr,Lil Dicky,Hip Hop
3GMoVpWJy4smKuxFuFTwXC,Roger,Pop
4d3yvTptO48nOYTPBcPFZC,Eve,Pop
4yiQZ8tQPux8cPriYMWUFP,Gwen Stefani,Pop
6mXlDbi03T8wXYwWYew0Ut,Rich Boy,Pop
0gcDAjaKZIKMdYJoIdrIfR,Polow Da Don,Pop
0QJIPDAEDILuo8AIq3pMuU,M.I.A.,Pop
28ExwzUQsvgJooOI0X1mr3,Jay Rock,Pop
4p07QU02SrLsaORo25h2Lg,Sammie,Pop
3EiPgpJshyfFf6EaUP2b4W,Pras Michel,Pop
5280kTRRRWiimaQiKswmlY,Ol' DB,Hip Hop
6lHL3ubAMgSasKjNqKb8HF,Ma,Hip Hop
1GbrJTB56Xs4XQGlmVbaCf,Savage,Pop
3BeKHKMrAmeL5GkGQKNiFX,I-15,Hip Hop
1XkoF8ryArs86LZvFOkbyr,Mary J. Blige,Hip Hop
1HY2Jd0NmPuamShAr6KMms,Lady Gaga,Pop
7fObcBw9VM3x7ntWKCYl0z,Colby O'Donis,Pop
0EmeFodog0BfCgMzAIvKQp,Shakira,Pop
7aBzpmFXB4WWpPl2F7RjBe,Wyclef Jean,Pop
5pKCCKE2ajJHZ9KAiaK11H,Rihanna,Pop
0fA0VVWsXO9YnASrzqfmYu,Kid Cudi,Hip Hop
3USpNaxpX1iNqNnQWqg9ob,Mack 10,Pop
5h6zIU8cm6UzAaHsjXmNKl,Ms. Toi,Hip Hop
3pbi8H08p95NUZ7m6ybxUV,Static Major,Hip Hop
0Chxmm4XMM87mJOHvyiUzL,Kevin Rudolf,Pop
2wIVse2owClT7go1WT98tk,Missy Elliott,Hip Hop
2NdeV5rLm47xAvogXrYhJX,Ciara,Hip Hop
15GGbJKqC6w0VYyAJtjej6,Fatman Scoop,Hip Hop
5EvFsr3kj42KNv97ZEnqij,Shaggy,Hip Hop
67wCYxOq4A1ohAs7jWYaOJ,Rik Rok,Hip Hop
7r8RF1tN2A4CiGEplkp1oP,Ginuwine,Pop
7dWYWUbO68rXJOcyA7SpJk,Fort Minor,Hip Hop
5bf6yYgHODBW5EreBZshpX,Styles Of Beyond,Pop
4hB4SmzreXMTGWYj7KQ7QN,Rayvon,Pop
3Isy6kedDrgPYoTS1dazA9,Sean Paul,Hip Hop
3KV3p5EY4AvKxOlhGHORLg,Jeremih,Pop
63wjoROpeh5f11Qm93UiJ1,Keri Hilson,Hip Hop
2jw70GZXlAI8QzWeY2bgRc,Nelly Furtado,Hip Hop
1yxSLGMDHlW21z4YXirZDS,Black Eyed Peas,Pop
4TLCPR1sMYoNU1jA7O4uww,D.O.E.,Pop
6vytZ677lz4LzCrUDcDokM,Blu Cantrell,Hip Hop
3AA28KZvwAUcZuOKwyblJQ,Gorillaz,Pop
6LqNN22kT3074XbTVUrhzX,Kesha,Hip Hop
7Dnu2NmddNymEI2LMZVH5v,Sleepy Brown,Pop
3sgFRtyBnxXD5ESfmbK4dl,LMFAO,Hip Hop
6ZhjJOJXXwnPS8PrXdmjLw,UGK,Hip Hop
5cMgGlA1xGyeAB2ctYlRdZ,Gang Starr,Pop
4Otx4bRLSfpah5kX8hdgDC,Naughty By Nature,Pop
09hVIj6vWgoCDtT03h8ZCa,A Tribe Called Quest,Hip Hop
7yk35uHNQclPXFGFoTU44w,The Pharcyde,Hip Hop
55Pp4Ns5VfTSFsBraW7MQy,Skee-Lo,Pop
2WKdxPFRD7IqZvlIAvhMgY,Fugees,Pop
2Mu5NfyYm8n5iTomuKAEHl,Ms. Lauryn Hill,Hip Hop
7wqtxqI3eo7Gn1P7SpP6cQ,Salt-N-Pepa,Pop
33JfM2NgTRFT9wMoQvcv6T,Talent,Pop
0iVrCROxeyon7MZUW3MfzT,Montell Jordan,Hip Hop
2Xu7q46Hf02xOoEIm4E1Qs,Big Pun,Hip Hop
3zTOe1BtyTkwNvYZOxXktX,Joe,Pop
30fiiwr2EeZp1tAhzYCmyM,Big L,Hip Hop
0b2XeWDPeBiLeskT6RFqMb,DJ Quik,Pop
4XqfpACObRB5AsBcUYjL8X,MC Eiht,Hip Hop
4akj4uteQQrrGxhX9Rjuyf,Craig Mack,Hip Hop
1P8IfcNKwrkQP5xJWuhaOC,LL COOL J,Pop
6edzoyx2aOvZpdFeCCWU1t,Rampage,Pop
19KwjzvIL92r29IINtlPNP,Scarface,Hip Hop
0kJMPTXq7h3ztpDukSx5iD,Pras,Hip Hop
2iojnBLj0qIMiKPvVhLnsH,Trey Songz,Pop
5ZS223C6JyBfXasXxrRqOk,Jhen Aiko,Pop
6UBA15slIuadJ8h2lPRPos,Tech N9ne,Hip Hop
1A8NEJYo3VW9aIZ6l55Dgu,Joey Cool,Hip Hop
7vTyZmNA6LC0WRDg7V6yle,King Iso,Hip Hop
1T8S48bD91THNKBByWBDyn,Dwayne Johnson,Hip Hop
12ceFY8dHtc9XsIknO45Pa,Bizzy,Hip Hop
3SEJQy90Vgg1aSnZ9b4AU9,Krizz Kaliko,Pop
4UOlRVifrFdQHW9qu5ep8t,Tech N9ne Collabos,Hip Hop
34HqoZgb2U7YmhPyhJX2Df,Makzilla (816 Boyz),Hip Hop
78nL8LitGR7vO0qp2iZF9E,Kutt Calhoun,Hip Hop
2P3cjUru4H3fhSXXNxE9kA,Blackstreet,Hip Hop
0VbIlorLz3I5SEtIsc5vAr,Queen Pen,Hip Hop
4utLUGcTvOJFr6aqIJtYWV,Skylar Grey,Pop
4fbyGOEjViyE97W58eGEgU,MC Ren,Pop
23Ul4QNOkm2gasKycag0UK,O.G.L.B.,Pop
2LiWxiQzuD9nmWQ6NCA8Gd,B-Real,Hip Hop
1uT0jnwsq3AifrLorG4UDt,Rah Digga,Pop
0mbgkaYR8KNUb5s3s1yYHG,Papoose,Pop
15qg3Tr23aMVGAruYtlMdg,Mike Shorey,Hip Hop
5wBDD4FNJvob5fAGkAIQ92,Lil' Mo,Hip Hop
6wPhSqRtPu1UhRCDX5yaDJ,The Pussycat Dolls,Pop
1BH45DVSTeGBvcYXNCd67g,M.O.P.,Pop
7362Tj1IkoHp7oWveGTf51,Teflon,Pop
7MseR8aIHbFMXzMAkRPCZy,Remi Martin,Hip Hop
6jrgYc3KgJPqieNGFt0O3m,Yaki Kadafi,Pop
7Kk52c4QPzzgXzsrce4rSF,Fatal,Pop
7zICaxnDB9ZprDSiFpvbbW,Master P,Pop
3uISNNuONokIh21KiNharS,Butch Cassidy,Hip Hop
51FyBBOW464toW099BsW8z,Tha Eastsidaz,Hip Hop
0I5HubncQ8E1MFZOlPDY4J,Trinidad James,Pop
5M0lbkGluOPXLeFjApw8r8,DRAM,Pop
67hb7towEyKvt5Z8Bx306c,Empire Of The Sun,Pop
04gDigrS5kc9YWfZHwBETP,Maroon 5,Pop
6hSbppor1AmH9RGzyxOcGT,Chevy Woods,Hip Hop
3hm1hqVd38xKA7iXjVJvo9,Juciy J,Hip Hop
13saZpZnCDWOI9D4IJhp1f,Lily Allen,Hip Hop
6KZDXtSj0SzGOV705nNeh3,Kid Ink,Pop
1l8Fu6IkuTP0U5QetQJ5Xt,Fifth Harmony,Pop
7kFfY4UjNdNyaeUgLIEbIF,DeJ Loaf,Pop
1Wnfj5qZsp8nPsGBBRRa4W,Monty,Pop
5yG7ZAZafVaAlMTeBybKAL,Iggy Azalea,Hip Hop
3tJoFztHeIJkJWMrx0td2f,Moneybagg Yo,Hip Hop
31HjiqargV4NAw4GZqUale,Ace Hood,Hip Hop
19Fi1Rj7kk8kyiwxpXy3yM,August Alsina,Pop
6XyY86QOPPrYVGvF9ch6wz,Linkin Park,Pop
6NzM38IkXdbQsQ4qW9CG7z,Amil,Hip Hop
1zV9UjTUevjp5VUddqIUUn,Mr Hudson,Pop
3QJzdZJYIAcoET1GcfpNGi,Damian Marley,Hip Hop
4R529xQ7WQfRpSEXaHFbRg,InfaRed,Pop
5jj4cGOD1zVS6rWjK9Zzmi,Dre,Hip Hop
2mpeljBig2IXLXRAFO9AAs,Dido,Hip Hop
4AA474G2hRfrHyGrfyDseO,Mozzy,Hip Hop
5jNmxPYz8QE5rYp4GDil8t,Dina Rae,Pop
79Pqjevn76nsm1KiEgWuyS,Eastside Boyz,Hip Hop
3r17AfJCCUqC9Lf0OAc73G,Fergie,Pop
7qG3b048QCHVRO5Pv1T5lw,Enrique Iglesias,Pop
4yt2wdqvcHygghx9iNUb6i,DJ Frank E,Hip Hop
6MF9fzBmfXghAz953czmBC,Taio Cruz,Pop
12FHARd9fY0Tu0ila4Ua25,Trick Daddy,Hip Hop
5nLYd9ST4Cnwy6NHaCxbj8,CeeLo Green,Hip Hop
4PY2b4x0BfB6srqUxCWLPo,Will Lean,Hip Hop
0jslZSHX4gukh5miuzDJPj,Yung Redd,Hip Hop
0PHPjHrN5AXFHtGOEPWH5h,The Clover G's,Pop
2I1bnmb9VQEQGKHxvr0gSf,Da Brat,Pop
7352aRY2mqSxBZwzUb6LmA,Bow Wow,Pop
7yCSZNIAKQFU76UWGU1miJ,The Kid Slim,Hip Hop
7ukrcAW5l9WWpB4vm7gP7C,C. Harris,Pop
2cADQgiLMjNhbsfeN52Bf3,Swizz Beatz,Pop
3ZooCJzNMTLpmJaIRUEorI,Young Dro,Hip Hop
3Y365ZqTf6fJ4ZcRnLKPGt,Gorilla Zoe,Pop
3LDPj7VvzvMY7nNgXQ6Yhy,Big Block,Hip Hop
4Yj490bi1KL0QpDnVOtHyr,Big Moe,Hip Hop
0LFWRTqrlRmWoPZ80K8gZY,"Brandy ""Ms. B"" Hambrick",Hip Hop
27FGXRNruFoOdf1vP8dqcH,Cassie,Pop
3jahzTuztFVegfKXChatkY,Trillville,Hip Hop
3jhkLfgJKRu9Lb0AQd7fkB,Cutty,Hip Hop
5A7d4sfe5ZY1RRf90zlUeo,Crime Mob,Hip Hop
42FIRHOimDjc3uQrjxuEFh,DJ Storm,Hip Hop
1jefvRyDycN96WPOEczPUg,Desert Storm South,Hip Hop
1fQ46lgoUCz8FVXdTVNk0a,Hurricane Chris,Pop
4VwTk6OnuwshfqQlxOv7Xy,Superstarr,Hip Hop
2h1hD8R5Y4eaxsL80EKiPm,Big Poppa,Pop
2UtIeAxtrsrRM0sV7Q8cJm,HollyHood Bay Bay,Pop
2N4EYkIlG1kv25g6Wv8LGI,Killer Mike,Pop
1J6iGa2TNBDCrJzjsnI1a8,Big Pokey,Pop
1grI9x4Uzos1Asx8JmRW6T,Lil' Keke,Pop
01ZpL2TZ4QxYNDLc70RIiT,Ali & Gipp,Pop
7v9bFXCdSMA2o3gS4nvp0F,Pimp C,Hip Hop
26VFTg2z8YR0cCuwLzESi2,Halsey,Hip Hop
6y5amJcTjeDgLXIjtQLMst,SAYGRACE,Pop
2wUjUUtkb5lvLKcGKsKqsR,Alessia Cara,Hip Hop
6LuN9FCkKOj5PcnpouEgny,Khalid,Hip Hop
4q3ewBCX7sLwd24euuV69X,Bad Bunny,Hip Hop
1vyhD5VmyZ7KMfW5gqLgo5,J Balvin,Pop
5T0MSzX9RC5NA6gAI6irSn,Estelle,Pop
7u6LfVyYpEzMpHLL7jTyvU,Dwele,Pop
1lE6SEy8f84Zhjvp7r8yTD,Syleena Johnson,Hip Hop
01QTIT5P1pFP3QnnFSdsJf,Lupe Fiasco,Pop
2MGT7CYlixSPxAnnkhLpaA,Next,Pop
3ufE7FlElQOONgUc47xWqC,Asher Roth Prod. By Kanye West,Hip Hop
2GHclqNVjqGuiE5mA7BEoc,Common,Hip Hop
7FAkzV0YOw0EIXFhmY4RE3,Jermaine Stewart,Hip Hop
18cKAvtug3pr3IFCRyOaTc,Calimar White,Pop
6f4XkbvYlXMH0QgVRzW0sM,Waka Flocka Flame,Pop
0bfX8pF8kuHNCs57Ms4jZb,Roscoe Dash,Pop
67nwj3Y5sZQLl72VNUHEYE,Wale,Hip Hop
6TIYQ3jFPwQSRmorSezPxX,mgk,Pop
2cFrymmkijnjDg9SS92EPM,blackbear,Hip Hop
7uaIm6Pw7xplS8Dy06V6pT,Trevor Daniel,Hip Hop
3b8QkneNDz4JHKKKlLgYZg,Florida Georgia Line,Hip Hop
1uU7g3DNSbsu0QjSEqZtEd,Masked Wolf,Hip Hop
2NjfBq1NflQcKSeiDooVjY,Tones And I,Pop
3tVQdUvClmAT7URs9V3rsp,Wizkid,Hip Hop
77DAFfvm3O9zT5dIoG0eIO,Kyla,Hip Hop
09LlecobtUel9NZrpJnHVr,The Crooklyn Clan,Pop
0LlPal5iJGcCWwZp8VefVs,City High,Hip Hop
6x9QLdzo6eBZxJ1bHsDkjg,Sisqo,Hip Hop
58Dx4HPzeOO3dbpD9YYEes,2 LIVE CREW,Pop
7qeBsFLeNEuzrDhDMbnDwF,69 Boyz,Pop
36HvjE9pV91jEjO1qBRidS,B.G.,Pop
2zFZiWQJFFshzojycnXoTL,Bell Biv DeVoe,Pop
62sPt3fswraiEPnKQpAbdE,Bobby Brown,Pop
6O74knDqdv3XaWtkII7Xjp,Boyz II Men,Pop
36eSjIksD6fehqxyDUHDA3,Chris Rock,Pop
1Y8cdNmUJH7yBTd9yOvr5i,Destiny's Child,Pop
7jocoSCuCtpCxCI6IbP8ye,Digital Underground,Hip Hop
1mG23iQeR29Ojhq89D5gbh,DJ Jazzy Jeff & The Fresh Prince,Pop
1SWGyp2nxNSyQkRX1eqoUp,DJ Kool,Pop
5fikk4h5qbEebqK2Fc6e48,En Vogue,Pop
0LthCv77K8NqLKr8B6266a,Freak Nasty,Pop
4JbmXqez7WvTggoxn3UpVT,Ghost Town DJs,Hip Hop
1VJspRsoC6c0bvqhnSiFCs,Ini Kamoze,Pop
0rlS0SzVFk8BoiAW0fGBbN,Salaam Remi,Hip Hop
2zrZfs23sjuHDv4E6YRmNf,Kris Kross,Hip Hop
2rblp9fJo16ZPTcKDtlmKW,MC Hammer,Hip Hop
6x6uPE0uEpYM8Se3v7kR3H,Saja,Hip Hop
1HvYwEbfOUhm2F4g9nH0vP,Joey Galaxy,Pop
5NcqAwqk3mELiNyKfGjajY,Shawt Dawg,Hip Hop
3sMYEBy0CZFxedcnm9i9hf,Frankie J,Pop
31IZdHrCZ5pRhLz4zBxN3o,Riff Raff,Hip Hop
4xZDgDbs4eQcpauHyyip0I,Dirt Nasty,Pop
78H9JWwoJyLPkwYylZkmtF,Andy Milonakis,Hip Hop
3Vr9XbwWLsVhiVsyRE9OTn,Three Loco,Pop
5gj8E4JhsoEQDAR5fzXwKk,Greekgodx,Hip Hop
46lnlnlU0dXTDpoAUmH6Qx,Lou Bega,Hip Hop
2YOYua8FpudSEiB9s88IgQ,Yung Gravy,Pop
56oDRnqbIiwx4mymNEv7dS,Lizzo,Pop
1kwi1Q7X4jPTkHTgayxKhS,Alonestar,Pop
0hfAzw4HfebJxXuLgICOnV,Jethro Sheeran,Pop
2W8yFh0Ga6Yf3jiayVxwkE,Dove Cameron,Pop
6s22t5Y3prQHyaHWUN1R1C,AJR,Pop
1aSxMhuvixZ8h9dK9jIDwL,Kate Bush,Pop
6eKnu1zdyGFkN9Jk5bbgcd,Boote Gang,Pop
5Y8EphH8Vdqu5SLj6K5vjj,Tone-Loc,Hip Hop
6quCxsPM8fOxowmqOx5j93,Dylan Sitts,Hip Hop
7nE3HHVn8oM8s3kA6cbL8O,HDBeenDope,Hip Hop
1wUmdemiR9Dxw8A2el365A,Stalley,Hip Hop
3y24n3XhZ96wgwRXjvS17T,Coolio,Pop
2LhsePRtgCo4THVKULQBL7,L.V.,Hip Hop
72bxObYyl8z5bNQ2XVM6nO,G-Lu,Hip Hop
2fMoLS93nKWG1pXcVR4SzA,Goast,Hip Hop
5sWHDYs0csV6RS48xBl0tH,Two Feet,Hip Hop
1wgA2r904nqkOgBk3QU4S4,Mr. Bigg,Pop
33C3ByGk9NCrjTIXr6npqf,Lyfe Jennings,Pop
22wbnEMDvgVIAGdFeek6ET,Benson Boone,Hip Hop
1VPmR4DJC1PlOtd0IADAO0,$uicideboy$,Hip Hop
2wY79sveU1sp5g7SokKOiI,Sam Smith,Pop
3Xt3RrJMFv5SZkCfUE8C1J,Kim Petras,Pop
7AgS2ycsLUG0NPTY1AAboT,Mark Mendy,Pop
4lFWNwqQbywI4qCQ9PeL7V,Sb Mont,Pop
3PhoLpVuITZKcymswpck5b,Elton John,Pop
6M2wZ9GZgrQXHCFfjv46we,Dua Lipa,Pop
6n28c9qs9hNGriNa72b26u,PNAU,Pop
1McMsnEElThX1knmY4oliG,Olivia Rodrigo,Hip Hop
2VSHKHBTiXWplO8lxcnUC9,GAYLE,Hip Hop
66CXWjxzNUsdJxJ2JdwvnR,Ariana Grande,Pop
6KImCVD70vtIoJWnq6nGn3,Harry Styles,Pop
7tYKF4w9nC0nq9CsPZTHyP,SZA,Hip Hop
7n2wHs1TKAczGzO7Dd2rGr,Shawn Mendes,Pop
4nDoRrQiYLoBzwC5BhVJzF,Camila Cabello,Hip Hop
20JZFwl6HVl6yg8a4H3ZqK,Panic! At The Disco,Pop
6eUKZXaKkcviH0Ku9w2n3V,Ed Sheeran,Pop
69GGBxA162lTqCwzJG5jLp,The Chainsmokers,Hip Hop
20s0P9QLxGqKuCsGwFsp7w,Mario,Pop
4UXqAaa6dQYAk18Lv7PEgX,Fall Out Boy,Hip Hop
3FUY2gzHeIiaesXtOAdB7A,Train,Pop
5y2Xq6xcjJb2jVM54GHK3t,John Legend,Pop
0DxeaLnv6SyYk2DOqkLO8c,MAGIC!,Pop
7hxNTCg7hYSsqx9uLeBdBV,Forgiato Blow,Pop
10eviO408OwjmBlm05Vi1g,Bezz Believe,Pop
21O7WwRkik43ErKppxDKJq,Lil Wyte,Pop
4kKaAWGdu6WW0W415RWaQA,South Park Mexican,Hip Hop
3IJ21966TwNZI24MwZHMu4,Baby Tate,Pop
0dlDsD7y6ccmDm8tuWCU6F,Freddie Dredd,Pop
7I3bkknknQkIiatWiupQgD,Beach Weather,Hip Hop
25uiPmTg16RbhZWAqwLBy5,Charli XCX,Hip Hop
5CCwRZC6euC8Odo6y9X8jr,Rita Ora,Hip Hop
26dSoYclwsYLMAKD3tpOr4,Britney Spears,Pop
698hF4vcwHwPy8ltmXermq,Far East Movement,Hip Hop
7C64wNX3howEFZjAYRKsfP,The Cataracs,Pop
7Ip2u3e5Nv6fFb5xyIHxEE,DEV,Pop
2jLE4BoXHriQ96JagEtiDP,Lauren Bennett,Hip Hop
53sIBaVjXQhfH89Vu6nEGh,GoonRock,Pop
5WUlDfRSoLAfcVSX1WnrxN,Sia,Pop
6S0dmVVn4udvppDhZIWxCr,Sean Kingston,Pop
4IJczjB0fJ04gs4uvP0Fli,Gym Class Heroes,Pop
4bYPcJP5jwMhSivRcqie2n,Adam Levine,Pop
2KsP6tYLJlTBvSUxnwlVWa,Mike Posner,Pop
5iNrZmtVMtYev5M9yoWpEq,Seeb,Hip Hop
1Bo8Afb2Qbjs4x6kJHyjle,Gigamesh,Pop
40giwFcTQtv9ezxW8yqxJU,Chiddy Bang,Pop
6f0hUHWLOCxCSDQMtdVAS7,Shwayze,Pop
23apFYuBTpFemqLDn8ViLW,Cisco Adler,Pop
1ZKqrja0WvbSssYNFO3lzs,New Boyz,Pop
6gbGGM0E8Q1hE511psqxL0,Ray J,Hip Hop
0awl5piYwO0CDTHEkCjUhn,Nico & Vinz,Pop
7o9Nl7K1Al6NNAHX6jn6iG,Travie McCoy,Hip Hop
25hbSOMmbhgqvonjC876UJ,Aer,Pop
1wgY8huggK60P5nvYrwcYT,Asher Roth,Pop
1gwTohHbTpE3qdPyDvnOEu,The Holdup,Pop
546WiMGysEqWZTzP8hJvB2,Mickey Avalon,Pop
6lLYZf9GpSq6Pf09g2N2xK,Wreckx-N-Effect,Pop
7zgtJuRm0JcJpPQRjCgXT7,N2DEEP,Hip Hop
3TQ9JTBI2n2hfo7aRONEYV,Sir Mix-A-Lot,Hip Hop
3NfJ6VPVz0lf3jWy5F1N7g,Tag Team,Hip Hop
10Khz9BDdDT2mzm3330Cvu,Onyx,Hip Hop
49AG5IHkJj7M5faSOVGVAW,Finatticz,Hip Hop
4MIULe6tfg2loNzBy5B9eu,T-Wayne,Pop
3aGFCoR8xGN6DKwvdzeSja,ILOVEMAKONNEN,Hip Hop
1EeArivTpzLNCqubV95255,Cali Swag District,Pop
7juKTDFlPesGeWQ1GmjmOv,Silent,Pop
27mFvqQj8KpjmdKIqcw1mG,Ayo & Teo,Hip Hop
6eBYLQONaYZhZNAVK061t6,Nina Sky,Pop
3cbRMYnjXAwJYNzxy291JY,Jabba,Pop
4USNIVeRwXIAdbVSTqelbh,Jibbs,Pop
76RrKpsvOmSKG8CIjROdSG,MiMS,Hip Hop
2B4ZTS4hFT3IrUFVPHjEmL,Brooke Hogan,Hip Hop
36ikBJX6oQWWlgrXCock30,Lady Sovereign,Pop
3v3clM1KQgVfpPjKJFPAmx,SHOP BOYZ,Pop
4gwpcMTbLWtBUlOijbVpuu,Capital Cities,Hip Hop
1VBflYyxBhnDc9uVib98rw,Icona Pop,Hip Hop
25fqWEebq6PoiGQIHIrdtv,Baauer,Pop
3GsIlcwgQDJVjHD82mbA0Z,iLoveMemphis,Pop
4u5smJBskI6Adzv08PuiUP,Kiiara,Hip Hop
2AXQzJRDvlJrq0fiVAnRy8,Lil' Romeo,Pop
3q7isf09BuwXLyR2khBs60,Khia,Pop
4jWGfUCFeTu5e0wprRhHXR,Big Tymers,Hip Hop
