postid,tagid
0,Happy
1,Party
2,Love
3,Sad
4,Party
5,Sad
6,Love
7,Loud
8,Hype
9,Sad
10,Hype
11,Love
12,Hype
13,Angry
14,Sad
15,Love
16,Loud
17,Loud
18,Loud
19,Hype
20,Love
21,Loud
22,Happy
23,Happy
24,Party
25,Loud
26,Sad
27,Hype
28,Sad
29,Party
30,Party
31,Loud
32,Hype
33,Loud
34,Love
35,Party
36,Angry
37,Sad
38,Loud
39,Happy
40,Loud
41,Hype
42,Loud
43,Happy
44,Hype
45,Happy
46,Love
47,Sad
48,Sad
49,Hype
50,Hype
51,Party
52,Angry
53,Love
54,Angry
55,Sad
56,Happy
57,Love
58,Party
59,Loud
60,Sad
61,Hype
62,Hype
63,Hype
64,Love
65,Party
66,Loud
67,Loud
68,Loud
69,Hype
70,Hype
71,Love
72,Love
73,Sad
74,Happy
75,Angry
76,Angry
77,Party
78,Loud
79,Loud
80,Sad
81,Loud
82,Loud
83,Love
84,Love
85,Loud
86,Love
87,Loud
88,Loud
89,Happy
90,Happy
91,Party
92,Party
93,Loud
94,Sad
95,Happy
96,Loud
97,Happy
98,Loud
99,Party
100,Party
101,Hype
102,Sad
103,Loud
104,Happy
105,Party
106,Hype
107,Party
108,Sad
109,Loud
110,Angry
111,Loud
112,Hype
113,Sad
114,Love
115,Love
116,Hype
117,Happy
118,Loud
119,Sad
120,Party
121,Party
122,Loud
123,Party
124,Party
125,Angry
126,Party
127,Happy
128,Party
129,Angry
130,Hype
131,Sad
132,Party
133,Sad
134,Angry
135,Party
136,Angry
137,Party
138,Happy
139,Hype
140,Angry
141,Happy
142,Hype
143,Party
144,Hype
145,Party
146,Loud
147,Party
148,Hype
149,Sad
150,Party
151,Happy
152,Party
153,Happy
154,Happy
155,Hype
156,Sad
157,Angry
158,Hype
159,Angry
160,Angry
161,Loud
162,Love
163,Party
164,Happy
165,Angry
166,Party
167,Party
168,Angry
169,Loud
170,Loud
171,Sad
172,Loud
173,Hype
174,Loud
175,Angry
176,Love
177,Angry
178,Hype
179,Loud
180,Party
181,Hype
182,Happy
183,Angry
184,Love
185,Party
186,Hype
187,Sad
188,Sad
189,Love
190,Angry
191,Loud
192,Angry
193,Loud
194,Sad
195,Party
196,Love
197,Angry
198,Party
199,Hype
200,Loud
201,Love
202,Angry
203,Angry
204,Loud
205,Angry
206,Love
207,Angry
208,Angry
209,Love
210,Party
211,Loud
212,Sad
213,Angry
214,Happy
215,Love
216,Loud
217,Sad
218,Angry
219,Angry
220,Angry
221,Party
222,Party
223,Party
224,Happy
225,Love
226,Sad
227,Sad
228,Angry
229,Hype
230,Love
231,Loud
232,Loud
233,Happy
234,Loud
235,Angry
236,Happy
237,Love
238,Angry
239,Loud
240,Party
241,Love
242,Love
243,Hype
244,Party
245,Hype
246,Angry
247,Party
248,Loud
249,Angry
250,Loud
251,Angry
252,Angry
253,Love
254,Party
255,Angry
256,Loud
257,Hype
258,Love
259,Happy
260,Hype
261,Hype
262,Sad
263,Happy
264,Loud
265,Angry
266,Love
267,Loud
268,Happy
269,Love
270,Sad
271,Sad
272,Sad
273,Party
274,Love
275,Angry
276,Angry
277,Love
278,Hype
279,Party
280,Party
281,Happy
282,Party
283,Happy
284,Party
285,Party
286,Love
287,Happy
288,Hype
289,Angry
290,Happy
291,Love
292,Party
293,Happy
294,Love
295,Happy
296,Happy
297,Hype
298,Hype
299,Angry
300,Happy
301,Love
302,Sad
303,Party
304,Sad
305,Angry
306,Party
307,Happy
308,Party
309,Hype
310,Party
311,Angry
312,Happy
313,Loud
314,Hype
315,Loud
316,Hype
317,Sad
318,Happy
319,Angry
320,Hype
321,Hype
322,Angry
323,Hype
324,Sad
325,Loud
326,Party
327,Loud
328,Sad
329,Sad
330,Party
331,Angry
332,Happy
333,Party
334,Happy
335,Loud
336,Angry
337,Hype
338,Sad
339,Sad
340,Party
341,Love
342,Happy
343,Happy
344,Happy
345,Love
346,Hype
347,Happy
348,Hype
349,Happy
350,Hype
351,Party
352,Happy
353,Happy
354,Happy
355,Party
356,Angry
357,Happy
358,Happy
359,Loud
360,Happy
361,Sad
362,Party
363,Hype
364,Loud
365,Love
366,Loud
367,Loud
368,Sad
369,Sad
370,Sad
371,Hype
372,Angry
373,Angry
374,Sad
375,Angry
376,Loud
377,Love
378,Sad
379,Party
380,Sad
381,Party
382,Hype
383,Sad
384,Sad
385,Angry
386,Loud
387,Hype
388,Loud
389,Angry
390,Loud
391,Hype
392,Hype
393,Party
394,Happy
395,Hype
396,Angry
397,Love
398,Loud
399,Party
400,Happy
401,Sad
402,Loud
403,Happy
404,Hype
405,Happy
406,Love
407,Angry
408,Sad
409,Loud
410,Happy
411,Loud
412,Love
413,Angry
414,Happy
415,Loud
416,Party
417,Happy
418,Happy
419,Happy
420,Hype
421,Love
422,Party
423,Angry
424,Loud
425,Sad
426,Sad
427,Love
428,Hype
429,Sad
430,Party
431,Love
432,Hype
433,Sad
434,Hype
435,Party
436,Loud
437,Love
438,Sad
439,Hype
440,Party
441,Happy
442,Happy
443,Party
444,Angry
445,Party
446,Love
447,Party
448,Party
449,Angry
450,Happy
451,Angry
452,Hype
453,Love
454,Love
455,Loud
456,Party
457,Happy
458,Angry
459,Sad
460,Happy
461,Loud
462,Hype
463,Angry
464,Hype
465,Sad
466,Sad
467,Sad
468,Love
469,Party
470,Sad
471,Sad
472,Sad
473,Hype
474,Hype
475,Sad
476,Loud
477,Sad
478,Love
479,Sad
480,Sad
481,Happy
482,Angry
483,Hype
484,Sad
485,Party
486,Hype
487,Love
488,Party
489,Angry
490,Happy
491,Loud
492,Party
493,Love
494,Happy
495,Angry
496,Love
497,Loud
498,Loud
499,Angry
500,Angry
501,Sad
502,Hype
503,Love
504,Angry
505,Loud
506,Party
507,Hype
508,Loud
509,Angry
510,Hype
511,Loud
512,Party
513,Angry
514,Sad
515,Love
516,Party
517,Party
518,Sad
519,Hype
520,Hype
521,Loud
522,Party
523,Hype
524,Loud
525,Happy
526,Loud
527,Hype
528,Hype
529,Hype
530,Hype
531,Angry
532,Party
533,Love
534,Sad
535,Love
536,Love
537,Love
538,Angry
539,Party
540,Angry
541,Love
542,Sad
543,Sad
544,Sad
545,Angry
546,Angry
547,Love
548,Party
549,Sad
550,Hype
551,Sad
552,Party
553,Loud
554,Loud
555,Angry
556,Sad
557,Happy
558,Hype
559,Angry
560,Loud
561,Sad
562,Angry
563,Sad
564,Angry
565,Hype
566,Sad
567,Angry
568,Love
569,Hype
570,Happy
571,Angry
572,Loud
573,Angry
574,Angry
575,Loud
576,Hype
577,Party
578,Sad
579,Sad
580,Angry
581,Happy
582,Hype
583,Party
584,Love
585,Angry
586,Love
587,Loud
588,Party
589,Sad
590,Hype
591,Sad
592,Loud
593,Angry
594,Hype
595,Happy
596,Sad
597,Angry
598,Sad
599,Party
600,Sad
601,Happy
602,Sad
603,Love
604,Angry
605,Party
606,Loud
607,Hype
608,Loud
609,Hype
610,Party
611,Love
612,Happy
613,Party
614,Happy
615,Happy
616,Love
617,Hype
618,Loud
619,Happy
620,Love
621,Loud
622,Sad
623,Party
624,Loud
625,Love
626,Sad
627,Sad
628,Sad
629,Loud
630,Love
631,Party
632,Sad
633,Sad
634,Party
635,Happy
636,Love
637,Party
638,Happy
639,Happy
640,Sad
641,Sad
642,Love
643,Hype
644,Angry
645,Happy
646,Love
647,Hype
648,Hype
649,Loud
650,Angry
651,Loud
652,Loud
653,Sad
654,Loud
655,Sad
656,Party
657,Party
658,Angry
659,Loud
660,Angry
661,Party
662,Hype
663,Angry
664,Happy
665,Party
666,Loud
667,Loud
668,Hype
669,Party
670,Hype
671,Love
672,Angry
673,Sad
674,Happy
675,Angry
676,Happy
677,Party
678,Happy
679,Love
680,Angry
681,Sad
682,Angry
683,Angry
684,Loud
685,Loud
686,Love
687,Sad
688,Loud
689,Angry
690,Sad
691,Loud
692,Loud
693,Hype
694,Love
695,Angry
696,Love
697,Happy
698,Angry
699,Angry
700,Angry
701,Sad
702,Sad
703,Love
704,Angry
705,Sad
706,Angry
707,Hype
708,Party
709,Party
710,Happy
711,Sad
712,Love
713,Hype
714,Sad
715,Sad
716,Loud
717,Love
718,Loud
719,Happy
720,Angry
721,Love
722,Hype
723,Happy
724,Angry
725,Party
726,Happy
727,Loud
728,Party
729,Hype
730,Love
731,Angry
732,Sad
733,Angry
734,Hype
735,Angry
736,Hype
737,Party
738,Loud
739,Angry
740,Loud
741,Happy
742,Loud
743,Hype
744,Party
745,Hype
746,Loud
747,Party
748,Sad
749,Party
750,Sad
751,Love
752,Sad
753,Love
754,Hype
755,Hype
756,Party
757,Angry
758,Party
759,Angry
760,Hype
761,Happy
762,Loud
763,Hype
764,Angry
765,Sad
766,Happy
767,Happy
768,Loud
769,Party
770,Love
771,Angry
772,Angry
773,Hype
774,Hype
775,Happy
776,Hype
777,Happy
778,Party
779,Loud
780,Hype
781,Happy
782,Love
783,Sad
784,Love
785,Loud
786,Sad
787,Party
788,Hype
789,Happy
790,Sad
791,Angry
792,Hype
793,Happy
794,Sad
795,Loud
796,Angry
797,Angry
798,Love
799,Party
800,Angry
801,Loud
802,Party
803,Angry
804,Loud
805,Sad
806,Hype
807,Loud
808,Sad
809,Party
810,Loud
811,Angry
812,Happy
813,Hype
814,Happy
815,Party
816,Sad
817,Loud
818,Loud
819,Party
820,Happy
821,Angry
822,Angry
823,Angry
824,Love
825,Sad
826,Angry
827,Love
828,Loud
829,Angry
830,Sad
831,Party
832,Sad
833,Angry
834,Hype
835,Loud
836,Sad
837,Happy
838,Sad
839,Loud
840,Loud
841,Love
842,Hype
843,Angry
844,Angry
845,Loud
846,Hype
847,Angry
848,Party
849,Happy
850,Sad
851,Sad
852,Happy
853,Loud
854,Love
855,Party
856,Angry
857,Hype
858,Hype
859,Loud
860,Sad
861,Angry
862,Sad
863,Party
864,Love
865,Party
866,Happy
867,Loud
868,Happy
869,Happy
870,Party
871,Happy
872,Love
873,Hype
874,Angry
875,Loud
876,Loud
877,Angry
878,Loud
879,Loud
880,Loud
881,Sad
882,Happy
883,Angry
884,Sad
885,Love
886,Loud
887,Angry
888,Love
889,Party
890,Sad
891,Angry
892,Party
893,Hype
894,Loud
895,Love
896,Love
897,Happy
898,Party
899,Party
900,Happy
901,Love
902,Happy
903,Happy
904,Angry
905,Happy
906,Angry
907,Love
908,Angry
909,Party
910,Party
911,Happy
912,Angry
913,Angry
914,Angry
915,Happy
916,Love
917,Sad
918,Loud
919,Hype
920,Loud
921,Angry
922,Angry
923,Sad
924,Sad
925,Sad
926,Loud
927,Sad
928,Happy
929,Sad
930,Happy
931,Loud
932,Hype
933,Sad
934,Loud
935,Party
936,Love
937,Loud
938,Angry
939,Loud
940,Party
941,Love
942,Love
943,Love
944,Happy
945,Angry
946,Loud
947,Loud
948,Sad
949,Loud
950,Hype
951,Party
952,Sad
953,Love
954,Angry
955,Sad
956,Party
957,Sad
958,Angry
959,Hype
960,Party
961,Sad
962,Love
963,Love
964,Love
965,Party
966,Hype
967,Angry
968,Hype
969,Hype
970,Love
971,Hype
972,Loud
973,Party
974,Loud
975,Loud
976,Happy
977,Happy
978,Loud
979,Sad
980,Hype
981,Sad
982,Sad
983,Party
984,Love
985,Loud
986,Hype
987,Loud
988,Sad
989,Hype
990,Hype
991,Sad
992,Hype
993,Happy
994,Angry
995,Party
996,Angry
997,Sad
998,Loud
999,Love
1000,Sad
1001,Happy
1002,Loud
1003,Sad
1004,Sad
1005,Loud
1006,Sad
1007,Love
1008,Hype
1009,Party
1010,Happy
1011,Hype
1012,Party
1013,Sad
1014,Happy
1015,Hype
1016,Party
1017,Sad
1018,Love
1019,Happy
1020,Hype
1021,Party
1022,Angry
1023,Loud
1024,Party
1025,Hype
1026,Sad
1027,Party
1028,Love
1029,Angry
1030,Love
1031,Sad
1032,Loud
1033,Loud
1034,Love
1035,Party
1036,Sad
1037,Loud
1038,Happy
1039,Angry
1040,Hype
1041,Angry
1042,Love
1043,Hype
1044,Hype
1045,Hype
1046,Loud
1047,Happy
1048,Hype
1049,Hype
1050,Love
1051,Party
1052,Loud
1053,Love
1054,Loud
1055,Hype
1056,Loud
1057,Love
1058,Angry
1059,Party
1060,Happy
1061,Party
1062,Love
1063,Sad
1064,Happy
1065,Hype
1066,Happy
1067,Party
1068,Happy
1069,Happy
1070,Party
1071,Hype
1072,Party
1073,Loud
1074,Happy
1075,Love
1076,Party
1077,Sad
1078,Sad
1079,Sad
1080,Happy
1081,Happy
1082,Sad
1083,Hype
1084,Loud
1085,Sad
1086,Party
1087,Sad
1088,Happy
1089,Angry
1090,Party
1091,Angry
1092,Sad
1093,Sad
1094,Love
1095,Party
1096,Sad
1097,Angry
1098,Party
1099,Sad
1100,Party
1101,Loud
1102,Loud
1103,Love
1104,Love
1105,Party
1106,Angry
1107,Happy
1108,Sad
1109,Party
1110,Sad
1111,Love
1112,Sad
1113,Loud
1114,Hype
1115,Angry
1116,Loud
1117,Party
1118,Party
1119,Hype
1120,Angry
1121,Angry
1122,Loud
1123,Hype
1124,Love
1125,Happy
1126,Happy
1127,Happy
1128,Sad
1129,Love
1130,Loud
1131,Party
1132,Happy
1133,Love
1134,Sad
1135,Loud
1136,Sad
1137,Love
1138,Hype
1139,Happy
1140,Happy
1141,Hype
1142,Loud
1143,Angry
1144,Love
1145,Hype
1146,Hype
1147,Party
1148,Angry
1149,Hype
1150,Love
1151,Party
1152,Loud
1153,Happy
1154,Love
1155,Love
1156,Party
1157,Love
1158,Happy
1159,Loud
1160,Hype
1161,Love
1162,Happy
1163,Love
1164,Loud
1165,Love
1166,Party
1167,Sad
1168,Angry
1169,Happy
1170,Angry
1171,Angry
1172,Loud
1173,Party
1174,Love
1175,Hype
1176,Happy
1177,Sad
1178,Angry
1179,Love
1180,Sad
1181,Love
1182,Angry
1183,Party
1184,Sad
1185,Party
1186,Sad
1187,Angry
1188,Loud
1189,Loud
1190,Party
1191,Party
1192,Hype
1193,Love
1194,Party
1195,Sad
1196,Happy
1197,Angry
1198,Sad
1199,Sad
1200,Happy
1201,Loud
1202,Hype
1203,Sad
1204,Sad
1205,Party
1206,Happy
1207,Love
1208,Sad
1209,Happy
1210,Happy
1211,Angry
1212,Happy
1213,Love
1214,Sad
1215,Angry
1216,Party
1217,Sad
1218,Party
1219,Hype
1220,Angry
1221,Hype
1222,Loud
1223,Love
1224,Party
1225,Angry
1226,Party
1227,Party
1228,Hype
1229,Love
1230,Loud
1231,Loud
1232,Sad
1233,Happy
1234,Love
1235,Angry
1236,Happy
1237,Party
1238,Love
1239,Angry
1240,Happy
1241,Happy
1242,Sad
1243,Sad
1244,Sad
1245,Loud
1246,Loud
1247,Love
1248,Happy
1249,Sad
1250,Party
1251,Loud
1252,Happy
1253,Love
1254,Loud
1255,Happy
1256,Party
1257,Happy
1258,Loud
1259,Sad
1260,Sad
1261,Angry
1262,Sad
1263,Loud
1264,Angry
1265,Sad
1266,Party
1267,Hype
1268,Hype
1269,Love
1270,Party
1271,Happy
1272,Party
1273,Happy
1274,Hype
1275,Angry
1276,Hype
1277,Party
1278,Sad
1279,Angry
1280,Loud
1281,Loud
1282,Loud
1283,Hype
1284,Love
1285,Party
1286,Party
1287,Love
1288,Love
1289,Happy
1290,Love
1291,Party
1292,Loud
1293,Hype
1294,Party
1295,Love
1296,Loud
1297,Sad
1298,Love
1299,Loud
1300,Happy
1301,Sad
1302,Sad
1303,Loud
1304,Hype
1305,Hype
1306,Happy
1307,Angry
1308,Happy
1309,Happy
1310,Party
1311,Sad
1312,Angry
1313,Loud
1314,Angry
1315,Angry
1316,Party
1317,Hype
1318,Happy
1319,Sad
1320,Party
1321,Hype
1322,Happy
1323,Hype
1324,Angry
1325,Happy
1326,Hype
1327,Angry
1328,Party
1329,Sad
1330,Loud
1331,Happy
1332,Hype
1333,Happy
1334,Sad
1335,Party
1336,Angry
1337,Love
1338,Love
1339,Angry
1340,Angry
1341,Party
1342,Loud
1343,Hype
1344,Happy
1345,Loud
1346,Party
1347,Loud
1348,Hype
1349,Angry
1350,Angry
1351,Happy
1352,Angry
1353,Party
1354,Angry
1355,Sad
1356,Party
1357,Love
1358,Hype
1359,Sad
1360,Love
1361,Hype
1362,Loud
1363,Loud
1364,Angry
1365,Party
1366,Loud
1367,Angry
1368,Party
1369,Loud
1370,Sad
1371,Angry
1372,Love
1373,Happy
1374,Love
1375,Sad
1376,Loud
1377,Loud
1378,Hype
1379,Loud
1380,Sad
1381,Angry
1382,Happy
1383,Party
1384,Hype
1385,Loud
1386,Happy
1387,Hype
1388,Hype
1389,Sad
1390,Love
1391,Angry
1392,Love
1393,Angry
1394,Sad
1395,Happy
1396,Party
1397,Party
1398,Love
1399,Happy
1400,Loud
1401,Party
1402,Angry
1403,Loud
1404,Sad
1405,Angry
1406,Angry
1407,Party
1408,Happy
1409,Love
1410,Love
1411,Angry
1412,Party
1413,Angry
1414,Sad
1415,Party
1416,Party
1417,Sad
1418,Party
1419,Loud
1420,Sad
1421,Happy
1422,Angry
1423,Happy
1424,Angry
1425,Angry
1426,Hype
1427,Love
1428,Loud
1429,Sad
1430,Happy
1431,Happy
1432,Hype
1433,Hype
1434,Loud
1435,Angry
1436,Party
1437,Hype
1438,Love
1439,Hype
1440,Party
1441,Loud
1442,Hype
1443,Loud
1444,Love
1445,Hype
1446,Love
1447,Happy
1448,Loud
1449,Love
1450,Hype
1451,Happy
1452,Party
1453,Sad
1454,Hype
1455,Loud
1456,Sad
1457,Party
1458,Happy
1459,Sad
1460,Loud
1461,Sad
1462,Happy
1463,Hype
1464,Angry
1465,Sad
1466,Love
1467,Angry
1468,Party
1469,Sad
1470,Love
1471,Happy
1472,Hype
1473,Angry
1474,Loud
1475,Party
1476,Angry
1477,Sad
1478,Hype
1479,Love
1480,Happy
1481,Party
1482,Happy
1483,Happy
1484,Sad
1485,Angry
1486,Sad
1487,Loud
1488,Love
1489,Angry
1490,Loud
1491,Hype
1492,Sad
1493,Love
1494,Hype
1495,Angry
1496,Party
1497,Love
1498,Happy
1499,Party
1500,Happy
1501,Love
1502,Party
1503,Angry
1504,Happy
1505,Loud
1506,Sad
1507,Loud
1508,Loud
1509,Hype
1510,Love
1511,Loud
1512,Hype
1513,Loud
1514,Hype
1515,Angry
1516,Love
1517,Sad
1518,Loud
1519,Party
1520,Party
1521,Angry
1522,Party
1523,Loud
1524,Hype
1525,Happy
1526,Love
1527,Angry
1528,Angry
1529,Sad
1530,Angry
1531,Sad
1532,Angry
1533,Sad
1534,Happy
1535,Love
1536,Party
1537,Party
1538,Hype
1539,Loud
1540,Hype
1541,Happy
1542,Loud
1543,Loud
1544,Loud
1545,Party
1546,Party
1547,Sad
1548,Happy
1549,Party
1550,Sad
1551,Happy
1552,Happy
1553,Happy
1554,Happy
1555,Hype
1556,Angry
1557,Happy
1558,Hype
1559,Sad
1560,Happy
1561,Happy
1562,Hype
1563,Hype
1564,Hype
1565,Party
1566,Party
1567,Happy
1568,Happy
1569,Happy
1570,Happy
1571,Party
1572,Love
1573,Sad
1574,Hype
1575,Happy
1576,Love
1577,Hype
1578,Hype
1579,Love
1580,Happy
1581,Sad
1582,Sad
1583,Happy
1584,Angry
1585,Party
1586,Hype
1587,Happy
1588,Loud
1589,Party
1590,Loud
1591,Angry
1592,Happy
1593,Love
1594,Angry
1595,Loud
1596,Sad
1597,Happy
1598,Sad
1599,Sad
1600,Hype
1601,Love
1602,Angry
1603,Hype
1604,Hype
1605,Party
1606,Angry
1607,Love
1608,Loud
1609,Loud
1610,Party
1611,Party
1612,Love
1613,Hype
1614,Loud
1615,Happy
1616,Party
1617,Happy
1618,Sad
1619,Sad
1620,Party
1621,Angry
1622,Sad
1623,Love
1624,Sad
1625,Happy
1626,Sad
1627,Angry
1628,Love
1629,Love
1630,Angry
1631,Hype
1632,Hype
1633,Hype
1634,Hype
1635,Party
1636,Hype
1637,Sad
1638,Happy
1639,Love
1640,Sad
1641,Love
1642,Loud
1643,Party
1644,Love
1645,Angry
1646,Happy
1647,Sad
1648,Party
1649,Party
1650,Hype
1651,Hype
1652,Happy
1653,Angry
1654,Sad
1655,Loud
1656,Hype
1657,Happy
1658,Hype
1659,Love
1660,Hype
1661,Angry
1662,Love
1663,Hype
1664,Party
1665,Love
1666,Loud
1667,Hype
1668,Angry
1669,Hype
1670,Sad
1671,Loud
1672,Love
1673,Angry
1674,Party
1675,Party
1676,Sad
1677,Loud
1678,Angry
1679,Loud
1680,Angry
1681,Sad
1682,Sad
1683,Loud
1684,Love
1685,Love
1686,Sad
1687,Hype
1688,Hype
1689,Angry
1690,Sad
1691,Loud
1692,Loud
1693,Sad
1694,Loud
1695,Party
1696,Loud
1697,Angry
1698,Love
1699,Happy
1700,Happy
1701,Happy
1702,Loud
1703,Happy
1704,Sad
1705,Hype
1706,Loud
1707,Party
1708,Happy
1709,Party
1710,Love
1711,Party
1712,Loud
1713,Party
1714,Loud
1715,Hype
1716,Happy
1717,Sad
1718,Angry
1719,Party
1720,Angry
1721,Loud
1722,Sad
1723,Angry
1724,Party
1725,Happy
1726,Loud
1727,Loud
1728,Loud
1729,Love
1730,Happy
1731,Happy
1732,Angry
1733,Party
1734,Love
1735,Angry
1736,Loud
1737,Love
1738,Sad
1739,Hype
1740,Loud
1741,Loud
1742,Sad
1743,Hype
1744,Sad
1745,Love
1746,Angry
1747,Loud
1748,Angry
1749,Love
1750,Happy
1751,Happy
1752,Sad
1753,Love
1754,Love
1755,Party
1756,Angry
1757,Sad
1758,Loud
1759,Party
1760,Hype
1761,Loud
1762,Love
1763,Happy
1764,Party
1765,Party
1766,Hype
1767,Love
1768,Angry
1769,Love
1770,Hype
1771,Sad
1772,Party
1773,Happy
1774,Hype
1775,Sad
1776,Love
1777,Loud
1778,Love
1779,Hype
1780,Hype
1781,Angry
1782,Happy
1783,Sad
1784,Loud
1785,Sad
1786,Love
1787,Love
1788,Angry
1789,Party
1790,Loud
1791,Hype
1792,Party
1793,Hype
1794,Sad
1795,Loud
1796,Hype
1797,Loud
1798,Love
1799,Sad
1800,Sad
1801,Sad
1802,Sad
1803,Happy
1804,Love
1805,Hype
1806,Sad
1807,Happy
1808,Happy
1809,Love
1810,Loud
1811,Party
1812,Hype
1813,Angry
1814,Party
1815,Loud
1816,Party
1817,Hype
1818,Happy
1819,Love
1820,Hype
1821,Loud
1822,Sad
1823,Hype
1824,Hype
1825,Happy
1826,Loud
1827,Loud
1828,Party
1829,Party
1830,Hype
1831,Party
1832,Sad
1833,Love
1834,Angry
1835,Angry
1836,Sad
1837,Sad
1838,Angry
1839,Angry
1840,Loud
1841,Angry
1842,Angry
1843,Sad
1844,Party
1845,Party
1846,Loud
1847,Sad
1848,Hype
1849,Party
1850,Angry
1851,Party
1852,Loud
1853,Angry
1854,Sad
1855,Party
1856,Love
1857,Party
1858,Love
1859,Love
1860,Angry
1861,Love
1862,Hype
1863,Happy
1864,Angry
1865,Angry
1866,Sad
1867,Sad
1868,Angry
1869,Love
1870,Hype
1871,Loud
1872,Party
1873,Angry
1874,Happy
1875,Sad
1876,Angry
1877,Sad
1878,Sad
1879,Happy
1880,Loud
1881,Party
1882,Loud
1883,Angry
1884,Party
1885,Party
1886,Happy
1887,Love
1888,Party
1889,Party
1890,Hype
1891,Love
1892,Loud
1893,Angry
1894,Hype
1895,Love
1896,Love
1897,Love
1898,Hype
1899,Party
1900,Hype
1901,Love
1902,Love
1903,Sad
1904,Hype
1905,Party
1906,Party
1907,Happy
1908,Party
1909,Love
1910,Party
1911,Love
1912,Party
1913,Loud
1914,Happy
1915,Angry
1916,Loud
1917,Hype
1918,Love
1919,Sad
1920,Happy
1921,Happy
1922,Party
1923,Loud
1924,Loud
1925,Angry
1926,Sad
1927,Sad
1928,Angry
1929,Love
1930,Happy
1931,Love
1932,Love
1933,Happy
1934,Angry
1935,Sad
1936,Loud
1937,Loud
1938,Hype
1939,Happy
1940,Sad
1941,Party
1942,Love
1943,Hype
1944,Hype
1945,Angry
1946,Hype
1947,Sad
1948,Sad
1949,Angry
1950,Party
1951,Love
1952,Angry
1953,Sad
1954,Hype
1955,Party
1956,Happy
1957,Love
1958,Angry
1959,Angry
1960,Sad
1961,Sad
1962,Angry
1963,Happy
1964,Hype
1965,Hype
1966,Angry
1967,Hype
1968,Loud
1969,Hype
1970,Angry
1971,Happy
1972,Hype
1973,Happy
1974,Loud
1975,Party
1976,Happy
1977,Happy
1978,Love
1979,Sad
1980,Loud
1981,Hype
1982,Loud
1983,Sad
1984,Angry
1985,Hype
1986,Angry
1987,Angry
1988,Loud
1989,Party
1990,Party
1991,Loud
1992,Love
1993,Sad
1994,Happy
1995,Love
1996,Love
1997,Happy
1998,Happy
1999,Happy
2000,Hype
2001,Hype
2002,Angry
2003,Sad
2004,Angry
2005,Sad
2006,Hype
2007,Loud
2008,Happy
2009,Party
2010,Hype
2011,Party
2012,Hype
2013,Happy
2014,Happy
2015,Hype
2016,Happy
2017,Angry
2018,Angry
2019,Party
2020,Angry
2021,Happy
2022,Hype
2023,Hype
2024,Loud
2025,Angry
2026,Angry
2027,Sad
2028,Angry
2029,Love
2030,Sad
2031,Happy
2032,Hype
2033,Happy
2034,Happy
2035,Sad
2036,Happy
2037,Party
2038,Happy
2039,Party
2040,Loud
2041,Angry
2042,Sad
2043,Love
2044,Happy
2045,Party
2046,Party
2047,Party
2048,Angry
2049,Hype
2050,Hype
2051,Love
2052,Loud
2053,Sad
2054,Love
2055,Hype
2056,Angry
2057,Love
2058,Happy
2059,Happy
2060,Angry
2061,Happy
2062,Sad
2063,Happy
2064,Love
2065,Loud
2066,Loud
2067,Angry
2068,Love
2069,Angry
2070,Party
2071,Love
2072,Angry
2073,Hype
2074,Love
2075,Love
2076,Party
2077,Party
2078,Party
2079,Happy
2080,Love
2081,Hype
2082,Party
2083,Angry
2084,Hype
2085,Love
2086,Party
2087,Love
2088,Party
2089,Party
2090,Happy
2091,Happy
2092,Happy
2093,Angry
2094,Love
2095,Angry
2096,Angry
2097,Love
2098,Angry
2099,Sad
2100,Hype
2101,Happy
2102,Angry
2103,Sad
2104,Happy
2105,Party
2106,Happy
2107,Sad
2108,Love
2109,Hype
2110,Hype
2111,Hype
2112,Party
2113,Happy
2114,Loud
2115,Loud
2116,Happy
2117,Hype
2118,Loud
2119,Angry
2120,Party
2121,Happy
2122,Party
2123,Hype
2124,Loud
2125,Happy
2126,Love
2127,Hype
2128,Loud
2129,Loud
2130,Hype
2131,Sad
2132,Love
2133,Loud
2134,Happy
2135,Happy
2136,Sad
2137,Party
2138,Happy
2139,Hype
2140,Loud
2141,Happy
2142,Happy
2143,Sad
2144,Party
2145,Angry
2146,Angry
2147,Hype
2148,Love
2149,Party
2150,Angry
2151,Love
2152,Love
2153,Angry
2154,Party
2155,Love
2156,Party
2157,Love
2158,Loud
2159,Sad
2160,Loud
2161,Happy
2162,Hype
2163,Sad
2164,Party
2165,Angry
2166,Happy
2167,Love
2168,Happy
2169,Sad
2170,Sad
2171,Party
2172,Party
2173,Party
2174,Sad
2175,Hype
2176,Angry
2177,Love
2178,Loud
2179,Happy
2180,Party
2181,Hype
2182,Sad
2183,Happy
2184,Happy
2185,Happy
2186,Hype
2187,Loud
2188,Hype
2189,Love
2190,Sad
2191,Party
2192,Love
2193,Sad
2194,Party
2195,Happy
2196,Love
2197,Party
2198,Love
2199,Hype
2200,Happy
2201,Loud
2202,Love
2203,Happy
2204,Angry
2205,Hype
2206,Loud
2207,Loud
2208,Loud
2209,Party
2210,Party
2211,Happy
2212,Hype
2213,Sad
2214,Sad
2215,Loud
2216,Loud
2217,Love
2218,Angry
2219,Angry
2220,Angry
2221,Loud
2222,Loud
2223,Sad
2224,Hype
2225,Party
2226,Angry
2227,Party
2228,Hype
2229,Party
2230,Hype
2231,Party
2232,Love
2233,Hype
2234,Hype
2235,Hype
2236,Happy
2237,Sad
2238,Happy
2239,Loud
2240,Loud
2241,Angry
2242,Sad
2243,Sad
2244,Love
2245,Love
2246,Loud
2247,Love
2248,Loud
2249,Hype
2250,Party
2251,Party
2252,Sad
2253,Loud
2254,Hype
2255,Party
2256,Happy
2257,Sad
2258,Sad
2259,Loud
2260,Party
2261,Loud
2262,Sad
2263,Angry
2264,Hype
2265,Love
2266,Loud
2267,Angry
2268,Sad
2269,Loud
2270,Loud
2271,Happy
2272,Happy
2273,Party
2274,Angry
2275,Party
2276,Angry
2277,Loud
2278,Loud
2279,Party
2280,Sad
2281,Happy
2282,Party
2283,Love
2284,Sad
2285,Party
2286,Loud
2287,Hype
2288,Angry
2289,Angry
2290,Sad
2291,Angry
2292,Hype
2293,Love
2294,Party
2295,Sad
2296,Party
2297,Sad
2298,Loud
2299,Party
2300,Hype
2301,Sad
2302,Sad
2303,Sad
2304,Hype
2305,Hype
2306,Hype
2307,Sad
2308,Hype
2309,Angry
2310,Love
2311,Party
2312,Loud
2313,Happy
2314,Love
2315,Party
2316,Hype
2317,Love
2318,Sad
2319,Party
2320,Angry
2321,Party
2322,Happy
2323,Party
2324,Happy
2325,Happy
2326,Angry
2327,Love
2328,Hype
2329,Angry
2330,Sad
2331,Love
2332,Happy
2333,Happy
2334,Hype
2335,Love
2336,Loud
2337,Sad
2338,Sad
2339,Hype
2340,Sad
2341,Party
2342,Loud
2343,Happy
2344,Hype
2345,Angry
2346,Party
2347,Happy
2348,Angry
2349,Hype
2350,Loud
2351,Loud
2352,Loud
2353,Loud
2354,Hype
2355,Love
2356,Love
2357,Sad
2358,Happy
2359,Happy
2360,Party
2361,Loud
2362,Sad
2363,Loud
2364,Loud
2365,Happy
2366,Happy
2367,Happy
2368,Angry
2369,Party
2370,Sad
2371,Sad
2372,Hype
2373,Loud
2374,Happy
2375,Happy
2376,Loud
2377,Angry
2378,Sad
2379,Happy
2380,Party
2381,Love
2382,Love
2383,Hype
2384,Loud
2385,Happy
2386,Happy
2387,Loud
2388,Happy
2389,Love
2390,Sad
2391,Hype
2392,Love
2393,Loud
2394,Hype
2395,Love
2396,Loud
2397,Party
2398,Party
2399,Happy
2400,Happy
2401,Sad
2402,Sad
2403,Happy
2404,Happy
2405,Loud
2406,Angry
2407,Hype
2408,Sad
2409,Sad
2410,Loud
2411,Loud
2412,Sad
2413,Love
2414,Angry
2415,Loud
2416,Loud
2417,Hype
2418,Angry
2419,Loud
2420,Love
2421,Party
2422,Sad
2423,Angry
2424,Angry
2425,Loud
2426,Loud
2427,Sad
2428,Loud
2429,Love
2430,Party
2431,Party
2432,Party
2433,Love
2434,Loud
2435,Angry
2436,Happy
2437,Party
2438,Love
2439,Love
2440,Love
2441,Happy
2442,Happy
2443,Angry
2444,Sad
2445,Sad
2446,Hype
2447,Hype
2448,Hype
2449,Sad
2450,Sad
2451,Party
2452,Loud
2453,Sad
2454,Love
2455,Sad
2456,Sad
2457,Party
2458,Sad
2459,Love
2460,Angry
2461,Sad
2462,Sad
2463,Happy
2464,Happy
2465,Sad
2466,Sad
2467,Angry
2468,Hype
2469,Sad
2470,Sad
2471,Loud
2472,Sad
2473,Angry
2474,Happy
2475,Hype
2476,Loud
2477,Angry
2478,Happy
2479,Sad
2480,Happy
2481,Happy
2482,Happy
2483,Party
2484,Party
2485,Party
2486,Angry
2487,Happy
2488,Party
2489,Love
2490,Happy
2491,Party
2492,Sad
2493,Hype
2494,Angry
2495,Party
2496,Party
2497,Hype
2498,Angry
2499,Angry
2500,Angry
2501,Hype
2502,Love
2503,Loud
2504,Sad
2505,Party
2506,Love
2507,Sad
2508,Loud
2509,Love
2510,Hype
2511,Loud
2512,Sad
2513,Angry
2514,Happy
2515,Sad
2516,Hype
2517,Angry
2518,Hype
2519,Happy
2520,Loud
2521,Party
2522,Sad
2523,Sad
2524,Happy
2525,Sad
2526,Sad
2527,Party
2528,Party
2529,Angry
2530,Happy
2531,Hype
2532,Happy
2533,Love
2534,Loud
2535,Love
2536,Love
2537,Happy
2538,Sad
2539,Sad
2540,Loud
2541,Sad
2542,Angry
2543,Love
2544,Happy
2545,Sad
2546,Sad
2547,Sad
2548,Loud
2549,Loud
2550,Party
2551,Loud
2552,Sad
2553,Hype
2554,Loud
2555,Hype
2556,Loud
2557,Hype
2558,Party
2559,Hype
2560,Angry
2561,Angry
2562,Love
2563,Angry
2564,Angry
2565,Hype
2566,Happy
2567,Hype
2568,Hype
2569,Loud
2570,Hype
2571,Loud
2572,Party
2573,Happy
2574,Love
2575,Sad
2576,Party
2577,Hype
2578,Sad
2579,Hype
2580,Angry
2581,Happy
2582,Sad
2583,Happy
2584,Happy
2585,Sad
2586,Loud
2587,Party
2588,Angry
2589,Hype
2590,Happy
2591,Party
2592,Party
2593,Happy
2594,Happy
2595,Happy
2596,Happy
2597,Party
2598,Party
2599,Loud
2600,Loud
2601,Angry
2602,Loud
2603,Happy
2604,Love
2605,Angry
2606,Party
2607,Angry
2608,Angry
2609,Party
2610,Sad
2611,Loud
2612,Happy
2613,Love
2614,Happy
2615,Angry
2616,Loud
2617,Angry
2618,Loud
2619,Love
2620,Sad
2621,Sad
2622,Loud
2623,Angry
2624,Happy
2625,Party
2626,Loud
2627,Hype
2628,Party
2629,Hype
2630,Love
2631,Love
2632,Angry
2633,Happy
2634,Sad
2635,Love
2636,Loud
2637,Angry
2638,Hype
2639,Love
2640,Angry
2641,Happy
2642,Happy
2643,Hype
2644,Party
2645,Party
2646,Party
2647,Love
2648,Hype
2649,Loud
2650,Angry
2651,Happy
2652,Happy
2653,Sad
2654,Happy
2655,Angry
2656,Sad
2657,Sad
2658,Happy
2659,Loud
2660,Sad
2661,Angry
2662,Hype
2663,Party
2664,Hype
2665,Sad
2666,Hype
2667,Party
2668,Party
2669,Sad
2670,Party
2671,Angry
2672,Angry
2673,Hype
2674,Sad
2675,Love
2676,Loud
2677,Loud
2678,Hype
2679,Sad
2680,Loud
2681,Love
2682,Hype
2683,Love
2684,Loud
2685,Loud
2686,Happy
2687,Love
2688,Loud
2689,Sad
2690,Love
2691,Loud
2692,Love
2693,Sad
2694,Happy
2695,Hype
2696,Happy
2697,Love
2698,Angry
2699,Sad
2700,Party
2701,Sad
2702,Party
2703,Happy
2704,Party
2705,Hype
2706,Love
2707,Loud
2708,Love
2709,Sad
2710,Party
2711,Loud
2712,Loud
2713,Angry
2714,Happy
2715,Sad
2716,Hype
2717,Sad
2718,Loud
2719,Hype
2720,Love
2721,Sad
2722,Love
2723,Hype
2724,Sad
2725,Love
2726,Hype
2727,Love
2728,Party
2729,Angry
2730,Loud
2731,Party
2732,Love
2733,Party
2734,Angry
2735,Party
2736,Happy
2737,Angry
2738,Love
2739,Hype
2740,Happy
2741,Happy
2742,Loud
2743,Sad
2744,Loud
2745,Sad
2746,Party
2747,Hype
2748,Sad
2749,Love
2750,Hype
2751,Angry
2752,Love
2753,Loud
2754,Hype
2755,Party
2756,Hype
2757,Party
2758,Hype
2759,Loud
2760,Hype
2761,Angry
2762,Hype
2763,Angry
2764,Sad
2765,Angry
2766,Hype
2767,Loud
2768,Loud
2769,Angry
2770,Party
2771,Loud
2772,Party
2773,Love
2774,Party
2775,Loud
2776,Party
2777,Angry
2778,Hype
2779,Hype
2780,Love
2781,Angry
2782,Love
2783,Angry
2784,Loud
2785,Loud
2786,Loud
2787,Angry
2788,Sad
2789,Loud
2790,Sad
2791,Happy
2792,Party
2793,Loud
2794,Sad
2795,Angry
2796,Party
2797,Hype
2798,Sad
2799,Sad
2800,Happy
2801,Angry
2802,Happy
2803,Happy
2804,Love
2805,Hype
2806,Love
2807,Love
2808,Party
2809,Hype
2810,Love
2811,Love
2812,Love
2813,Happy
2814,Loud
2815,Love
2816,Angry
2817,Happy
2818,Love
2819,Sad
2820,Loud
2821,Love
2822,Happy
2823,Angry
2824,Love
2825,Angry
2826,Happy
2827,Love
2828,Angry
2829,Hype
2830,Happy
2831,Love
2832,Loud
2833,Happy
2834,Loud
2835,Loud
2836,Sad
2837,Love
2838,Sad
2839,Party
2840,Angry
2841,Sad
2842,Happy
2843,Angry
2844,Party
2845,Party
2846,Angry
2847,Happy
2848,Hype
2849,Loud
2850,Sad
2851,Hype
2852,Angry
2853,Hype
2854,Happy
2855,Hype
2856,Loud
2857,Angry
2858,Love
2859,Happy
2860,Sad
2861,Angry
2862,Love
2863,Love
2864,Loud
2865,Party
2866,Sad
2867,Sad
2868,Party
2869,Party
2870,Sad
2871,Angry
2872,Happy
2873,Angry
2874,Happy
2875,Sad
2876,Angry
2877,Hype
2878,Sad
2879,Loud
2880,Party
2881,Hype
2882,Sad
2883,Sad
2884,Angry
2885,Party
2886,Sad
2887,Angry
2888,Loud
2889,Party
2890,Sad
2891,Angry
2892,Party
2893,Love
2894,Love
2895,Happy
2896,Hype
2897,Hype
2898,Angry
2899,Sad
2900,Love
2901,Angry
2902,Sad
2903,Party
2904,Sad
2905,Love
2906,Angry
2907,Love
2908,Loud
2909,Love
2910,Angry
2911,Hype
2912,Sad
2913,Hype
2914,Hype
2915,Hype
2916,Sad
2917,Loud
2918,Hype
2919,Party
2920,Party
2921,Hype
2922,Hype
2923,Angry
2924,Happy
2925,Party
2926,Happy
2927,Love
2928,Love
2929,Party
2930,Hype
2931,Sad
2932,Love
2933,Happy
2934,Loud
2935,Loud
2936,Party
2937,Sad
2938,Hype
2939,Happy
2940,Happy
2941,Loud
2942,Party
2943,Love
2944,Party
2945,Sad
2946,Angry
2947,Sad
2948,Happy
2949,Sad
2950,Sad
2951,Love
2952,Party
2953,Love
2954,Happy
2955,Happy
2956,Angry
2957,Hype
2958,Love
2959,Hype
2960,Party
2961,Party
2962,Love
2963,Angry
2964,Angry
2965,Party
2966,Loud
2967,Love
2968,Love
2969,Angry
2970,Happy
2971,Angry
2972,Sad
2973,Hype
2974,Hype
2975,Happy
2976,Sad
2977,Hype
2978,Love
2979,Angry
2980,Loud
2981,Party
2982,Sad
2983,Sad
2984,Love
2985,Loud
2986,Love
2987,Loud
2988,Loud
2989,Sad
2990,Party
2991,Love
2992,Hype
2993,Hype
2994,Party
2995,Sad
2996,Angry
2997,Sad
2998,Angry
2999,Happy
3000,Angry
3001,Angry
3002,Party
3003,Sad
3004,Happy
3005,Angry
3006,Party
3007,Hype
3008,Angry
3009,Party
3010,Sad
3011,Angry
3012,Angry
3013,Angry
3014,Party
3015,Love
3016,Sad
3017,Angry
3018,Hype
3019,Love
3020,Sad
3021,Angry
3022,Angry
3023,Sad
3024,Loud
3025,Loud
3026,Hype
3027,Hype
3028,Angry
3029,Angry
3030,Party
3031,Loud
3032,Sad
3033,Loud
3034,Sad
3035,Angry
3036,Happy
3037,Sad
3038,Love
3039,Happy
3040,Angry
3041,Sad
3042,Love
3043,Party
3044,Sad
3045,Angry
3046,Loud
3047,Loud
3048,Hype
3049,Love
3050,Angry
3051,Angry
3052,Love
3053,Love
3054,Party
3055,Hype
3056,Sad
3057,Party
3058,Loud
3059,Angry
3060,Sad
3061,Hype
3062,Love
3063,Loud
3064,Angry
3065,Love
3066,Love
3067,Angry
3068,Love
3069,Love
3070,Love
3071,Happy
3072,Happy
3073,Happy
3074,Party
3075,Hype
3076,Sad
3077,Party
3078,Angry
3079,Party
3080,Happy
3081,Happy
3082,Sad
3083,Love
3084,Love
3085,Loud
3086,Party
3087,Angry
3088,Sad
3089,Loud
3090,Love
3091,Party
3092,Loud
3093,Loud
3094,Love
3095,Party
3096,Angry
3097,Love
3098,Happy
3099,Loud
3100,Love
3101,Hype
3102,Hype
3103,Angry
3104,Sad
3105,Hype
3106,Love
3107,Love
3108,Party
3109,Hype
3110,Happy
3111,Loud
3112,Party
3113,Hype
3114,Angry
3115,Love
3116,Angry
3117,Angry
3118,Hype
3119,Love
3120,Happy
3121,Love
3122,Party
3123,Happy
3124,Party
3125,Sad
3126,Angry
3127,Hype
3128,Love
3129,Happy
3130,Love
3131,Loud
3132,Sad
3133,Sad
3134,Angry
3135,Party
3136,Sad
3137,Love
3138,Happy
3139,Loud
3140,Hype
3141,Loud
3142,Angry
3143,Sad
3144,Sad
3145,Party
3146,Party
3147,Party
3148,Loud
3149,Sad
3150,Sad
3151,Party
3152,Happy
3153,Love
3154,Angry
3155,Party
3156,Hype
3157,Party
3158,Angry
3159,Angry
3160,Sad
3161,Love
3162,Sad
3163,Love
3164,Angry
3165,Hype
3166,Party
3167,Sad
3168,Angry
3169,Happy
3170,Angry
3171,Hype
3172,Happy
3173,Party
3174,Loud
3175,Happy
3176,Angry
3177,Party
3178,Loud
3179,Happy
3180,Hype
3181,Love
3182,Happy
3183,Party
3184,Love
3185,Loud
3186,Angry
3187,Sad
3188,Angry
3189,Hype
3190,Hype
3191,Angry
3192,Loud
3193,Love
3194,Hype
3195,Love
3196,Party
3197,Happy
3198,Angry
3199,Love
3200,Sad
3201,Happy
3202,Party
3203,Hype
3204,Loud
3205,Angry
3206,Loud
3207,Loud
3208,Hype
3209,Sad
3210,Love
3211,Sad
3212,Party
3213,Loud
3214,Sad
3215,Angry
3216,Love
3217,Party
3218,Hype
3219,Happy
3220,Loud
3221,Hype
3222,Loud
3223,Party
3224,Hype
3225,Happy
3226,Loud
3227,Love
3228,Party
3229,Party
3230,Love
3231,Love
3232,Hype
3233,Hype
3234,Party
3235,Hype
3236,Hype
3237,Hype
3238,Angry
3239,Hype
3240,Loud
3241,Loud
3242,Happy
3243,Happy
3244,Hype
3245,Sad
3246,Loud
3247,Happy
3248,Sad
3249,Loud
3250,Hype
3251,Love
3252,Party
3253,Party
3254,Angry
3255,Angry
3256,Love
3257,Loud
3258,Party
3259,Angry
3260,Sad
3261,Love
3262,Hype
3263,Hype
3264,Angry
3265,Sad
3266,Happy
3267,Happy
3268,Hype
3269,Happy
3270,Hype
3271,Happy
3272,Loud
3273,Hype
3274,Sad
3275,Sad
3276,Happy
3277,Hype
3278,Loud
3279,Loud
3280,Love
3281,Love
3282,Hype
3283,Love
3284,Hype
3285,Angry
3286,Happy
3287,Sad
3288,Angry
3289,Party
3290,Hype
3291,Loud
3292,Hype
3293,Party
3294,Party
3295,Party
3296,Hype
3297,Hype
3298,Angry
3299,Love
3300,Angry
3301,Loud
3302,Party
3303,Angry
3304,Party
3305,Hype
3306,Love
3307,Happy
3308,Angry
3309,Party
3310,Happy
3311,Hype
3312,Sad
3313,Hype
3314,Angry
3315,Hype
3316,Hype
3317,Party
3318,Angry
3319,Angry
3320,Love
3321,Hype
3322,Party
3323,Happy
3324,Angry
3325,Loud
3326,Sad
3327,Loud
3328,Happy
3329,Angry
3330,Sad
3331,Love
3332,Angry
3333,Love
3334,Hype
3335,Party
3336,Happy
3337,Sad
3338,Love
3339,Party
3340,Happy
3341,Hype
3342,Hype
3343,Happy
3344,Love
3345,Hype
3346,Happy
3347,Happy
3348,Loud
3349,Sad
3350,Love
3351,Love
3352,Happy
3353,Happy
3354,Sad
3355,Hype
3356,Loud
3357,Love
3358,Angry
3359,Angry
3360,Hype
3361,Hype
3362,Happy
3363,Happy
3364,Party
3365,Loud
3366,Loud
3367,Party
3368,Love
3369,Love
3370,Hype
3371,Hype
3372,Love
3373,Love
3374,Happy
3375,Sad
3376,Hype
3377,Happy
3378,Angry
3379,Party
3380,Love
3381,Sad
3382,Angry
3383,Love
3384,Angry
3385,Loud
3386,Happy
3387,Happy
3388,Happy
3389,Angry
3390,Sad
3391,Love
3392,Loud
3393,Party
3394,Angry
3395,Angry
3396,Hype
3397,Angry
3398,Party
3399,Party
3400,Hype
3401,Angry
3402,Angry
3403,Happy
3404,Sad
3405,Sad
3406,Angry
3407,Hype
3408,Sad
3409,Sad
3410,Sad
3411,Sad
3412,Hype
3413,Happy
3414,Happy
3415,Angry
3416,Angry
3417,Loud
3418,Hype
3419,Party
3420,Loud
3421,Party
3422,Party
3423,Loud
3424,Sad
3425,Love
3426,Loud
3427,Happy
3428,Hype
3429,Loud
3430,Hype
3431,Angry
3432,Sad
3433,Hype
3434,Happy
3435,Sad
3436,Party
3437,Party
3438,Loud
3439,Happy
3440,Loud
3441,Hype
3442,Hype
3443,Happy
3444,Sad
3445,Hype
3446,Hype
3447,Loud
3448,Party
3449,Hype
3450,Happy
3451,Hype
3452,Love
3453,Party
3454,Loud
3455,Sad
3456,Loud
3457,Party
3458,Angry
3459,Party
3460,Party
3461,Love
3462,Love
3463,Loud
3464,Loud
3465,Love
3466,Party
3467,Loud
3468,Love
3469,Love
3470,Hype
3471,Happy
3472,Party
3473,Happy
3474,Love
3475,Love
3476,Angry
3477,Party
3478,Hype
3479,Happy
3480,Angry
3481,Angry
3482,Love
3483,Loud
3484,Happy
3485,Loud
3486,Party
3487,Angry
3488,Sad
3489,Sad
3490,Sad
3491,Hype
3492,Hype
3493,Sad
3494,Happy
3495,Party
3496,Hype
3497,Loud
3498,Loud
3499,Love
3500,Happy
3501,Hype
3502,Party
3503,Sad
3504,Angry
3505,Sad
3506,Happy
3507,Hype
3508,Sad
3509,Happy
3510,Angry
3511,Loud
3512,Hype
3513,Sad
3514,Loud
3515,Sad
3516,Sad
3517,Love
3518,Happy
3519,Sad
3520,Sad
3521,Love
3522,Party
3523,Sad
3524,Party
3525,Party
3526,Party
3527,Happy
3528,Party
3529,Happy
3530,Love
3531,Sad
3532,Angry
3533,Angry
3534,Love
3535,Loud
3536,Sad
3537,Hype
3538,Angry
3539,Sad
3540,Happy
3541,Angry
3542,Angry
3543,Hype
3544,Loud
3545,Happy
3546,Party
3547,Angry
3548,Loud
3549,Angry
3550,Angry
3551,Happy
3552,Sad
3553,Sad
3554,Party
3555,Hype
3556,Sad
3557,Loud
3558,Party
3559,Love
3560,Love
3561,Angry
3562,Party
3563,Party
3564,Angry
3565,Hype
3566,Party
3567,Love
3568,Party
3569,Happy
3570,Party
3571,Angry
3572,Happy
3573,Party
3574,Party
3575,Angry
3576,Loud
3577,Angry
3578,Hype
3579,Hype
3580,Happy
3581,Angry
3582,Sad
3583,Happy
3584,Loud
3585,Love
3586,Sad
3587,Happy
3588,Angry
3589,Angry
3590,Love
3591,Loud
3592,Happy
3593,Sad
3594,Sad
3595,Angry
3596,Love
3597,Party
3598,Happy
3599,Hype
3600,Party
3601,Angry
3602,Party
3603,Angry
3604,Party
3605,Love
3606,Happy
3607,Angry
3608,Party
3609,Angry
3610,Love
3611,Happy
3612,Happy
3613,Hype
3614,Happy
3615,Hype
3616,Angry
3617,Angry
3618,Angry
3619,Love
3620,Angry
3621,Love
3622,Party
3623,Sad
3624,Happy
3625,Happy
3626,Love
3627,Angry
3628,Loud
3629,Loud
3630,Hype
3631,Happy
3632,Sad
3633,Love
3634,Hype
3635,Hype
3636,Hype
3637,Happy
3638,Party
3639,Party
3640,Happy
3641,Angry
3642,Angry
3643,Happy
3644,Happy
3645,Angry
3646,Angry
3647,Loud
3648,Love
3649,Sad
3650,Love
3651,Loud
3652,Sad
3653,Angry
3654,Angry
3655,Loud
3656,Angry
3657,Hype
3658,Hype
3659,Hype
3660,Hype
3661,Sad
3662,Love
3663,Love
3664,Angry
3665,Hype
3666,Happy
3667,Hype
3668,Sad
3669,Sad
3670,Hype
3671,Loud
3672,Happy
3673,Sad
3674,Happy
3675,Hype
3676,Loud
3677,Love
3678,Loud
3679,Loud
3680,Sad
3681,Party
3682,Hype
3683,Loud
3684,Sad
3685,Sad
3686,Happy
3687,Love
3688,Happy
3689,Love
3690,Happy
3691,Happy
3692,Angry
3693,Angry
3694,Party
3695,Sad
3696,Loud
3697,Sad
3698,Love
3699,Hype
3700,Angry
3701,Happy
3702,Hype
3703,Happy
3704,Loud
3705,Sad
3706,Angry
3707,Love
3708,Party
3709,Happy
3710,Sad
3711,Loud
3712,Loud
3713,Happy
3714,Sad
3715,Sad
3716,Hype
3717,Party
3718,Love
3719,Party
3720,Hype
3721,Angry
3722,Love
3723,Loud
3724,Sad
3725,Angry
3726,Party
3727,Love
3728,Love
3729,Loud
3730,Angry
3731,Party
3732,Sad
3733,Sad
3734,Hype
3735,Angry
3736,Loud
3737,Hype
3738,Happy
3739,Party
3740,Loud
3741,Love
3742,Loud
3743,Angry
3744,Love
3745,Sad
3746,Loud
3747,Happy
3748,Sad
3749,Loud
3750,Angry
3751,Party
3752,Angry
3753,Party
3754,Angry
3755,Loud
3756,Party
3757,Party
3758,Love
3759,Hype
3760,Sad
3761,Sad
3762,Love
3763,Happy
3764,Love
3765,Sad
3766,Loud
3767,Loud
3768,Sad
3769,Happy
3770,Loud
3771,Love
3772,Happy
3773,Loud
3774,Love
3775,Happy
3776,Loud
3777,Angry
3778,Love
3779,Loud
3780,Sad
3781,Sad
3782,Angry
3783,Happy
3784,Love
3785,Happy
3786,Hype
3787,Happy
3788,Happy
3789,Loud
3790,Loud
3791,Angry
3792,Sad
3793,Love
3794,Sad
3795,Loud
3796,Hype
3797,Party
3798,Sad
3799,Sad
3800,Sad
3801,Happy
3802,Love
3803,Happy
3804,Loud
3805,Angry
3806,Sad
3807,Hype
3808,Happy
3809,Party
3810,Loud
3811,Hype
3812,Sad
3813,Happy
3814,Party
3815,Happy
3816,Love
3817,Happy
3818,Party
3819,Sad
3820,Happy
3821,Party
3822,Happy
3823,Angry
3824,Love
3825,Happy
3826,Loud
3827,Happy
3828,Love
3829,Love
3830,Love
3831,Hype
3832,Angry
3833,Hype
3834,Party
3835,Party
3836,Loud
3837,Party
3838,Loud
3839,Love
3840,Hype
3841,Sad
3842,Hype
3843,Hype
3844,Loud
3845,Happy
3846,Sad
3847,Happy
3848,Sad
3849,Happy
3850,Love
3851,Party
3852,Party
3853,Loud
3854,Happy
3855,Hype
3856,Hype
3857,Sad
3858,Love
3859,Sad
3860,Happy
3861,Love
3862,Hype
3863,Love
3864,Sad
3865,Love
3866,Angry
3867,Happy
3868,Loud
3869,Angry
3870,Happy
3871,Happy
3872,Sad
3873,Love
3874,Sad
3875,Sad
3876,Sad
3877,Party
3878,Angry
3879,Hype
3880,Angry
3881,Angry
3882,Happy
3883,Hype
3884,Party
3885,Hype
3886,Hype
3887,Hype
3888,Party
3889,Angry
3890,Party
3891,Angry
3892,Loud
3893,Hype
3894,Sad
3895,Party
3896,Love
3897,Hype
3898,Angry
3899,Angry
3900,Party
3901,Loud
3902,Loud
3903,Loud
3904,Party
3905,Loud
3906,Angry
3907,Sad
3908,Party
3909,Love
3910,Sad
3911,Loud
3912,Party
3913,Loud
3914,Love
3915,Loud
3916,Loud
3917,Loud
3918,Loud
3919,Loud
3920,Loud
3921,Love
3922,Love
3923,Sad
3924,Sad
3925,Party
3926,Angry
3927,Hype
3928,Hype
3929,Love
3930,Love
3931,Happy
3932,Hype
3933,Sad
3934,Party
3935,Sad
3936,Love
3937,Party
3938,Love
3939,Love
3940,Love
3941,Hype
3942,Party
3943,Loud
3944,Happy
3945,Sad
3946,Sad
3947,Hype
3948,Angry
3949,Loud
3950,Hype
3951,Angry
3952,Angry
3953,Angry
3954,Hype
3955,Love
3956,Hype
3957,Love
3958,Happy
3959,Happy
3960,Sad
3961,Loud
3962,Angry
3963,Party
3964,Loud
3965,Love
3966,Hype
3967,Hype
3968,Hype
3969,Party
3970,Angry
3971,Loud
3972,Loud
3973,Loud
3974,Sad
3975,Party
3976,Love
3977,Love
3978,Love
3979,Love
3980,Loud
3981,Hype
3982,Hype
3983,Loud
3984,Loud
3985,Happy
3986,Sad
3987,Love
3988,Party
3989,Loud
3990,Hype
3991,Sad
3992,Angry
3993,Angry
3994,Angry
3995,Angry
3996,Love
3997,Angry
3998,Sad
3999,Angry
4000,Love
4001,Hype
4002,Hype
4003,Hype
4004,Party
4005,Loud
4006,Loud
4007,Sad
4008,Sad
4009,Loud
4010,Happy
4011,Hype
4012,Sad
4013,Sad
4014,Sad
4015,Sad
4016,Hype
4017,Sad
4018,Angry
4019,Angry
4020,Party
4021,Angry
4022,Party
4023,Party
4024,Love
4025,Loud
4026,Angry
4027,Happy
4028,Love
4029,Sad
4030,Hype
4031,Sad
4032,Sad
4033,Angry
4034,Angry
4035,Hype
4036,Angry
4037,Angry
4038,Loud
4039,Loud
4040,Happy
4041,Hype
4042,Loud
4043,Party
4044,Happy
4045,Loud
4046,Happy
4047,Love
4048,Sad
4049,Sad
4050,Sad
4051,Sad
4052,Hype
4053,Hype
4054,Happy
4055,Love
4056,Loud
4057,Angry
4058,Sad
4059,Happy
4060,Angry
4061,Happy
4062,Happy
4063,Hype
4064,Loud
4065,Happy
4066,Happy
4067,Hype
4068,Loud
4069,Hype
4070,Loud
4071,Party
4072,Love
4073,Happy
4074,Hype
4075,Happy
4076,Party
4077,Party
4078,Angry
4079,Sad
4080,Hype
4081,Sad
4082,Angry
4083,Love
4084,Happy
4085,Sad
4086,Sad
4087,Love
4088,Sad
4089,Love
4090,Sad
4091,Happy
4092,Hype
4093,Love
4094,Hype
4095,Sad
4096,Angry
4097,Sad
4098,Hype
4099,Party
4100,Happy
4101,Love
4102,Love
4103,Hype
4104,Sad
4105,Sad
4106,Party
4107,Happy
4108,Angry
4109,Sad
4110,Hype
4111,Love
4112,Party
4113,Love
4114,Party
4115,Happy
4116,Sad
4117,Party
4118,Sad
4119,Sad
4120,Party
4121,Love
4122,Happy
4123,Love
4124,Loud
4125,Angry
4126,Loud
4127,Loud
4128,Loud
4129,Angry
4130,Sad
4131,Hype
4132,Hype
4133,Happy
4134,Party
4135,Happy
4136,Hype
4137,Loud
4138,Love
4139,Love
4140,Love
4141,Love
4142,Sad
4143,Angry
4144,Happy
4145,Angry
4146,Love
4147,Party
4148,Love
4149,Hype
4150,Party
4151,Hype
4152,Loud
4153,Angry
4154,Love
4155,Loud
4156,Hype
4157,Loud
4158,Love
4159,Hype
4160,Love
4161,Hype
4162,Angry
4163,Sad
4164,Party
4165,Love
4166,Sad
4167,Love
4168,Loud
4169,Happy
4170,Hype
4171,Hype
4172,Happy
4173,Loud
4174,Hype
4175,Love
4176,Party
4177,Love
4178,Angry
4179,Hype
4180,Happy
4181,Loud
4182,Love
4183,Happy
4184,Angry
4185,Loud
4186,Happy
4187,Love
4188,Love
4189,Sad
4190,Loud
4191,Party
4192,Happy
4193,Happy
4194,Happy
4195,Happy
4196,Love
4197,Sad
4198,Hype
4199,Sad
4200,Sad
4201,Hype
4202,Happy
4203,Angry
4204,Loud
4205,Happy
4206,Party
4207,Angry
4208,Angry
4209,Happy
4210,Happy
4211,Sad
4212,Party
4213,Sad
4214,Angry
4215,Love
4216,Angry
4217,Love
4218,Hype
4219,Loud
4220,Party
4221,Loud
4222,Hype
4223,Loud
4224,Angry
4225,Love
4226,Happy
4227,Hype
4228,Sad
4229,Sad
4230,Sad
4231,Hype
4232,Sad
4233,Love
4234,Hype
4235,Happy
4236,Angry
4237,Loud
4238,Angry
4239,Hype
4240,Angry
4241,Sad
4242,Sad
4243,Sad
4244,Happy
4245,Sad
4246,Party
4247,Hype
4248,Hype
4249,Happy
4250,Hype
4251,Loud
4252,Party
4253,Loud
4254,Happy
4255,Happy
4256,Love
4257,Hype
4258,Hype
4259,Angry
4260,Hype
4261,Sad
4262,Angry
4263,Party
4264,Party
4265,Party
4266,Sad
4267,Loud
4268,Angry
4269,Party
4270,Party
4271,Hype
4272,Loud
4273,Happy
4274,Loud
4275,Happy
4276,Love
4277,Loud
4278,Sad
4279,Sad
4280,Angry
4281,Party
4282,Love
4283,Hype
4284,Party
4285,Sad
4286,Angry
4287,Party
4288,Hype
4289,Hype
4290,Hype
4291,Angry
4292,Love
4293,Angry
4294,Angry
4295,Hype
4296,Happy
4297,Angry
4298,Happy
4299,Loud
4300,Happy
4301,Sad
4302,Loud
4303,Angry
4304,Sad
4305,Love
4306,Love
4307,Sad
4308,Angry
4309,Happy
4310,Hype
4311,Happy
4312,Happy
4313,Angry
4314,Happy
4315,Party
4316,Hype
4317,Party
4318,Angry
4319,Angry
4320,Love
4321,Hype
4322,Sad
4323,Love
4324,Sad
4325,Sad
4326,Angry
4327,Hype
4328,Angry
4329,Hype
4330,Sad
4331,Loud
4332,Angry
4333,Loud
4334,Hype
4335,Party
4336,Sad
4337,Sad
4338,Party
4339,Angry
4340,Party
4341,Angry
4342,Happy
4343,Party
4344,Party
4345,Happy
4346,Party
4347,Party
4348,Party
4349,Love
4350,Loud
4351,Angry
4352,Party
4353,Angry
4354,Happy
4355,Happy
4356,Loud
4357,Love
4358,Sad
4359,Love
4360,Hype
4361,Love
4362,Loud
4363,Angry
4364,Love
4365,Loud
4366,Love
4367,Happy
4368,Hype
4369,Sad
4370,Sad
4371,Happy
4372,Hype
4373,Sad
4374,Angry
4375,Party
4376,Party
4377,Love
4378,Hype
4379,Hype
4380,Angry
4381,Sad
4382,Love
4383,Hype
4384,Hype
4385,Angry
4386,Happy
4387,Loud
4388,Love
4389,Sad
4390,Loud
4391,Loud
4392,Happy
4393,Sad
4394,Love
4395,Happy
4396,Love
4397,Party
4398,Love
4399,Party
4400,Angry
4401,Sad
4402,Love
4403,Sad
4404,Sad
4405,Loud
4406,Sad
4407,Party
4408,Angry
4409,Happy
4410,Sad
4411,Angry
4412,Love
4413,Happy
4414,Sad
4415,Party
4416,Loud
4417,Happy
4418,Sad
4419,Angry
4420,Happy
4421,Sad
4422,Happy
4423,Sad
4424,Party
4425,Party
4426,Party
4427,Angry
4428,Angry
4429,Hype
4430,Hype
4431,Love
4432,Party
4433,Sad
4434,Loud
4435,Sad
4436,Party
4437,Sad
4438,Sad
4439,Love
4440,Loud
4441,Loud
4442,Sad
4443,Angry
4444,Angry
4445,Angry
4446,Angry
4447,Loud
4448,Happy
4449,Sad
4450,Sad
4451,Party
4452,Hype
4453,Party
4454,Party
4455,Party
4456,Party
4457,Love
4458,Angry
4459,Happy
4460,Happy
4461,Sad
4462,Loud
4463,Angry
4464,Sad
4465,Sad
4466,Hype
4467,Loud
4468,Sad
4469,Party
4470,Love
4471,Sad
4472,Sad
4473,Sad
4474,Hype
4475,Love
4476,Sad
4477,Love
4478,Loud
4479,Happy
4480,Love
4481,Hype
4482,Hype
4483,Party
4484,Loud
4485,Love
4486,Love
4487,Party
4488,Loud
4489,Love
4490,Angry
4491,Angry
4492,Party
4493,Sad
4494,Party
4495,Hype
4496,Sad
4497,Love
4498,Happy
4499,Angry
4500,Party
4501,Loud
4502,Angry
4503,Happy
4504,Party
4505,Angry
4506,Happy
4507,Sad
4508,Love
4509,Angry
4510,Happy
4511,Love
4512,Sad
4513,Party
4514,Party
4515,Love
4516,Party
4517,Loud
4518,Sad
4519,Party
4520,Hype
4521,Hype
4522,Sad
4523,Love
4524,Loud
4525,Love
4526,Loud
4527,Angry
4528,Sad
4529,Sad
4530,Sad
4531,Sad
4532,Party
4533,Hype
4534,Love
4535,Happy
4536,Party
4537,Happy
4538,Angry
4539,Sad
4540,Angry
4541,Party
4542,Loud
4543,Happy
4544,Happy
4545,Hype
4546,Sad
4547,Angry
4548,Love
4549,Happy
4550,Party
4551,Loud
4552,Angry
4553,Love
4554,Party
4555,Happy
4556,Happy
4557,Hype
4558,Party
4559,Love
4560,Angry
4561,Party
4562,Party
4563,Party
4564,Hype
4565,Sad
4566,Party
4567,Hype
4568,Sad
4569,Sad
4570,Love
4571,Party
4572,Love
4573,Loud
4574,Sad
4575,Loud
4576,Loud
4577,Angry
4578,Hype
4579,Party
4580,Angry
4581,Happy
4582,Love
4583,Party
4584,Love
4585,Angry
4586,Love
4587,Hype
4588,Hype
4589,Party
4590,Angry
4591,Loud
4592,Love
4593,Happy
4594,Angry
4595,Happy
4596,Happy
4597,Angry
4598,Loud
4599,Angry
4600,Party
4601,Love
4602,Hype
4603,Love
4604,Love
4605,Hype
4606,Happy
4607,Happy
4608,Loud
4609,Love
4610,Sad
4611,Angry
4612,Loud
4613,Hype
4614,Love
4615,Love
4616,Happy
4617,Loud
4618,Happy
4619,Sad
4620,Happy
4621,Sad
4622,Loud
4623,Happy
4624,Angry
4625,Happy
4626,Happy
4627,Angry
4628,Loud
4629,Loud
4630,Loud
4631,Sad
4632,Loud
4633,Angry
4634,Happy
4635,Loud
4636,Love
4637,Happy
4638,Hype
4639,Loud
4640,Sad
4641,Sad
4642,Love
4643,Hype
4644,Party
4645,Party
4646,Party
4647,Happy
4648,Party
4649,Angry
4650,Party
4651,Party
4652,Party
4653,Love
4654,Happy
4655,Sad
4656,Party
4657,Happy
4658,Loud
4659,Party
4660,Happy
4661,Sad
4662,Hype
4663,Love
4664,Loud
4665,Party
4666,Party
4667,Party
4668,Loud
4669,Sad
4670,Angry
4671,Loud
4672,Loud
4673,Sad
4674,Party
4675,Sad
4676,Loud
4677,Sad
4678,Angry
4679,Angry
4680,Loud
4681,Angry
4682,Loud
4683,Angry
4684,Party
4685,Party
4686,Loud
4687,Loud
4688,Angry
4689,Hype
4690,Love
4691,Hype
4692,Happy
4693,Angry
4694,Happy
4695,Angry
4696,Happy
4697,Love
4698,Love
4699,Party
4700,Sad
4701,Loud
4702,Loud
4703,Angry
4704,Hype
4705,Loud
4706,Sad
4707,Happy
4708,Angry
4709,Angry
4710,Love
4711,Hype
4712,Hype
4713,Happy
4714,Loud
4715,Angry
4716,Sad
4717,Angry
4718,Love
4719,Sad
4720,Hype
4721,Sad
4722,Loud
4723,Hype
4724,Loud
4725,Hype
4726,Love
4727,Happy
4728,Loud
4729,Angry
4730,Sad
4731,Sad
4732,Happy
4733,Sad
4734,Happy
4735,Happy
4736,Sad
4737,Sad
4738,Happy
4739,Hype
4740,Hype
4741,Happy
4742,Happy
4743,Hype
4744,Angry
4745,Party
4746,Sad
4747,Happy
4748,Hype
4749,Happy
4750,Love
4751,Loud
4752,Angry
4753,Sad
4754,Happy
4755,Happy
4756,Hype
4757,Sad
4758,Angry
4759,Hype
4760,Angry
4761,Angry
4762,Sad
4763,Sad
4764,Love
4765,Love
4766,Hype
4767,Party
4768,Loud
4769,Happy
4770,Hype
4771,Hype
4772,Sad
4773,Loud
4774,Hype
4775,Loud
4776,Angry
4777,Party
4778,Love
4779,Party
4780,Loud
4781,Sad
4782,Angry
4783,Angry
4784,Party
4785,Love
4786,Sad
4787,Love
4788,Hype
4789,Party
4790,Angry
4791,Loud
4792,Sad
4793,Love
4794,Loud
4795,Angry
4796,Love
4797,Happy
4798,Angry
4799,Love
4800,Party
4801,Loud
4802,Loud
4803,Hype
4804,Angry
4805,Hype
4806,Sad
4807,Sad
4808,Angry
4809,Love
4810,Party
4811,Happy
4812,Angry
4813,Love
4814,Sad
4815,Happy
4816,Angry
4817,Sad
4818,Angry
4819,Happy
4820,Hype
4821,Love
4822,Hype
4823,Hype
4824,Loud
4825,Angry
4826,Happy
4827,Happy
4828,Loud
4829,Hype
4830,Party
4831,Loud
4832,Love
4833,Love
4834,Angry
4835,Angry
4836,Hype
4837,Sad
4838,Hype
4839,Love
4840,Angry
4841,Love
4842,Hype
4843,Hype
4844,Happy
4845,Party
4846,Loud
4847,Party
4848,Angry
4849,Loud
4850,Loud
4851,Love
4852,Love
4853,Happy
4854,Love
4855,Love
4856,Sad
4857,Loud
4858,Sad
4859,Love
4860,Happy
4861,Love
4862,Angry
4863,Party
4864,Happy
4865,Loud
4866,Loud
4867,Happy
4868,Angry
4869,Angry
4870,Sad
4871,Angry
4872,Loud
4873,Party
4874,Sad
4875,Sad
4876,Love
4877,Party
4878,Party
4879,Love
4880,Hype
4881,Party
4882,Love
4883,Hype
4884,Love
4885,Hype
4886,Happy
4887,Hype
4888,Love
4889,Angry
4890,Sad
4891,Happy
4892,Angry
4893,Sad
4894,Party
4895,Happy
4896,Sad
4897,Hype
4898,Loud
4899,Angry
4900,Hype
4901,Loud
4902,Love
4903,Party
4904,Party
4905,Loud
4906,Sad
4907,Party
4908,Party
4909,Party
4910,Hype
4911,Sad
4912,Love
4913,Party
4914,Hype
4915,Sad
4916,Happy
4917,Love
4918,Loud
4919,Happy
4920,Hype
4921,Happy
4922,Love
4923,Sad
4924,Party
4925,Love
4926,Happy
4927,Hype
4928,Love
4929,Party
4930,Party
4931,Angry
4932,Love
4933,Angry
4934,Happy
4935,Hype
4936,Angry
4937,Hype
4938,Party
4939,Party
4940,Sad
4941,Happy
4942,Love
4943,Angry
4944,Sad
4945,Loud
4946,Party
4947,Loud
4948,Love
4949,Loud
4950,Sad
4951,Loud
4952,Love
4953,Party
4954,Love
4955,Happy
4956,Happy
4957,Love
4958,Party
4959,Happy
4960,Hype
4961,Party
4962,Love
4963,Love
4964,Hype
4965,Loud
4966,Happy
4967,Hype
4968,Angry
4969,Loud
4970,Sad
4971,Hype
4972,Sad
4973,Happy
4974,Love
4975,Happy
4976,Angry
4977,Happy
4978,Loud
4979,Sad
4980,Love
4981,Party
4982,Loud
4983,Love
4984,Loud
4985,Love
4986,Love
4987,Party
4988,Angry
4989,Angry
4990,Love
4991,Loud
4992,Hype
4993,Sad
4994,Party
4995,Angry
4996,Happy
4997,Hype
4998,Happy
4999,Hype
