artistid,songid
6oMuImdp5ZcFhWP0ESe6mG,2UVbBKQOdFAekPTRsnkzcf
0Y5tJX1MQlPlqiwlOH1tJY,2xLMifQCjDGFmkHkpNLD9h
5dHt1vcEm9qb8fCyLcB3HL,4dVpf9jZjcORqGTLUaeYj9
3TVXtAsR1Inumwj472S9r4,2bjwRfXMk4uRgOD9IBYl9h
0VRj0yCOv2FXJNP47XQnx5,2bjwRfXMk4uRgOD9IBYl9h
0Y5tJX1MQlPlqiwlOH1tJY,2bjwRfXMk4uRgOD9IBYl9h
2YZyLoL8N0Wb9xBt1NhZWg,7KXjTSCq5nL1LoYtL7XAwS
73sIBHcqh3Z3NyqHKZ7FOL,0b9oOr2ZgvyQu88wzixux9
137W8MRPWKqSmrBGDBFSop,5A6OHHy73AR5tLxgTc98zz
34Y0ldeyUv7jBvukWOGASO,19gEmPjfqSZT0ulDRfjl0m
4O15NlyKLIASxsJ0PrXPfz,7GX5flRQZVHRAGd6B4TmDO
6oMuImdp5ZcFhWP0ESe6mG,4Km5HrUvYTaSUfiSGPJeQR
4O15NlyKLIASxsJ0PrXPfz,4Km5HrUvYTaSUfiSGPJeQR
360IAlyVv4PCEVjgyMZrxK,5WoaF1B5XIEnWfmb5NZikf
0Y5tJX1MQlPlqiwlOH1tJY,5WoaF1B5XIEnWfmb5NZikf
3TVXtAsR1Inumwj472S9r4,0TlLq3lA83rQOYtrqBqSct
6oMuImdp5ZcFhWP0ESe6mG,7KOlJ92bu51cltsD9KU5I7
0Y5tJX1MQlPlqiwlOH1tJY,6gBFPUFcJLzWGx4lenP6h2
2YZyLoL8N0Wb9xBt1NhZWg,6HZILIRieu8S0iqY8kIKhj
7dGJo4pcD2V6oG8kP0tJRR,60SdxE8apGAxMiRrpbmLY0
6C1ohJrd5VydigQtaGy5Wa,60SdxE8apGAxMiRrpbmLY0
0A0FS04o6zMoto8OKPsDwY,0ZNrc4kNeQYD9koZ3KvCsy
17lzZA2AlOHwCwFALHttmp,0ZNrc4kNeQYD9koZ3KvCsy
0c173mlxpT3dSFRgMO8XPh,0ZNrc4kNeQYD9koZ3KvCsy
0hCNtLu0JehylgoiP8L4Gh,0ZNrc4kNeQYD9koZ3KvCsy
17lzZA2AlOHwCwFALHttmp,1nX9KhK3Fff27SnrIor2Yb
0Y5tJX1MQlPlqiwlOH1tJY,1nX9KhK3Fff27SnrIor2Yb
5fMUXHkw8R8eOP2RNVYEZX,53GO7SC0UJhG8Rcuvf5Zub
5gCRApTajqwbnHHPbr2Fpi,53GO7SC0UJhG8Rcuvf5Zub
0WOxhx4hikIsyF3CRPLC8W,53GO7SC0UJhG8Rcuvf5Zub
3wyVrVrFCkukjdVIdirGVY,53GO7SC0UJhG8Rcuvf5Zub
6vXTefBL93Dj5IqAWq6OTv,53GO7SC0UJhG8Rcuvf5Zub
4DdkRBBYG6Yk9Ka8tdJ9BW,7sO5G9EABYOXQKNPNiE9NR
0iEtIxbK0KxaSlF7G42ZOp,7sO5G9EABYOXQKNPNiE9NR
6oMuImdp5ZcFhWP0ESe6mG,0wbnC9AUenxp613TYaJsGK
6oMuImdp5ZcFhWP0ESe6mG,4wFjTWCunQFKtukqrNijEt
0hCNtLu0JehylgoiP8L4Gh,4wFjTWCunQFKtukqrNijEt
4kYSro6naA4h99UJvo89HB,4wFjTWCunQFKtukqrNijEt
2RDOrhPqAM4jzTRCEb19qX,1xzBco0xcoJEDXktl7Jxrr
13y7CgLHjMVRMDqxdx0Xdo,2G1tXoGBaEMJ7FKGnkf6ud
0du5cEVh5yTK9QJze8zA0C,2G1tXoGBaEMJ7FKGnkf6ud
46SHBwWsqBkxI7EeeBEQG7,2G1tXoGBaEMJ7FKGnkf6ud
0Y5tJX1MQlPlqiwlOH1tJY,2cYqizR4lgvp4Qu6IQ3qGN
0Y5tJX1MQlPlqiwlOH1tJY,1wHZx0LgzFHyeIZkUydNXq
20sxb77xiYeusSH8cVdatc,2IRZnDFmlqMuOrYOLnZZyc
3TVXtAsR1Inumwj472S9r4,2IRZnDFmlqMuOrYOLnZZyc
699OTQXzgjhIYAHMy9RyPD,2BJSMvOGABRxokHKB0OI8i
4O15NlyKLIASxsJ0PrXPfz,2BJSMvOGABRxokHKB0OI8i
246dkjvS1zLTtiykXe5h60,5yuShbu70mtHXY0yLzCQLQ
46SHBwWsqBkxI7EeeBEQG7,0FZ4Dmg8jJJAPJnvBIzD9z
4DdkRBBYG6Yk9Ka8tdJ9BW,0FZ4Dmg8jJJAPJnvBIzD9z
0Y5tJX1MQlPlqiwlOH1tJY,0FZ4Dmg8jJJAPJnvBIzD9z
6l3HvQ5sa6mXTsMTB19rO5,2JvzF1RMd7lE3KmFlsyZD8
0YinUQ50QDB7ZxSCLyQ40k,63cd4JkwGgYJrbOizbfmsp
6oMuImdp5ZcFhWP0ESe6mG,63cd4JkwGgYJrbOizbfmsp
6l3HvQ5sa6mXTsMTB19rO5,62vpWI1CHwFy7tMIcSStl8
1RyvyyTE3xzB2ZywiAwp0i,5274I4mUMnYczyeXkGDWZN
4MCBfE4596Uoi2O4DtmEMz,5274I4mUMnYczyeXkGDWZN
5CiGnKThu5ctn9pBxv7DGa,5E9YnE354Ua2h05nu4lmcA
4MCBfE4596Uoi2O4DtmEMz,5E9YnE354Ua2h05nu4lmcA
7aWpPjjgItUnXljFxYYKZI,68Hiprd6Ub4ifHFpUNNJns
6fWVd57NKTalqvmjRd2t8Z,68Hiprd6Ub4ifHFpUNNJns
0vRvGUQVUjytro0xpb26bs,72PFP54TZ9Tpj9dYQcb46D
1MXZ0hsGic96dWRDKwAwdr,5DPASDOoVakOcD8EIhb46T
137W8MRPWKqSmrBGDBFSop,5DPASDOoVakOcD8EIhb46T
51YACffgZvQwjs8J4ZVDQF,43nXNMMmm8RIlKGusmya3b
137W8MRPWKqSmrBGDBFSop,43nXNMMmm8RIlKGusmya3b
07Asx51VtMw5kbNXKrpZlq,2K2nfIHU02JUJtzLvUx0ju
6fWVd57NKTalqvmjRd2t8Z,2K2nfIHU02JUJtzLvUx0ju
6fWVd57NKTalqvmjRd2t8Z,2hx8cZug1bgRMXgW5RCTUV
6fWVd57NKTalqvmjRd2t8Z,7yL4wdksHlDnmKvofxMTBE
1RyvyyTE3xzB2ZywiAwp0i,5rK0pyEObO4DBFLy682QvR
64KEffDW9EtZ1y2vBYgq8T,5rK0pyEObO4DBFLy682QvR
4MCBfE4596Uoi2O4DtmEMz,285pBltuF7vW8TeWk8hdRR
6oMuImdp5ZcFhWP0ESe6mG,6p8NuHm8uCGnn2Dtbtf7zE
13y7CgLHjMVRMDqxdx0Xdo,6p8NuHm8uCGnn2Dtbtf7zE
1pPmIToKXyGdsCF6LmqLmI,1ZAyjvIk9YiD76yYy0TEG6
0A0FS04o6zMoto8OKPsDwY,3SZqA7rQvROJsCbUu2v0xa
5LHRHt1k9lMyONurDHEdrp,3SZqA7rQvROJsCbUu2v0xa
5bWUlnPx9OYKsLiUJrhCA1,3SZqA7rQvROJsCbUu2v0xa
4r63FhuTkUYltbVAg5TQnk,2gwkD6igEhQbDQegRCcdoB
4r63FhuTkUYltbVAg5TQnk,7f1zjZG77S891Uv4O68yfk
4DdkRBBYG6Yk9Ka8tdJ9BW,7f1zjZG77S891Uv4O68yfk
4qBgvVog0wzW75IQ48mU7v,6xbraxG0bSBOuAr5IUXmtM
6icQOAFXDZKsumw3YXyusw,6xbraxG0bSBOuAr5IUXmtM
4TEJudQY2pXxVHPE3gD2EU,4qKcDkK6siZ7Jp1Jb4m0aL
3TVXtAsR1Inumwj472S9r4,4qKcDkK6siZ7Jp1Jb4m0aL
3BbPRvYQ0M9SFmhkHXozLm,3AEgic4yp82NxMWUjHtxnO
3TVXtAsR1Inumwj472S9r4,5ry2OE6R2zPQFDO85XkgRb
1sBkRIssrMs1AbVkOJbc7a,5ry2OE6R2zPQFDO85XkgRb
4Ga1P7PMIsmqEZqhYZQgDo,1kBbgxAUc4HQv7cgIayIDH
5K4W6rqBFWDnAN6FQUkS6x,4qikXelSRKvoCqFcHLB2H2
0c173mlxpT3dSFRgMO8XPh,4qikXelSRKvoCqFcHLB2H2
0ONHkAv9pCAFxb0zJwDNTy,4qikXelSRKvoCqFcHLB2H2
17lzZA2AlOHwCwFALHttmp,4qikXelSRKvoCqFcHLB2H2
7jVv8c5Fj3E9VhNjxT4snq,6fTt0CH2t0mdeB2N9XFG5r
15UsOTVnJzReFVN1VCnxy4,7floNISpH8VF4z4459Qo18
2hWs22BmQkK4czFtDLnar2,5uDASfU19gDxSjW8cnCaBp
1rs3y69kDwkIdGJcOYngQt,5uDASfU19gDxSjW8cnCaBp
36Tn5h23ysORlLKc42UXfe,5uDASfU19gDxSjW8cnCaBp
6l3HvQ5sa6mXTsMTB19rO5,6onwlDmIVKE8bBgyBRSuS0
3EWxytcxaM0tksU6v3je2Q,6onwlDmIVKE8bBgyBRSuS0
0A0FS04o6zMoto8OKPsDwY,5IjRKZlpKVBBRn0COL7pik
6d47Z08T4snK50HgTEHo5Z,1UMKquW1olreYO1LlLmTqi
2ZavqCJe7uqkRpISes0NFi,1UMKquW1olreYO1LlLmTqi
3TVXtAsR1Inumwj472S9r4,23NWj2izXAJ4yL6Nah73wf
7bkdi7f1mxyYxWcBlwON4s,23NWj2izXAJ4yL6Nah73wf
6USMTwO0MNDnKte5a5h0xx,07rmSXN6vNoquX1AsWd9pP
41X1TR6hrK8Q2ZCpp2EqCz,07rmSXN6vNoquX1AsWd9pP
6oMuImdp5ZcFhWP0ESe6mG,2n5gVJ9fzeX2SSWlLQuyS9
0Y5tJX1MQlPlqiwlOH1tJY,20MuVazoNMv6xjKPnRFOxG
55Aa2cqylxrFIXC767Z865,7tGlzXJv6GD5e5qlu5YmDg
3TVXtAsR1Inumwj472S9r4,7tGlzXJv6GD5e5qlu5YmDg
1RyvyyTE3xzB2ZywiAwp0i,7tGlzXJv6GD5e5qlu5YmDg
5IcR3N7QB1j6KBL8eImZ8m,6tByydPskASjm9jTPkNQq0
0ErzCpIMyLcjPiwT4elrtZ,4sWuPniHClkInYAnzXAYUF
1anyVhU62p31KFi8MEzkbf,00ko9WaS4jOX1kEk3gvHjf
5SyGEPymt1G2uto47tVWvZ,00ko9WaS4jOX1kEk3gvHjf
4r63FhuTkUYltbVAg5TQnk,00ko9WaS4jOX1kEk3gvHjf
3Gm5F95VdRxW3mqCn8RPBJ,5hTpBe8h35rJ67eAWHQsJx
68kEuyFKyqrdQQLLsmiatm,41uX0L4bro4KfKtDIIEFFe
0ZJsvv5q5aTXullsMDvlyd,13jHiHnThQnn6TO4XE0gdh
3o46fnUhyOOORB1xfW1Bmh,13jHiHnThQnn6TO4XE0gdh
7iZtZyCzp3LItcw1wtPI3D,6fujklziTHa8uoM5OQSfIo
13y7CgLHjMVRMDqxdx0Xdo,6fujklziTHa8uoM5OQSfIo
1gPhS1zisyXr5dHTYZyiMe,0wdKiSBUT7aZkXUIdJWcwC
6PXS4YHDkKvl1wkIl4V8DL,5NQbUaeTEOGdD6hHcre0dZ
2s0yxtiHiyGe6CY4mbDYFi,5NQbUaeTEOGdD6hHcre0dZ
246dkjvS1zLTtiykXe5h60,6syOdAs4IK8kPWR7gDyjRw
0VRj0yCOv2FXJNP47XQnx5,6syOdAs4IK8kPWR7gDyjRw
7c0XG5cIJTrrAgEC3ULPiq,7t2bFihaDvhIrd2gn2CWJO
1Xyo4u8uXC1ZmMpatF05PJ,7t2bFihaDvhIrd2gn2CWJO
137W8MRPWKqSmrBGDBFSop,7t2bFihaDvhIrd2gn2CWJO
0YinUQ50QDB7ZxSCLyQ40k,7t2bFihaDvhIrd2gn2CWJO
4O15NlyKLIASxsJ0PrXPfz,2eMwDehkIC1j68U6FA3Eiq
1URnnhqYAYcrqrcwql10ft,5eqK0tbzUPo2SoeZsov04s
246dkjvS1zLTtiykXe5h60,1OmcAT5Y8eg5bUPv9qJT4R
1URnnhqYAYcrqrcwql10ft,1OmcAT5Y8eg5bUPv9qJT4R
3wyVrVrFCkukjdVIdirGVY,6foxplXS0YEq8cO374Lty4
7iZtZyCzp3LItcw1wtPI3D,4scpF6J5uMBvoh6sFB7EL1
1RyvyyTE3xzB2ZywiAwp0i,7EiZI6JVHllARrX9PUvAdX
1Xyo4u8uXC1ZmMpatF05PJ,7EiZI6JVHllARrX9PUvAdX
2YZyLoL8N0Wb9xBt1NhZWg,6REbwUNlppTfcnV4d4ZoZi
7pFeBzX627ff0VnN6bxPR4,275a9yzwGB6ncAW4SxY7q3
6oMuImdp5ZcFhWP0ESe6mG,6n4U3TlzUGhdSFbUUhTvLP
3TVXtAsR1Inumwj472S9r4,6n4U3TlzUGhdSFbUUhTvLP
246dkjvS1zLTtiykXe5h60,7dt6x5M1jzdTEt8oCbisTK
2RDOrhPqAM4jzTRCEb19qX,3QybPutx0Tjk472bBKjNWn
02kJSzxNuaWGqwubyUba0Z,6jmTHeoWvBaSrwWttr8Xvu
253mZZhgkLOjbAuogZiNbc,6jmTHeoWvBaSrwWttr8Xvu
5LHRHt1k9lMyONurDHEdrp,5IaHrVsrferBYDm0bDyABy
4DdkRBBYG6Yk9Ka8tdJ9BW,5IaHrVsrferBYDm0bDyABy
5K4W6rqBFWDnAN6FQUkS6x,4S8d14HvHb70ImctNgVzQQ
3wyVrVrFCkukjdVIdirGVY,4S8d14HvHb70ImctNgVzQQ
1cNDP5yjU5vjeR8qMf4grg,7eBqSVxrzQZtK2mmgRG6lC
3Fl1V19tmjt57oBdxXKAjJ,3oh6SCCeLuXhFpEyepla6G
1Xyo4u8uXC1ZmMpatF05PJ,7fBv7CLKzipRk6EC6TWHOB
1Xyo4u8uXC1ZmMpatF05PJ,7MXVkk9YMctZqd1Srtv4MB
4tZwfgrHOc3mvqYlEYSvVi,7MXVkk9YMctZqd1Srtv4MB
02kJSzxNuaWGqwubyUba0Z,2Xqd0wUttjueBfdcltADOv
13ubrt8QOOCPljQ2FL1Kca,2Xqd0wUttjueBfdcltADOv
4kYSro6naA4h99UJvo89HB,2Xqd0wUttjueBfdcltADOv
7jVv8c5Fj3E9VhNjxT4snq,53CJANUxooaqGOtdsBTh7O
1Zatb2YN4erBOoSivOXc0o,2JI71GHwq2LN8mtq3iCLYo
246dkjvS1zLTtiykXe5h60,3swc6WTsr7rl9DqQKQA55C
7c0XG5cIJTrrAgEC3ULPiq,3swc6WTsr7rl9DqQKQA55C
137W8MRPWKqSmrBGDBFSop,2JzZzZUQj3Qff7wapcbKjc
6VuMaDnrHyPL1p4EHjYLi7,2JzZzZUQj3Qff7wapcbKjc
02kJSzxNuaWGqwubyUba0Z,40YcuQysJ0KlGQTeGUosTC
64M6ah0SkkRsnPGtGiRAbb,40YcuQysJ0KlGQTeGUosTC
7dGJo4pcD2V6oG8kP0tJRR,5Z01UMMf7V1o0MzF86s6WJ
6vXTefBL93Dj5IqAWq6OTv,3B54sVLJ402zGa6Xm4YGNe
1zNqQNIdeOUZHb8zbZRFMX,3B54sVLJ402zGa6Xm4YGNe
2kCcBybjl3SAtIcwdWpUe3,4jvjzW7Hm0yK4LvvE0Paz9
15UsOTVnJzReFVN1VCnxy4,4jvjzW7Hm0yK4LvvE0Paz9
1Xyo4u8uXC1ZmMpatF05PJ,22VdIZQfgXJea34mQxlt81
7iZtZyCzp3LItcw1wtPI3D,1Ser4X0TKttOvo8bgdytTP
7hJcb9fa4alzcOq3EaNPoG,5HQVUIKwCEXpe7JIHyY734
137W8MRPWKqSmrBGDBFSop,5HQVUIKwCEXpe7JIHyY734
0du5cEVh5yTK9QJze8zA0C,5HQVUIKwCEXpe7JIHyY734
31W5EY0aAly4Qieq6OFu6I,1f5cbQtDrykjarZVrShaDI
46SHBwWsqBkxI7EeeBEQG7,1f5cbQtDrykjarZVrShaDI
6qqNVTkY8uBg9cP3Jd7DAH,2Fxmhks0bxGSBdJ92vM42m
246dkjvS1zLTtiykXe5h60,3KkXRkHbMCARz0aVfEt68P
1zNqQNIdeOUZHb8zbZRFMX,3KkXRkHbMCARz0aVfEt68P
46SHBwWsqBkxI7EeeBEQG7,4Q3N4Ct4zCuIHuZ65E3BD4
4O15NlyKLIASxsJ0PrXPfz,2ANLarE8yHVsLWW21nj79M
7d3WFRME3vBY2cgoP38RDo,7oJrVhiTPZGBXWPwhxjy9S
55Aa2cqylxrFIXC767Z865,4dASQiO1Eoo3RJvt74FtXB
137W8MRPWKqSmrBGDBFSop,4dASQiO1Eoo3RJvt74FtXB
53XhwfbYqKCa1cC15pYq2q,4dASQiO1Eoo3RJvt74FtXB
3NPpFNZtSTHheNBaWC82rB,4dASQiO1Eoo3RJvt74FtXB
4xRYI6VqpkE3UwrDrAZL8L,4dASQiO1Eoo3RJvt74FtXB
7c0XG5cIJTrrAgEC3ULPiq,4dASQiO1Eoo3RJvt74FtXB
246dkjvS1zLTtiykXe5h60,75ZvA4QfFiZvzhj2xkaWAh
5jJjvmEwRr8epuGZq4eUUa,1qzckO538IWjqa7eCQdSJ4
4r63FhuTkUYltbVAg5TQnk,1qzckO538IWjqa7eCQdSJ4
37hAfseJWi0G3Scife12Il,1qzckO538IWjqa7eCQdSJ4
0wHeZY93Ede0g1jXaWsiFS,1xMvdOFQaql3EBkHmuh2TK
1gPhS1zisyXr5dHTYZyiMe,03ERnTvSV5fy8WAyvA4uNP
3X0G2SCuepKPCWJp95w8yz,4Js2MCBgl8wupEjKewj0kT
4MCBfE4596Uoi2O4DtmEMz,2Y0wPrPQBrGhoLn14xRYCG
64KEffDW9EtZ1y2vBYgq8T,2Y0wPrPQBrGhoLn14xRYCG
5bgfj5zUoWpyeVatGDjn6H,6225vlQNgif1W5dE5KN6Y6
3HiuzBlSW7pGDXlSFMhO2g,5QbzvnhnS0CZMHjFGIwfHd
137W8MRPWKqSmrBGDBFSop,5QbzvnhnS0CZMHjFGIwfHd
6z1cicLMt9XArxN10q7m8a,4P6BuLsqtg5uISdE77ypI9
5LHRHt1k9lMyONurDHEdrp,4P6BuLsqtg5uISdE77ypI9
6Ha4aES39QiVjR0L2lwuwq,4knL4iPxPOZjQzTUlELGSY
0hCNtLu0JehylgoiP8L4Gh,4knL4iPxPOZjQzTUlELGSY
0jnsk9HBra6NMjO2oANoPY,2LEF1A8DOZ9wRYikWgVlZ8
7z5WFjZAIYejWy0NI5lv4T,0vzSAyinyA619ZbrOaAi04
3TVXtAsR1Inumwj472S9r4,2BcMwX1MPV6ZHP4tUT9uq6
1URnnhqYAYcrqrcwql10ft,2BcMwX1MPV6ZHP4tUT9uq6
08Ld63UgKrJ0nZnCkzHtzc,2BcMwX1MPV6ZHP4tUT9uq6
1ZwdS5xdxEREPySFridCfh,0Z2J91b2iTGLVTZC4fKgxf
2jp3Fk52x0HbymU0lNYbSC,0Z2J91b2iTGLVTZC4fKgxf
6AgTAQt8XS6jRWi4sX7w49,18vXApRmJSgQ6wG2ll9AOg
6cK3NBO6uP7hh0oyuVELFl,2etHQJxIbV0soyPhelVs9Y
5cj0lLjcoR7YOSnhnX0Po5,2etHQJxIbV0soyPhelVs9Y
0ZrpamOxcZybMHGg1AYtHP,0n4bITAu0Y0nigrz3MFJMb
4OBJLual30L7gRl5UkeRcT,0n4bITAu0Y0nigrz3MFJMb
2RdwBSPQiwcmiDo9kixcl8,0n4bITAu0Y0nigrz3MFJMb
0du5cEVh5yTK9QJze8zA0C,7MAibcTli4IisCtbHKrGMh
3jK9MiCrA42lLAdMGUZpwa,7MAibcTli4IisCtbHKrGMh
6PvvGcCY2XtUcSRld1Wilr,7MAibcTli4IisCtbHKrGMh
2LIk90788K0zvyj2JJVwkJ,4DuUwzP4ALMqpquHU0ltAB
181bsRPaVXVlUKXrxwZfHK,5v4GgrXPMghOnBBLmveLac
6vWDO969PvNqNYHIOW5v0m,5v4GgrXPMghOnBBLmveLac
3TVXtAsR1Inumwj472S9r4,0k1WUmIRnG3xU6fvvDVfRG
1RyvyyTE3xzB2ZywiAwp0i,0k1WUmIRnG3xU6fvvDVfRG
50co4Is1HCEo8bhOyUWKpn,0k1WUmIRnG3xU6fvvDVfRG
45TgXXqMDdF8BkjA83OM7z,591ks2A0o7ratTpiRdI7M6
79Sxz4bJeibdabevi9PAVi,2OcLr0onQU36t5oQ5NTMpy
372IgXgnCt4wlfumrMTIOs,2OcLr0onQU36t5oQ5NTMpy
0RESbWvOMyua0yuyVrztJ5,6SDAOIs8wLJvhEXcIMgm5f
3DELNHPLdJgXkDHOTt3ok8,5GPm7PsMQwceQvfYlGXcCt
7hJcb9fa4alzcOq3EaNPoG,5GPm7PsMQwceQvfYlGXcCt
3Mcii5XWf6E0lrY3Uky4cA,5GPm7PsMQwceQvfYlGXcCt
3crnzLy8R4lVwaigKEOz7V,5GPm7PsMQwceQvfYlGXcCt
4sb7rZNN93BSS6Gqgepo4v,5GPm7PsMQwceQvfYlGXcCt
3Mcii5XWf6E0lrY3Uky4cA,5880eYQmXx3c3oD22IljIt
1D4bP2qFi4EcC4ZdBgH5F8,3zpV1pF29S3jPGNY1J8HZo
52dJMOJVjZ8ArXL4dDJ3Nd,4y35lEbyqHAuVEVMe4waSE
6MPCFvOQv5cIGfw3jODMF0,02kDW379Yfd5PzW5A6vuGt
2hlmm7s2ICUX0LVIhVFlZQ,02kDW379Yfd5PzW5A6vuGt
4Gso3d4CscCijv0lmajZWs,02kDW379Yfd5PzW5A6vuGt
7rkW85dBwwrJtlHRDkJDAC,02kDW379Yfd5PzW5A6vuGt
5SXuuuRpukkTvsLuUknva1,7Bpx2vsWfQFBACRz4h3IqH
2YZyLoL8N0Wb9xBt1NhZWg,7Bpx2vsWfQFBACRz4h3IqH
2jku7tDXc6XoB6MO2hFuqg,33OeHNGJA124QytVD0BeQK
4r63FhuTkUYltbVAg5TQnk,33OeHNGJA124QytVD0BeQK
6C1ohJrd5VydigQtaGy5Wa,4TIqzdAssasqx3DAe6cG9J
5f7VJjfbwm532GiveGC0ZK,4TIqzdAssasqx3DAe6cG9J
6mfQpFxRlsPPBfxmowxIhY,627IFsuW7eFp9Mj5dg5cQr
5GlqPEwXzTqMLZhXM6QscB,627IFsuW7eFp9Mj5dg5cQr
1ffPqUXh4nXQQ4l0fu7s54,627IFsuW7eFp9Mj5dg5cQr
2pGoUgClqb0BWyjIxwnY8I,627IFsuW7eFp9Mj5dg5cQr
3QT9g7gDQTUKdoShU4HdXM,627IFsuW7eFp9Mj5dg5cQr
4pnp4w9g30yLfVIAFnZMRd,20on25jryn53hWghthWWW3
1c70yCa8sRgIiQxl3HOEFo,20on25jryn53hWghthWWW3
2tIP7SsRs7vjIcLrU85W8J,5HCyWlXZPP0y6Gqq8TgA20
1uNFoZAHBGtllmzznpCI3s,5HCyWlXZPP0y6Gqq8TgA20
0eDvMgVFoNV3TpwtrVCoTj,0PvFJmanyNQMseIFrU708S
5f7VJjfbwm532GiveGC0ZK,0PvFJmanyNQMseIFrU708S
4r63FhuTkUYltbVAg5TQnk,0PvFJmanyNQMseIFrU708S
4yvcSjfu4PC0CYQyLy4wSq,3USxtqRwSYz57Ewm6wWRMp
3TVXtAsR1Inumwj472S9r4,2SAqBLGA283SUiwJ3xOUVI
3hcs9uc56yIGFCSy9leWe7,2SAqBLGA283SUiwJ3xOUVI
0eDvMgVFoNV3TpwtrVCoTj,1tkg4EHVoqnhR6iFEXb60y
4Ga1P7PMIsmqEZqhYZQgDo,21AJQhGZpujjZQXByZAXpr
2hlmm7s2ICUX0LVIhVFlZQ,21AJQhGZpujjZQXByZAXpr
3TVXtAsR1Inumwj472S9r4,5uA5D9o5jGFuITTw3aXQgB
0Y5tJX1MQlPlqiwlOH1tJY,5uA5D9o5jGFuITTw3aXQgB
4r63FhuTkUYltbVAg5TQnk,7ytR5pFWmSjzHJIeQkgog4
757aE44tKEUQEqRuT6GnEB,7ytR5pFWmSjzHJIeQkgog4
2kCO8LXN1usaOPL3iEE28I,7GZXPa81LzAgzmVg9G6BUM
6fWVd57NKTalqvmjRd2t8Z,7GZXPa81LzAgzmVg9G6BUM
3ciRvbBIVz9fBoPbtSYq4x,39jxVaEhI8R7csdu7GAjmL
4z9vT1dkrovMxFPrEnbkP4,39jxVaEhI8R7csdu7GAjmL
3ciRvbBIVz9fBoPbtSYq4x,1bTphHXspys3RvvRxfzzIc
5einkgXXrjhfYCyac1FANB,1bTphHXspys3RvvRxfzzIc
3ciRvbBIVz9fBoPbtSYq4x,41PWz0hAiU9FqsmjR9Wh62
23zg3TcAtWQy7J6upgbUnj,41PWz0hAiU9FqsmjR9Wh62
3ipn9JLAPI5GUEo4y4jcoi,41PWz0hAiU9FqsmjR9Wh62
3ciRvbBIVz9fBoPbtSYq4x,7MSwclTvW6KLLkTbmw9FUQ
3D04N2X2w6vUGeyG94FBaY,7MSwclTvW6KLLkTbmw9FUQ
3ciRvbBIVz9fBoPbtSYq4x,3HnhrVBybVBzp9yEQcAzfC
3Mcii5XWf6E0lrY3Uky4cA,3HnhrVBybVBzp9yEQcAzfC
3ciRvbBIVz9fBoPbtSYq4x,4X13MIZR2P4mon0udxgKhW
5pnbUBPifNnlusY8kTBivi,4X13MIZR2P4mon0udxgKhW
2x8KDZdSONA3872CnhaAlX,4X13MIZR2P4mon0udxgKhW
3ciRvbBIVz9fBoPbtSYq4x,6LmDWlzYKzg6Y3lbuV4jgw
0rkDjsewFjH9KqV4jCiEik,6LmDWlzYKzg6Y3lbuV4jgw
4sb7rZNN93BSS6Gqgepo4v,6LmDWlzYKzg6Y3lbuV4jgw
2OqENqJFXPORP4BUGnu2Qq,2QJsUSpI6tuKFiKJKOLfOU
5einkgXXrjhfYCyac1FANB,4ubprxt14HoeppCGViXXfN
6cwlhbT6PnscdmUYCLUJsa,79jaa2QGadIViTda6v5Q31
7iMvwE8qANp3aIfAGKEAwS,79jaa2QGadIViTda6v5Q31
5pnbUBPifNnlusY8kTBivi,79jaa2QGadIViTda6v5Q31
1YfEcTuGvBQ8xSD1f53UnK,79jaa2QGadIViTda6v5Q31
3ciRvbBIVz9fBoPbtSYq4x,2fT7jfIwN62hWmhVcfP1Cg
3crnzLy8R4lVwaigKEOz7V,2fT7jfIwN62hWmhVcfP1Cg
4Js9eYwAf9rypNtV8pNSw9,2fT7jfIwN62hWmhVcfP1Cg
45a6gCQWq61lIUDmr1tKuO,2fT7jfIwN62hWmhVcfP1Cg
6B16XZWuJ9VERn7pXxCIda,2fT7jfIwN62hWmhVcfP1Cg
3ciRvbBIVz9fBoPbtSYq4x,6ro8Rx5kXXiIFmjPTlJjAI
3ciRvbBIVz9fBoPbtSYq4x,74ozBdPG4zfj1hv7EF5hwP
51GnGVvOHfqOBA2ME9nZ1Z,74ozBdPG4zfj1hv7EF5hwP
0OMJR0LjjKv21qNvICTgbi,74ozBdPG4zfj1hv7EF5hwP
3ciRvbBIVz9fBoPbtSYq4x,4MY1LZRZOblNUawGvCehBn
5pnbUBPifNnlusY8kTBivi,4MY1LZRZOblNUawGvCehBn
2x8KDZdSONA3872CnhaAlX,4MY1LZRZOblNUawGvCehBn
0fbFfVckGKsDbAfYnB5mD1,47FjToieQbxqNnuiRRQtym
15Y1yUEchPPl4w20CLvFyb,2bT4MPXE908eg5OYP40DAw
0fbFfVckGKsDbAfYnB5mD1,2bT4MPXE908eg5OYP40DAw
3ciRvbBIVz9fBoPbtSYq4x,5s992kwS2vr9SgrQsBootT
3ipn9JLAPI5GUEo4y4jcoi,5s992kwS2vr9SgrQsBootT
4sb7rZNN93BSS6Gqgepo4v,5s992kwS2vr9SgrQsBootT
1GeODmmQycY9UqF4MLO94I,5s992kwS2vr9SgrQsBootT
2PJnn4tJWudLd15ps3QbW6,5s992kwS2vr9SgrQsBootT
3ciRvbBIVz9fBoPbtSYq4x,6uWliNGZEZKGMPwSwccdjG
3LIJJJkO7R5RasRwt7xIn5,6uWliNGZEZKGMPwSwccdjG
53B8dEQzmtefvkdCAkO0YR,6uWliNGZEZKGMPwSwccdjG
07VmOvmuBp9G0gb8BTrpn0,59rtiYOPgMEDf3yPEfU2la
0k7Xl1pqI3tu8sSEjo5oEg,59rtiYOPgMEDf3yPEfU2la
0st5vgzw9XkH5ALJiUM1lE,59rtiYOPgMEDf3yPEfU2la
07VmOvmuBp9G0gb8BTrpn0,64NdPYarVxVmHcYYXDekg3
07VmOvmuBp9G0gb8BTrpn0,7xVwhsuZTUWhIyFeDH6rYr
07VmOvmuBp9G0gb8BTrpn0,5vWwuFTSoPdyY8rH1mui8W
45a6gCQWq61lIUDmr1tKuO,5vWwuFTSoPdyY8rH1mui8W
7hJcb9fa4alzcOq3EaNPoG,5vWwuFTSoPdyY8rH1mui8W
07VmOvmuBp9G0gb8BTrpn0,5Gg42VWorPsILbSkHbwZ5F
3Odbrr8Ig2eyvaNrc7kOVm,5Gg42VWorPsILbSkHbwZ5F
7jFaoqWPhYLrKzjzlpXmUO,0DW5anNzTO7h0OlKqFsVQ6
4Q5sPmM8j4SpMqL4UA1DtS,0DW5anNzTO7h0OlKqFsVQ6
7jFaoqWPhYLrKzjzlpXmUO,5CWyE2OcZI1HVnHBh4RrKF
6AMa1VFQ7qCi61tCRtVWXe,4zh5aVAWAKkeXTmXPkQ7uL
7bXgB6jMjp9ATFy66eO08Z,4zh5aVAWAKkeXTmXPkQ7uL
23LbwefIODbyGdRbAz3urj,4zh5aVAWAKkeXTmXPkQ7uL
7jFaoqWPhYLrKzjzlpXmUO,4zh5aVAWAKkeXTmXPkQ7uL
2OqENqJFXPORP4BUGnu2Qq,5TpaWJKnuyA4MjzAbFXSTQ
7sfl4Xt5KmfyDs2T3SVSMK,5TpaWJKnuyA4MjzAbFXSTQ
2LIk90788K0zvyj2JJVwkJ,2MbdDtCv5LUVjYy9RuGTgC
2jku7tDXc6XoB6MO2hFuqg,2MbdDtCv5LUVjYy9RuGTgC
4r63FhuTkUYltbVAg5TQnk,2MbdDtCv5LUVjYy9RuGTgC
55Aa2cqylxrFIXC767Z865,2MbdDtCv5LUVjYy9RuGTgC
4kYSro6naA4h99UJvo89HB,2771LMNxwf62FTAdpJMQfM
6l3HvQ5sa6mXTsMTB19rO5,2wAJTrFhCnQyNSD3oUgTZO
246dkjvS1zLTtiykXe5h60,6IaieqiCVvsNvEt6Y7yOFa
0hCNtLu0JehylgoiP8L4Gh,6IaieqiCVvsNvEt6Y7yOFa
7dGJo4pcD2V6oG8kP0tJRR,7FIWs0pqAYbP91WWM0vlTQ
4MCBfE4596Uoi2O4DtmEMz,7FIWs0pqAYbP91WWM0vlTQ
3TVXtAsR1Inumwj472S9r4,4jtyUzZm9WLc2AdaJ1dso7
1RyvyyTE3xzB2ZywiAwp0i,49zD0wr2S3d0lZPib0K4e1
4f9iBmdUOhQWeP7dcAn1pf,3erAiWBiKsbVG39cqCrsI0
6veh5zbFpm31XsPdjBgPER,5yorXJWdBan1Vlh116ZtQ7
3nFkdlSjzX9mRTtwJOzDYB,4Li2WHPkuyCdtmokzW2007
5K4W6rqBFWDnAN6FQUkS6x,4Li2WHPkuyCdtmokzW2007
7dGJo4pcD2V6oG8kP0tJRR,7lQ8MOhq6IN2w8EYcFNSUk
7dGJo4pcD2V6oG8kP0tJRR,4xkOaSrkexMciUUogZKVTS
1Oa0bMld0A3u5OTYfMzp5h,4xkOaSrkexMciUUogZKVTS
5Qi4Bb7a8C0a00NZcA77L0,5IweeQZdY5XEzStLzUJG5t
7dGJo4pcD2V6oG8kP0tJRR,7zl7kehxesNEo2pYkKXTSe
2LIk90788K0zvyj2JJVwkJ,7zl7kehxesNEo2pYkKXTSe
0huGjMyP507tBCARyzSkrv,7zl7kehxesNEo2pYkKXTSe
7dGJo4pcD2V6oG8kP0tJRR,1jo3TwNGCXfNdB5uba3ZVv
7dGJo4pcD2V6oG8kP0tJRR,561jH07mF1jHuk7KlaeF0s
7dGJo4pcD2V6oG8kP0tJRR,3yfqSUWxFvZELEM4PmlwIR
7dGJo4pcD2V6oG8kP0tJRR,1dWimOlV5KUHDerWZVDv5l
1YfEcTuGvBQ8xSD1f53UnK,440JHgcmlgu65MbKBg20ba
4iHNK0tOyZPYnBU7nGAgpQ,440JHgcmlgu65MbKBg20ba
7JXCJDLGh1k9cg6JbYCpYl,440JHgcmlgu65MbKBg20ba
1XlLhtgJjC4ROQZilBZAvw,72KLMEKkWDJfqQ2iiwDqHa
1ShZZUjkbXCjhwrb18BA8I,72KLMEKkWDJfqQ2iiwDqHa
0jx4hPtb5enLdBDdHKuSgf,72cKCgYH6RZv4AcfEJ9S8o
5qemOGVyAF9vszpwncpIjU,5l4WHxaPQ4gVeGhYJQnsGr
573vxT6vzhNRzTVIuVRnLj,5l4WHxaPQ4gVeGhYJQnsGr
57cZEJjLppvEmppehjqwmI,5l4WHxaPQ4gVeGhYJQnsGr
4vcgrP8o8wqHxQjaIOqQLy,5l4WHxaPQ4gVeGhYJQnsGr
6ejeZrClcoftzcVSR18OqI,5l4WHxaPQ4gVeGhYJQnsGr
0CKa42Jqrc9fSFbDjePaXP,36N2bDLedBsK9VylCszIwH
3ipn9JLAPI5GUEo4y4jcoi,36N2bDLedBsK9VylCszIwH
45a6gCQWq61lIUDmr1tKuO,36N2bDLedBsK9VylCszIwH
5he5w2lnU9x7JFhnwcekXX,65ES1qwOB577ZnTkizMXJJ
2YZyLoL8N0Wb9xBt1NhZWg,65ES1qwOB577ZnTkizMXJJ
56mfhUDKa1vec6rSLZV5Eg,1xQ6trAsedVPCdbtDAmk0c
07YZf4WDAMNwqr4jfgOZ8y,1xQ6trAsedVPCdbtDAmk0c
5ILgJERmX20rZuVVDQ7z5P,2KpOQtEJ1twefxHOt4JwfF
246dkjvS1zLTtiykXe5h60,21jGcNKet2qwijlDFuPiPb
5Matrg5du62bXwer29cU5T,4BbKdA6szsCVCpLtlKKbX4
37ASGd4rWpHjuVonnYAN6S,4BbKdA6szsCVCpLtlKKbX4
67gqUXxHedeUGDTxwBzdjS,4w7lBzX0EcDuy8tQLQvjC2
3ipn9JLAPI5GUEo4y4jcoi,4w7lBzX0EcDuy8tQLQvjC2
6U3ybJ9UHNKEdsH7ktGBZ7,4w7lBzX0EcDuy8tQLQvjC2
0huGjMyP507tBCARyzSkrv,0mb3uDw5vfFUcZfJYFOMRu
757aE44tKEUQEqRuT6GnEB,0mb3uDw5vfFUcZfJYFOMRu
50co4Is1HCEo8bhOyUWKpn,7zjEyeBsaw9gV0jofJLfOM
13ubrt8QOOCPljQ2FL1Kca,7zjEyeBsaw9gV0jofJLfOM
246dkjvS1zLTtiykXe5h60,7zjEyeBsaw9gV0jofJLfOM
3Y7RZ31TRPVadSFVy1o8os,428JUvntvW20r9hOOpFAao
0A0FS04o6zMoto8OKPsDwY,428JUvntvW20r9hOOpFAao
5MAp6rMiUJjRLXMWtArXRS,4iZdCChpb4nEH2jirUH90e
0A0FS04o6zMoto8OKPsDwY,19OHDib8Jrqi3o2nm5lzdA
4yBK75WVCQXej1p04GWqxH,19OHDib8Jrqi3o2nm5lzdA
5lHRUCqkQZCIWeX7xG4sYT,19OHDib8Jrqi3o2nm5lzdA
7jFaoqWPhYLrKzjzlpXmUO,5n4Ws20sveldU4wt5UT4Ej
3q7HBObVc0L8jNeTe5Gofh,69bHJ9qs5FrUJbKP8xU8uZ
5yCd7bxcAc3MdQ1h54ESsD,4MMqj7HaLL8BphbBZnlsdq
3s2wTjWxK8NOX09dmsvVOh,4MMqj7HaLL8BphbBZnlsdq
1Oa0bMld0A3u5OTYfMzp5h,4MMqj7HaLL8BphbBZnlsdq
0qziYi2GvPoLPnchRMQdxk,4MMqj7HaLL8BphbBZnlsdq
137W8MRPWKqSmrBGDBFSop,0odHj0qIf86vHBsXB30IkZ
4fQHCuys7JZvaQzRvB1kPR,0odHj0qIf86vHBsXB30IkZ
1UH80jhsYsFztK0anu2FNS,1YR9iNGXtsbrd8deR9ULDD
1rHOtdmGNr5vcYNw5v7QGC,1YR9iNGXtsbrd8deR9ULDD
2YZyLoL8N0Wb9xBt1NhZWg,3aGibUHhQyBsyumYHylw0K
4sb7rZNN93BSS6Gqgepo4v,5K5dQsYdSdo2LKdepxbYAd
6XswoC68grx55in1WQnJ7E,5K5dQsYdSdo2LKdepxbYAd
2YZyLoL8N0Wb9xBt1NhZWg,6PGoSes0D9eUDeeAafB2As
3qBKjEOanahMxlRojwCzhI,6PGoSes0D9eUDeeAafB2As
23zg3TcAtWQy7J6upgbUnj,47TqCCnEliDp8NRDyIQoQq
23zg3TcAtWQy7J6upgbUnj,2QsZVnbWVSjKMXK6K3uRBL
23zg3TcAtWQy7J6upgbUnj,7J41dYQolQJEtj3UmKLu5r
23zg3TcAtWQy7J6upgbUnj,5rb9QrpfcKFHM1EUbSIurX
7sfl4Xt5KmfyDs2T3SVSMK,5rb9QrpfcKFHM1EUbSIurX
3ipn9JLAPI5GUEo4y4jcoi,5rb9QrpfcKFHM1EUbSIurX
23zg3TcAtWQy7J6upgbUnj,68vgtRHr7iZHpzGpon6Jlo
3DiDSECUqqY1AuBP8qtaIa,68vgtRHr7iZHpzGpon6Jlo
23zg3TcAtWQy7J6upgbUnj,5j0McHPthKpOXRr3fBq8M0
4yBK75WVCQXej1p04GWqxH,5j0McHPthKpOXRr3fBq8M0
23zg3TcAtWQy7J6upgbUnj,28AUzRo0nQLESL55WDV0um
0TnOYISbd1XYRBk9myaseg,28AUzRo0nQLESL55WDV0um
23zg3TcAtWQy7J6upgbUnj,1bM50INir8voAkVoKuvEUI
085pc2PYOi8bGKj0PNjekA,1bM50INir8voAkVoKuvEUI
23zg3TcAtWQy7J6upgbUnj,7z3N2W7Xz1t2G2sAO8wFVH
1Cs0zKBU1kc0i8ypK3B9ai,1tAutlhI9FwnKn7fVgmd5P
23zg3TcAtWQy7J6upgbUnj,1tAutlhI9FwnKn7fVgmd5P
59wfkuBoNyhDMQGCljbUbA,7lVNTXkI3cHFvcXiI8damb
2gie1bU1LwnxdFAJoTLjzT,7lVNTXkI3cHFvcXiI8damb
23zg3TcAtWQy7J6upgbUnj,7lVNTXkI3cHFvcXiI8damb
7bXgB6jMjp9ATFy66eO08Z,7xYnUQigPoIDAMPVK79NEq
6Uh8uJyN9g7oFjDK16nJgb,7xYnUQigPoIDAMPVK79NEq
7bXgB6jMjp9ATFy66eO08Z,5Lgcn7u07bHuqbOtXkN62u
7bXgB6jMjp9ATFy66eO08Z,3wKKkGVn7cVSfgPeYYIiXG
3aQeKQSyrW4qWr35idm0cy,3wKKkGVn7cVSfgPeYYIiXG
7bXgB6jMjp9ATFy66eO08Z,5F7IJrXD6Fa3EmqoYE0gU4
7bXgB6jMjp9ATFy66eO08Z,3hsmbFKT5Cujb5GQjqEU39
55Aa2cqylxrFIXC767Z865,3hsmbFKT5Cujb5GQjqEU39
1YfEcTuGvBQ8xSD1f53UnK,3hsmbFKT5Cujb5GQjqEU39
7bXgB6jMjp9ATFy66eO08Z,2QtxlzvSBONjs1bDC34ixs
7bXgB6jMjp9ATFy66eO08Z,5BrTUo0xP1wKXLJWUaGFtk
55Aa2cqylxrFIXC767Z865,5BrTUo0xP1wKXLJWUaGFtk
5LHRHt1k9lMyONurDHEdrp,5BrTUo0xP1wKXLJWUaGFtk
55Aa2cqylxrFIXC767Z865,46lIt6GmL0VkkbuUyGDbCs
3aQeKQSyrW4qWr35idm0cy,46lIt6GmL0VkkbuUyGDbCs
12PSlydMSjEHzSCj9X5qv7,27mhCGdAA8gM7b33KIiB3k
3aQeKQSyrW4qWr35idm0cy,27mhCGdAA8gM7b33KIiB3k
3aQeKQSyrW4qWr35idm0cy,5kxddRG1RZaZROadk7iC4D
0z4gvV4rjIZ9wHck67ucSV,5kxddRG1RZaZROadk7iC4D
3aQeKQSyrW4qWr35idm0cy,2aIdVb8v9KTpEZnftkz2mD
23LbwefIODbyGdRbAz3urj,2aIdVb8v9KTpEZnftkz2mD
1sBkRIssrMs1AbVkOJbc7a,3n5qF6aprwEIjHWuH5jECM
3aQeKQSyrW4qWr35idm0cy,3n5qF6aprwEIjHWuH5jECM
3aQeKQSyrW4qWr35idm0cy,0F7rEdewJ6cSLylOZZpDu7
3aQeKQSyrW4qWr35idm0cy,3xQCXDHNJXSVxECjTJCHFu
55Aa2cqylxrFIXC767Z865,3xQCXDHNJXSVxECjTJCHFu
3aQeKQSyrW4qWr35idm0cy,1lih9AUGlOI2qbAkptdBsr
07VmOvmuBp9G0gb8BTrpn0,1lih9AUGlOI2qbAkptdBsr
0jnsk9HBra6NMjO2oANoPY,0CAfXk7DXMnon4gLudAp7J
3aQeKQSyrW4qWr35idm0cy,0CAfXk7DXMnon4gLudAp7J
7LnaAXbDVIL75IVPnndf7w,08uGhvS5MfBk7crUCpnjva
3aQeKQSyrW4qWr35idm0cy,08uGhvS5MfBk7crUCpnjva
5K4W6rqBFWDnAN6FQUkS6x,14blxrgE0VWAgv5aF2wWmx
3aQeKQSyrW4qWr35idm0cy,14blxrgE0VWAgv5aF2wWmx
3crnzLy8R4lVwaigKEOz7V,7g7M96UGiA7OR79H86gV4m
3aQeKQSyrW4qWr35idm0cy,7g7M96UGiA7OR79H86gV4m
41TccBHnkaVhhgCgl83JU8,7g7M96UGiA7OR79H86gV4m
55Aa2cqylxrFIXC767Z865,0z5ZPs57J2KERwM1tBM2GF
7BAaznGSsqcksud4R5ou5z,0z5ZPs57J2KERwM1tBM2GF
5ndkK3dpZLKtBklKjxNQwT,2LvRR121MWFmmEGkuV2vQP
17lzZA2AlOHwCwFALHttmp,2LvRR121MWFmmEGkuV2vQP
23LbwefIODbyGdRbAz3urj,05Sgj1Hx03ZXc57gsV1kfX
14J79DfdiKcztA7WrrpqIP,05Sgj1Hx03ZXc57gsV1kfX
7sfl4Xt5KmfyDs2T3SVSMK,6o3s08kk2fQI37vxGZDrJ1
3crnzLy8R4lVwaigKEOz7V,6o3s08kk2fQI37vxGZDrJ1
2ZVEnkCKF0ytNHpj9cLxte,6o3s08kk2fQI37vxGZDrJ1
1ZwdS5xdxEREPySFridCfh,3ssX20QT5c3nA9wk78V1LQ
55Aa2cqylxrFIXC767Z865,6ScJMrlpiLfZUGtWp4QIVt
0NbfKEOTQCcwd6o7wSDOHI,4PmMVdIFpJTB9WQbmILf4p
3q7HBObVc0L8jNeTe5Gofh,4PmMVdIFpJTB9WQbmILf4p
4OBJLual30L7gRl5UkeRcT,7u6aTzXw1JtiK5sr7XctFs
2gBjLmx6zQnFGQJCAQpRgw,7kAFSrTIOiVZ0gnHBuAH3l
07W0YfsvHM7Mw7Bq48Mb0A,7kAFSrTIOiVZ0gnHBuAH3l
7k5N7JJKEPUPQfK8whGITe,7kAFSrTIOiVZ0gnHBuAH3l
6kD993mKIytiN9sE6VyRfa,7kAFSrTIOiVZ0gnHBuAH3l
4AllEJE7mVkhhyUV6DjqPz,2ajhenDRiiAnCHHjsIOHhJ
4Js9eYwAf9rypNtV8pNSw9,4MeDnO5yA2Zi6IMlVApRci
0rG0AZBscc8S8q1ahIsasI,6o2g1BJvtYQssH84kBYs7y
55Aa2cqylxrFIXC767Z865,6o2g1BJvtYQssH84kBYs7y
0fbFfVckGKsDbAfYnB5mD1,6o2g1BJvtYQssH84kBYs7y
55Aa2cqylxrFIXC767Z865,0EHR9OObFtjlhQB8wSt1m7
4HgF4KnohByNElYid7iCNb,0EHR9OObFtjlhQB8wSt1m7
2zJoKYyLmhvsq3ORbXE7xF,0EHR9OObFtjlhQB8wSt1m7
6GMYJwaziB4ekv1Y6wCDWS,66TRwr5uJwPt15mfFkzhbi
1Zz5UxfKSSqc6hpa3xJPCw,0jSMveIWvnhDIvzqN74Uc7
0z4gvV4rjIZ9wHck67ucSV,2kQuhkFX7uSVepCD3h29g5
7dGJo4pcD2V6oG8kP0tJRR,2kQuhkFX7uSVepCD3h29g5
0VKTLKamj4IH8OfQbUL0kq,7cVmKBwzPsh4Fmb6SplfEm
5Q2iqZJMIZVSTEJWOYh4kP,7cVmKBwzPsh4Fmb6SplfEm
4FZBzAqTsS12zKdb9Gr2uz,7cVmKBwzPsh4Fmb6SplfEm
6vbY3hOaCAhC7VjucswgdS,024Q1MI4uaYHF6j2Q2ZYgF
1HwM5zlC5qNWhJtM00yXzG,6RUpJeXT6U4SPEafnr9Wr7
0QHgL1lAIqAw0HtD7YldmP,6u5M4jPpYkoRV4vVHDQvkd
3aQeKQSyrW4qWr35idm0cy,6u5M4jPpYkoRV4vVHDQvkd
3ipn9JLAPI5GUEo4y4jcoi,6u5M4jPpYkoRV4vVHDQvkd
7hJcb9fa4alzcOq3EaNPoG,6u5M4jPpYkoRV4vVHDQvkd
1sBkRIssrMs1AbVkOJbc7a,6u5M4jPpYkoRV4vVHDQvkd
44PA0rCQXikgOWbfY7Fq7m,4Kd0FzFpOgIGxlBl4HXuFn
3ciRvbBIVz9fBoPbtSYq4x,4Kd0FzFpOgIGxlBl4HXuFn
3TVXtAsR1Inumwj472S9r4,3fyMH1t6UPeR5croea9PrR
6AMa1VFQ7qCi61tCRtVWXe,5rXkgeY6rpcHcsolCpXZHR
3nFkdlSjzX9mRTtwJOzDYB,3IrkbGQCoEPAkzJ0Tkv8nm
3crnzLy8R4lVwaigKEOz7V,7eJ5kRpMNPAk7ccCDKywjH
1sPpJhevOYz54gNgeh2LaV,7eJ5kRpMNPAk7ccCDKywjH
7hJcb9fa4alzcOq3EaNPoG,0WKYRFtH6KKbaNWjsxqm70
5Jz9kKRnCRLTodCH58MyB4,0WKYRFtH6KKbaNWjsxqm70
1HwM5zlC5qNWhJtM00yXzG,4tXA1TUmKvz7CbUT9LUHDx
2gBjLmx6zQnFGQJCAQpRgw,2Lg4kvhOrPhpGEZmSe7VAN
2BvzbqWWwLN11XGBYgDZzx,2Ozc0me9PV5vlt8cokwdvI
3ScY9CQxNLQei8Umvpx5g6,2Ozc0me9PV5vlt8cokwdvI
39mHYiNmLR7p8PXNG8Wll6,2Ozc0me9PV5vlt8cokwdvI
3RPYHNSwe3w0mtfJwKIN9P,0k6HUzaRHpQ3eEWr1C7Esh
44PA0rCQXikgOWbfY7Fq7m,0k6HUzaRHpQ3eEWr1C7Esh
3EtuDyQhDQYISGg1DU5qZj,0k6HUzaRHpQ3eEWr1C7Esh
3q7HBObVc0L8jNeTe5Gofh,70FCugJxa7XW04Np6iYJdI
1Oa0bMld0A3u5OTYfMzp5h,70FCugJxa7XW04Np6iYJdI
3s2wTjWxK8NOX09dmsvVOh,0l3GEbH3CviUytD6iX4wzg
6vdMPayKk8YJxxeNP5oMCb,3kZoay4ANo86ehb6s4RwS9
53B8dEQzmtefvkdCAkO0YR,3kZoay4ANo86ehb6s4RwS9
3ipn9JLAPI5GUEo4y4jcoi,4LwOrnuxJwR7C5Sw4liY4Z
4gpDA7R5796e6zbvZxGNga,4LwOrnuxJwR7C5Sw4liY4Z
1G9G7WwrXka3Z1r7aIDjI7,0I3q5fE6wg7LIfHGngUTnV
0rG0AZBscc8S8q1ahIsasI,6ihObRBTB8xdSH2mlERtOX
6tBnRI3ubWYclKSbGvGtKd,6ihObRBTB8xdSH2mlERtOX
3q7HBObVc0L8jNeTe5Gofh,4RY96Asd9IefaL3X4LOLZ8
5K4W6rqBFWDnAN6FQUkS6x,1PS1QMdUqOal0ai3Gt7sDQ
7LnaAXbDVIL75IVPnndf7w,1PS1QMdUqOal0ai3Gt7sDQ
3ipn9JLAPI5GUEo4y4jcoi,2JpUkUR0OsOlUUfm6iS8ic
2RdwBSPQiwcmiDo9kixcl8,2JpUkUR0OsOlUUfm6iS8ic
1G9G7WwrXka3Z1r7aIDjI7,6glsMWIMIxQ4BedzLqGVi4
1YfEcTuGvBQ8xSD1f53UnK,0svl7cK07gK1ia5ainczU5
2gBjLmx6zQnFGQJCAQpRgw,06iMqWThw4w8fTFyccvOwr
3L2SIGZah4QZSvN4wC8rHl,06iMqWThw4w8fTFyccvOwr
3q7HBObVc0L8jNeTe5Gofh,2mpFm3f7QmdsVtSAIICEB7
5YBSzuCs7WaFKNr7Bky0Uf,2mpFm3f7QmdsVtSAIICEB7
6DPYiyq5kWVQS4RGwxzPC7,503OTo2dSqe7qk76rgsbep
7hJcb9fa4alzcOq3EaNPoG,503OTo2dSqe7qk76rgsbep
7iMvwE8qANp3aIfAGKEAwS,4gdQ8QShlC3toP9Mkc8DwB
6Uh8uJyN9g7oFjDK16nJgb,4gdQ8QShlC3toP9Mkc8DwB
3ipn9JLAPI5GUEo4y4jcoi,4SyadrABZJIjeND1HPJS31
44PA0rCQXikgOWbfY7Fq7m,5Y78yINSOCW6xbOfGWNBg4
1G9G7WwrXka3Z1r7aIDjI7,0shK5iZQppbHPQYiy60xs9
4EnEZVjo3w1cwcQYePccay,6KIKRz9eSTXdNsGUnomdtW
1J2VVASYAamtQ3Bt8wGgA6,0OvwzS8FX73Bw7ykMRmffU
3ot6fEzKvRrCnWy5BWlnxU,0OvwzS8FX73Bw7ykMRmffU
3q7HBObVc0L8jNeTe5Gofh,2D1hlMwWWXpkc3CZJ5U351
07W0YfsvHM7Mw7Bq48Mb0A,4TJduXYW1Pg96EDNnfiwxJ
2gBjLmx6zQnFGQJCAQpRgw,4TJduXYW1Pg96EDNnfiwxJ
59wfkuBoNyhDMQGCljbUbA,4TJduXYW1Pg96EDNnfiwxJ
7Aq8lpLMSt1Zxu56pe9bmp,5mNV8Mz59bzyuQ53gTw0c0
2gBjLmx6zQnFGQJCAQpRgw,5mNV8Mz59bzyuQ53gTw0c0
3ScY9CQxNLQei8Umvpx5g6,2mKouqwAIdQnMP43zxR89r
1J2VVASYAamtQ3Bt8wGgA6,2mKouqwAIdQnMP43zxR89r
5rkVyNGXEgeUqKkB5ccK83,2mKouqwAIdQnMP43zxR89r
1W3FSF1BLpY3hlVIgvenLz,5RC9YDHON0nXKmcQrL6WV6
0YWxKQj2Go9CGHCp77UOyy,5RC9YDHON0nXKmcQrL6WV6
2gBjLmx6zQnFGQJCAQpRgw,04KTF78FFg8sOHC1BADqbY
7hJcb9fa4alzcOq3EaNPoG,4Tyv7nnNTHC6mR1pTubIrw
2RdwBSPQiwcmiDo9kixcl8,4Tyv7nnNTHC6mR1pTubIrw
50NoVNy9GU1lCrDV8iGpyu,6YYd5MLpu45J0uLrMdivF7
0IF46mUS8NXjgHabxk2MCM,6YYd5MLpu45J0uLrMdivF7
3s2wTjWxK8NOX09dmsvVOh,0FmCLEHfINGqwlyzvklNqy
3ipn9JLAPI5GUEo4y4jcoi,0FmCLEHfINGqwlyzvklNqy
7hJcb9fa4alzcOq3EaNPoG,0FmCLEHfINGqwlyzvklNqy
4Q5sPmM8j4SpMqL4UA1DtS,22irp40MtAAatGBNsWE3du
4tAhhPPEWcszcMjhYROUvx,22irp40MtAAatGBNsWE3du
22282KfMxDo2PMjnBc82I4,1MQCTOWVfy4PcuBXkBsHVB
6nfYGe7IIuuP5bMY1jkJP6,19VTqucnxJuH6kilNdweTh
3ipn9JLAPI5GUEo4y4jcoi,19VTqucnxJuH6kilNdweTh
3ipn9JLAPI5GUEo4y4jcoi,3bMNprrp2JDKZsGbiXpsJl
0hCNtLu0JehylgoiP8L4Gh,3bMNprrp2JDKZsGbiXpsJl
2gBjLmx6zQnFGQJCAQpRgw,7bYKMJI4z6mApjLhv4hOBM
2gBjLmx6zQnFGQJCAQpRgw,18vdhCWxqPohnPwicDi3Xr
3AuMNF8rQAKOzjYppFNAoB,18vdhCWxqPohnPwicDi3Xr
2gBjLmx6zQnFGQJCAQpRgw,3Gf5nttwcX9aaSQXRWidEZ
3L2SIGZah4QZSvN4wC8rHl,3Gf5nttwcX9aaSQXRWidEZ
2gBjLmx6zQnFGQJCAQpRgw,3wMUvT6eIw2L5cZFG1yH9j
2gBjLmx6zQnFGQJCAQpRgw,3ZdJffjzJWFimSQyxgGIxN
2gBjLmx6zQnFGQJCAQpRgw,4bUfMNNmiCmPXVyWzIfKeZ
2gBjLmx6zQnFGQJCAQpRgw,1LnEW2Dx4pFZ4yZ4dXFY4f
07W0YfsvHM7Mw7Bq48Mb0A,1LnEW2Dx4pFZ4yZ4dXFY4f
7k5N7JJKEPUPQfK8whGITe,1LnEW2Dx4pFZ4yZ4dXFY4f
2gBjLmx6zQnFGQJCAQpRgw,3XlqAdd4uGkJpJ9rrtHJKH
6roFdX1y5BYSbp60OTJWMd,3XlqAdd4uGkJpJ9rrtHJKH
2gBjLmx6zQnFGQJCAQpRgw,004vX8VwOOzObeGsrdHomf
59wfkuBoNyhDMQGCljbUbA,1yy2DlSDtEt90d54rPDPXz
7urq0VfqxEYEEiZUkebXT4,1yy2DlSDtEt90d54rPDPXz
5NDMothbpdpq2xHqSjrrWn,1yy2DlSDtEt90d54rPDPXz
59wfkuBoNyhDMQGCljbUbA,2eOuL8KesslTLQERQPu11D
1QPZhx0asYTBxD5RDqfU49,2eOuL8KesslTLQERQPu11D
20N6dS0vq9kMWXUqEkFrBA,2eOuL8KesslTLQERQPu11D
5me0Irg2ANcsgc93uaYrpb,4INDiWSKvqSKDEu7mh8HFz
1wiBLzTI7z9RUwEpNPdFT6,4INDiWSKvqSKDEu7mh8HFz
59wfkuBoNyhDMQGCljbUbA,4INDiWSKvqSKDEu7mh8HFz
4BIQA9vRkqXEnA2twmq7mU,2yr2HnFYl7XvqJk4fXoQBt
6uothxMWeLWIhsGeF7cyo4,2yr2HnFYl7XvqJk4fXoQBt
59wfkuBoNyhDMQGCljbUbA,2yr2HnFYl7XvqJk4fXoQBt
59wfkuBoNyhDMQGCljbUbA,3GMR3hyv8BccozoebVMve3
5me0Irg2ANcsgc93uaYrpb,3GMR3hyv8BccozoebVMve3
5tth2a3v0sWwV1C7bApBdX,3GMR3hyv8BccozoebVMve3
0A7g2YbCA9FlyZvAG6VmKP,3GMR3hyv8BccozoebVMve3
09A1kpyGbzYAPb8cEvee64,3GMR3hyv8BccozoebVMve3
7urq0VfqxEYEEiZUkebXT4,6iajHa34cSiD5s42Cq9miJ
59wfkuBoNyhDMQGCljbUbA,6iajHa34cSiD5s42Cq9miJ
59wfkuBoNyhDMQGCljbUbA,1EM23A621Z0QyTlWKu7T1l
1wiBLzTI7z9RUwEpNPdFT6,1EM23A621Z0QyTlWKu7T1l
1J2VVASYAamtQ3Bt8wGgA6,4hrae8atte6cRlSC9a7VCO
5rkVyNGXEgeUqKkB5ccK83,4hrae8atte6cRlSC9a7VCO
1J2VVASYAamtQ3Bt8wGgA6,2iclfHORMqpR3TxuhwVRhD
5rkVyNGXEgeUqKkB5ccK83,2iclfHORMqpR3TxuhwVRhD
1J2VVASYAamtQ3Bt8wGgA6,1kEruIJPLnM1agV8bnCmSZ
5aEWnrN8h3MhuFUPRfaVuy,1kEruIJPLnM1agV8bnCmSZ
1J2VVASYAamtQ3Bt8wGgA6,5Bi7SC49g4neuXwzgXBeFy
2DlGxzQSjYe5N6G9nkYghR,5Bi7SC49g4neuXwzgXBeFy
4a7eqaOZbZrEj2J37FzJvl,5Bi7SC49g4neuXwzgXBeFy
2DlGxzQSjYe5N6G9nkYghR,7rOIWUhSfjWh4E7443PYE8
1J2VVASYAamtQ3Bt8wGgA6,7rOIWUhSfjWh4E7443PYE8
2mxe0TnaNL039ysAj51xPQ,0DBIL8arX0Zo6eAuxNIpik
2mxe0TnaNL039ysAj51xPQ,5dNfHmqgr128gMY2tc5CeJ
2mxe0TnaNL039ysAj51xPQ,1sVWMLqlYqOmd4praL4HxN
7hJcb9fa4alzcOq3EaNPoG,1sVWMLqlYqOmd4praL4HxN
2mxe0TnaNL039ysAj51xPQ,34I3bDyzo5pegaQysuQYx3
4OBJLual30L7gRl5UkeRcT,34I3bDyzo5pegaQysuQYx3
3aQeKQSyrW4qWr35idm0cy,34I3bDyzo5pegaQysuQYx3
2mxe0TnaNL039ysAj51xPQ,67UivNNJwBPb8XS7r4fGmf
4EnEZVjo3w1cwcQYePccay,771lQyKAtqXRpZ7iM4JsbP
7B4hKK0S9QYnaoqa9OuwgX,3JdyhQORbJkCWT8xfLd8gD
3Mcii5XWf6E0lrY3Uky4cA,3JdyhQORbJkCWT8xfLd8gD
1Wfh3Tz3xOB4JjqTk2zT5K,3JdyhQORbJkCWT8xfLd8gD
6DPYiyq5kWVQS4RGwxzPC7,7iXF2W9vKmDoGAhlHdpyIa
7dGJo4pcD2V6oG8kP0tJRR,7iXF2W9vKmDoGAhlHdpyIa
4Icvbp9RDt5aY2TWDOVDsr,4MeSMK38Szi6mtnmdWKBG1
6DPYiyq5kWVQS4RGwxzPC7,20LxTsa6936zOlzTWqoPVt
7hJcb9fa4alzcOq3EaNPoG,20LxTsa6936zOlzTWqoPVt
3q7HBObVc0L8jNeTe5Gofh,2I9foKseoFQh07p6sD2voE
7B4hKK0S9QYnaoqa9OuwgX,53BZ6XygAoubR5DU5w38Vq
0AuW7OCyKfFrsMbtHrYgIV,2oTDOIAdsxPTE7yAp4YOcv
4EnEZVjo3w1cwcQYePccay,2NRQ80uXOLkfNMXsjuBOxB
34EP7KEpOjXcM2TCat1ISk,119c93MHjrDLJTApCVGpvx
4VmEWwd8y9MCLwexFMdpwt,119c93MHjrDLJTApCVGpvx
2yQf6b8hxahZaT5dHlWaB1,119c93MHjrDLJTApCVGpvx
4OBbOrkD4geIjOLrICN3wO,119c93MHjrDLJTApCVGpvx
4QTIR7KM0trauXspUNduhh,119c93MHjrDLJTApCVGpvx
6O2zJ0tId7g07yzHtX0yap,33ZXjLCpiINn8eQIDYEPTD
3CQIn7N5CuRDP8wEI7FiDA,6qUEOWqOzu1rLPUPQ1ECpx
7Ey4PD4MYsKc5I2dolUwbH,6qUEOWqOzu1rLPUPQ1ECpx
3CQIn7N5CuRDP8wEI7FiDA,6jBCehpNMkwFVF3dz4nLIW
3f5fB1YUbkUnW7cf7I0R48,63BokRfXSQhEU6Qi2dSJpZ
1W9qOBYRTfP7HcizWN43G1,71A6V5dh5Y8ikhm6NGwZ7p
1ZwdS5xdxEREPySFridCfh,2zoobJFEB9h15fjYjRd6oP
4EnEZVjo3w1cwcQYePccay,52IuMfbQa9aqRPz2oYPAI8
34EP7KEpOjXcM2TCat1ISk,1Sgj10byiGzPpI2IrXSFEn
4iCwCMnqsNZ6atvRiADgtn,1Sgj10byiGzPpI2IrXSFEn
4VmEWwd8y9MCLwexFMdpwt,1Sgj10byiGzPpI2IrXSFEn
4OBbOrkD4geIjOLrICN3wO,1Sgj10byiGzPpI2IrXSFEn
2yQf6b8hxahZaT5dHlWaB1,1Sgj10byiGzPpI2IrXSFEn
0G070wUUUBptmqGEKAAUVx,1Sgj10byiGzPpI2IrXSFEn
50NoVNy9GU1lCrDV8iGpyu,1Sgj10byiGzPpI2IrXSFEn
6FD0unjzGQhX3b6eMccMJe,1Sgj10byiGzPpI2IrXSFEn
6ns6XAOsw4B0nDUIovAOUO,1Sgj10byiGzPpI2IrXSFEn
2B4ZHz4QDWJTXPFPgO5peE,7nYvUtkQMx1v80S2FH2s9J
1Oa0bMld0A3u5OTYfMzp5h,7nYvUtkQMx1v80S2FH2s9J
20qISvAhX20dpIbOOzGK3q,5FHXxdJeq1iAE9PjDTEgyd
3zNM2tRfTX6LI1lN2PlrTt,2Vpj5colB0MPy3Zg5SITEC
4P0dddbxPil35MNN9G2MEX,1oTHteQbmJw15rPxPVXUTv
5spEJXLwD1sKUdC2bnOHPg,7qHAjAL7CpadaZLamuBZRm
26s8LSolLfCIY88ysQbIuT,3R8sCwlK9pbFuvpdzAknyG
3Mcii5XWf6E0lrY3Uky4cA,3NGT0Td7H4Is1qrlDQJxma
0auu2itHTxEdAMRHvx7CyG,3NGT0Td7H4Is1qrlDQJxma
34EP7KEpOjXcM2TCat1ISk,24vNw0Z0srb4zYXwrakw8E
4iCwCMnqsNZ6atvRiADgtn,24vNw0Z0srb4zYXwrakw8E
4OBbOrkD4geIjOLrICN3wO,24vNw0Z0srb4zYXwrakw8E
4VmEWwd8y9MCLwexFMdpwt,24vNw0Z0srb4zYXwrakw8E
12mkoe71zJDWs4j0rCeXGR,6lEIjrQNwJPecJ7mMXjhjo
2MRkO7nyapejkugA9e2OUo,1iDg5Sew5NGSxoIC7Qe5GT
1HwM5zlC5qNWhJtM00yXzG,5H0dVldtI6HJZnEXzigKfY
0rG0AZBscc8S8q1ahIsasI,525yPO8r5J6kLostDxm3XK
55Aa2cqylxrFIXC767Z865,525yPO8r5J6kLostDxm3XK
0fbFfVckGKsDbAfYnB5mD1,525yPO8r5J6kLostDxm3XK
7B4hKK0S9QYnaoqa9OuwgX,4cPhuLaWqn0TZCs71wSk6s
3q7HBObVc0L8jNeTe5Gofh,4nva9EpKntUTs6CRSGBCn9
7dGJo4pcD2V6oG8kP0tJRR,6or1bKJiZ06IlK0vFvY75k
6DPYiyq5kWVQS4RGwxzPC7,4LwU4Vp6od3Sb08CsP99GC
7hJcb9fa4alzcOq3EaNPoG,4LwU4Vp6od3Sb08CsP99GC
7dGJo4pcD2V6oG8kP0tJRR,5eGEc27nnhtmcOh6RC890a
5Qi4Bb7a8C0a00NZcA77L0,4XHQyvbrBsQaaBUW1VvmsL
3z3g65U7mmyyBmmDfsQK9x,4IYKjN1DrYzxKXt0umJqsG
2FT75iYuWmycqYrXbVD9cn,4IYKjN1DrYzxKXt0umJqsG
6evKD5JWJON3qPBJtUEmtY,4E5IFAXCob6QqZaJMTw5YN
3Mcii5XWf6E0lrY3Uky4cA,2GrOq1y5gksYrqkc8Jzl9T
4P0dddbxPil35MNN9G2MEX,0cfqYhY6B8PbGF9vaVNUeG
3q7HBObVc0L8jNeTe5Gofh,7JeKXMQKm6GoLGTkNy2jZ0
3q7HBObVc0L8jNeTe5Gofh,6TYPoBrn53njY2C0WwdmA1
0NbfKEOTQCcwd6o7wSDOHI,6TYPoBrn53njY2C0WwdmA1
50UMTib697JJ44le8DO2Va,6TYPoBrn53njY2C0WwdmA1
4pr7J7wzgObkE3DD3Izi7q,6TYPoBrn53njY2C0WwdmA1
3vDUJHQtqT3jFRZ2ECXDTi,6TYPoBrn53njY2C0WwdmA1
3q7HBObVc0L8jNeTe5Gofh,3hwwIr2pcL2IWBpEUj5Hya
7dGJo4pcD2V6oG8kP0tJRR,4UhUXGXEeq3mPJyzZkx9fY
3q7HBObVc0L8jNeTe5Gofh,4UhUXGXEeq3mPJyzZkx9fY
3PDMMt0Ip2WHysoAOEAdBq,4UhUXGXEeq3mPJyzZkx9fY
3vDUJHQtqT3jFRZ2ECXDTi,4UhUXGXEeq3mPJyzZkx9fY
3q7HBObVc0L8jNeTe5Gofh,1FKFCvi0i46qEJLZSEBH8p
3q7HBObVc0L8jNeTe5Gofh,36Hwcla06Q5BCr59CL0sBp
31TPClRtHm23RisEBtV3X7,36Hwcla06Q5BCr59CL0sBp
5Y5TRrQiqgUO4S36tzjIRZ,36Hwcla06Q5BCr59CL0sBp
3q7HBObVc0L8jNeTe5Gofh,6xChOqrClteugb4RwSD1kS
246dkjvS1zLTtiykXe5h60,7xQAfvXzm3AkraOtGPWIZg
246dkjvS1zLTtiykXe5h60,32lItqlMi4LBhb4k0BaSaC
246dkjvS1zLTtiykXe5h60,7CZyCXKG6d5ALeq41sLzbw
6ZLTlhejhndI4Rh53vYhrY,7CZyCXKG6d5ALeq41sLzbw
0Y5tJX1MQlPlqiwlOH1tJY,7CZyCXKG6d5ALeq41sLzbw
246dkjvS1zLTtiykXe5h60,6eT7xZZlB2mwyzJ2sUKG6w
7iZtZyCzp3LItcw1wtPI3D,4jTiyLlOJVJj3mCr7yfPQD
7iZtZyCzp3LItcw1wtPI3D,2L8cFPItBljPNJgPjTnuIf
7iZtZyCzp3LItcw1wtPI3D,5uqphUYsR45kPYplrYSAQh
0hCNtLu0JehylgoiP8L4Gh,5uqphUYsR45kPYplrYSAQh
50co4Is1HCEo8bhOyUWKpn,5uqphUYsR45kPYplrYSAQh
0c173mlxpT3dSFRgMO8XPh,7FYH5AW3bVfZHJIQpq3UOA
3crnzLy8R4lVwaigKEOz7V,7FYH5AW3bVfZHJIQpq3UOA
0c173mlxpT3dSFRgMO8XPh,0SGkqnVQo9KPytSri1H6cF
7pFeBzX627ff0VnN6bxPR4,5YEOzOojehCqxGQCcQiyR4
5OrB6Jhhrl9y2PK0pSV4VP,6HfOzLLjsaXsehIFEsrxTk
3TVXtAsR1Inumwj472S9r4,6HfOzLLjsaXsehIFEsrxTk
5OrB6Jhhrl9y2PK0pSV4VP,3iL2l5gUqyPS6vDwJFgJTR
1Xfmvd48oOhEWkscWyEbh9,3iL2l5gUqyPS6vDwJFgJTR
5OrB6Jhhrl9y2PK0pSV4VP,3cSuhzV7wKX5diQ8hos78P
13y7CgLHjMVRMDqxdx0Xdo,3cSuhzV7wKX5diQ8hos78P
5OrB6Jhhrl9y2PK0pSV4VP,1EjzkhMFJgl08Qkn2uDV1d
1sBkRIssrMs1AbVkOJbc7a,3hQCHzkE5oSA3F1xM8bpcM
0QHgL1lAIqAw0HtD7YldmP,608a1wIsSd5KzMEqm1O7w3
3TVXtAsR1Inumwj472S9r4,608a1wIsSd5KzMEqm1O7w3
1sBkRIssrMs1AbVkOJbc7a,608a1wIsSd5KzMEqm1O7w3
55Aa2cqylxrFIXC767Z865,608a1wIsSd5KzMEqm1O7w3
6z7xFFHxYkE9t8bwIF0Bvg,6D1CstH1YvzNN8cPd9ay9Q
6aIm51fHkokqlJn2vzNTH8,6D1CstH1YvzNN8cPd9ay9Q
2l6Z31DakUv5Gl9yQPbLEl,6D1CstH1YvzNN8cPd9ay9Q
6aIm51fHkokqlJn2vzNTH8,65D95SmygxGCQGiI64eaZf
6z7xFFHxYkE9t8bwIF0Bvg,65D95SmygxGCQGiI64eaZf
3QnIBUOS4mUzs67rZ8r4c9,65D95SmygxGCQGiI64eaZf
6z7xFFHxYkE9t8bwIF0Bvg,2s9NvnrAU9WahyWRa0Ou9m
6aIm51fHkokqlJn2vzNTH8,2s9NvnrAU9WahyWRa0Ou9m
45a6gCQWq61lIUDmr1tKuO,2s9NvnrAU9WahyWRa0Ou9m
6z7xFFHxYkE9t8bwIF0Bvg,5nZRVPVZdHfNVaDnl1IaiY
6aIm51fHkokqlJn2vzNTH8,5nZRVPVZdHfNVaDnl1IaiY
5gCRApTajqwbnHHPbr2Fpi,7zBQRGpYImAdIZc97FNj3V
137W8MRPWKqSmrBGDBFSop,7zBQRGpYImAdIZc97FNj3V
7c0XG5cIJTrrAgEC3ULPiq,7zBQRGpYImAdIZc97FNj3V
3qnMl4DHT4gndzFAcG4FlM,7zBQRGpYImAdIZc97FNj3V
23rBupd4zSysh9lAzsSFb0,7zBQRGpYImAdIZc97FNj3V
5gCRApTajqwbnHHPbr2Fpi,7EZPH9Px3gXlxD5KJDwtwc
55Aa2cqylxrFIXC767Z865,7EZPH9Px3gXlxD5KJDwtwc
17lzZA2AlOHwCwFALHttmp,7EZPH9Px3gXlxD5KJDwtwc
6jJ0s89eD6GaHleKKya26X,5jrdCoLpJSvHHorevXBATy
5gCRApTajqwbnHHPbr2Fpi,5jrdCoLpJSvHHorevXBATy
0NWbwDZY1VkRqFafuQm6wk,20FZrLl9zSbO9b3DhaqO6M
5YGY8feqx7naU7z4HrwZM6,20FZrLl9zSbO9b3DhaqO6M
137W8MRPWKqSmrBGDBFSop,20FZrLl9zSbO9b3DhaqO6M
5gCRApTajqwbnHHPbr2Fpi,20FZrLl9zSbO9b3DhaqO6M
21E3waRsmPlU7jZsS13rcj,7seTcUFOhn5caSDbiSfsp0
5gCRApTajqwbnHHPbr2Fpi,7seTcUFOhn5caSDbiSfsp0
23zg3TcAtWQy7J6upgbUnj,7aXuop4Qambx5Oi3ynsKQr
5gCRApTajqwbnHHPbr2Fpi,7aXuop4Qambx5Oi3ynsKQr
7hJcb9fa4alzcOq3EaNPoG,12CdB878c6n94tTlNfPcCv
7hJcb9fa4alzcOq3EaNPoG,4675yUu8AUbE72T94BkLCD
2RdwBSPQiwcmiDo9kixcl8,4675yUu8AUbE72T94BkLCD
6B5fQU6gKaq7JPRL4YIg1B,4675yUu8AUbE72T94BkLCD
7hJcb9fa4alzcOq3EaNPoG,1wva1IlWLDNLgwipUWcmjy
7dGJo4pcD2V6oG8kP0tJRR,7lgvU7WnwcNZ8dbGUz8yhP
6DPYiyq5kWVQS4RGwxzPC7,7lgvU7WnwcNZ8dbGUz8yhP
7hJcb9fa4alzcOq3EaNPoG,7lgvU7WnwcNZ8dbGUz8yhP
4tujQJicOnuZRLiBFdp3Ou,7lgvU7WnwcNZ8dbGUz8yhP
1Oa0bMld0A3u5OTYfMzp5h,7lgvU7WnwcNZ8dbGUz8yhP
20sxb77xiYeusSH8cVdatc,3i1B1PnsfnOQPGVIzhf1lr
0A0FS04o6zMoto8OKPsDwY,3i1B1PnsfnOQPGVIzhf1lr
7hJcb9fa4alzcOq3EaNPoG,3i1B1PnsfnOQPGVIzhf1lr
7hJcb9fa4alzcOq3EaNPoG,3bA5Xfk5JyPGtBh00GX8Gk
6NyJIFHAePjHR1pFxwisqz,3bA5Xfk5JyPGtBh00GX8Gk
2B4ZHz4QDWJTXPFPgO5peE,3bA5Xfk5JyPGtBh00GX8Gk
1Oa0bMld0A3u5OTYfMzp5h,3bA5Xfk5JyPGtBh00GX8Gk
6DPYiyq5kWVQS4RGwxzPC7,1U8Ho1nOzKXYDvfigOuHG4
7hJcb9fa4alzcOq3EaNPoG,1U8Ho1nOzKXYDvfigOuHG4
0z4gvV4rjIZ9wHck67ucSV,1U8Ho1nOzKXYDvfigOuHG4
7hJcb9fa4alzcOq3EaNPoG,1G93i9ga7ZPEOqpiNhM1mq
0z4gvV4rjIZ9wHck67ucSV,1G93i9ga7ZPEOqpiNhM1mq
7hJcb9fa4alzcOq3EaNPoG,5R1WTY85gge1Ggd5rTMUJK
3Mcii5XWf6E0lrY3Uky4cA,3Feec7M9kLXDHag4iZcBxU
7sfl4Xt5KmfyDs2T3SVSMK,3Feec7M9kLXDHag4iZcBxU
7hJcb9fa4alzcOq3EaNPoG,3Feec7M9kLXDHag4iZcBxU
137W8MRPWKqSmrBGDBFSop,1eL8wZKx7CVJVbZG12becL
7hJcb9fa4alzcOq3EaNPoG,1eL8wZKx7CVJVbZG12becL
7c0XG5cIJTrrAgEC3ULPiq,1eL8wZKx7CVJVbZG12becL
6DPYiyq5kWVQS4RGwxzPC7,5XkeTGKcCkGF8l6fA9YpsS
3np2OYRZAgI4e6lxeGmGr8,5XkeTGKcCkGF8l6fA9YpsS
4xko5t5site4jVwopoCF21,5XkeTGKcCkGF8l6fA9YpsS
7hJcb9fa4alzcOq3EaNPoG,5XkeTGKcCkGF8l6fA9YpsS
1uNFoZAHBGtllmzznpCI3s,5E75Cr0oqxGoX0YYwdC3nZ
23zg3TcAtWQy7J6upgbUnj,5E75Cr0oqxGoX0YYwdC3nZ
7hJcb9fa4alzcOq3EaNPoG,5E75Cr0oqxGoX0YYwdC3nZ
3ipn9JLAPI5GUEo4y4jcoi,5E75Cr0oqxGoX0YYwdC3nZ
1tqhsYv8yBBdwANFNzHtcr,5TlAXiBCBwiQnIZUAA4Jkg
7hJcb9fa4alzcOq3EaNPoG,5TlAXiBCBwiQnIZUAA4Jkg
1ZwdS5xdxEREPySFridCfh,3ia3dJETSOllPsv3LJkE35
3GMoVpWJy4smKuxFuFTwXC,3ia3dJETSOllPsv3LJkE35
6DPYiyq5kWVQS4RGwxzPC7,3ia3dJETSOllPsv3LJkE35
4d3yvTptO48nOYTPBcPFZC,3RmKpob8xzv1pzHEQrMJah
4yiQZ8tQPux8cPriYMWUFP,3RmKpob8xzv1pzHEQrMJah
09A1kpyGbzYAPb8cEvee64,3RmKpob8xzv1pzHEQrMJah
2x8KDZdSONA3872CnhaAlX,7cFpB4ozcSwXuhqjvNbrbP
6DPYiyq5kWVQS4RGwxzPC7,4YtoipFgf4k0AfD17ZfD5X
7hJcb9fa4alzcOq3EaNPoG,4YtoipFgf4k0AfD17ZfD5X
1ZwdS5xdxEREPySFridCfh,6tDxrq4FxEL2q15y37tXT9
2YZyLoL8N0Wb9xBt1NhZWg,712uvW1Vezq8WpQi38v2L9
6mXlDbi03T8wXYwWYew0Ut,6SmPPtaMnfxgz5duA6t9Cu
0gcDAjaKZIKMdYJoIdrIfR,6SmPPtaMnfxgz5duA6t9Cu
1ZwdS5xdxEREPySFridCfh,0XRbYXQUymj9SJkrr8YK5B
0QJIPDAEDILuo8AIq3pMuU,1ixbwbeBi5ufN4noUKmW5a
3vDUJHQtqT3jFRZ2ECXDTi,0B2ZuTLZnWQ6gz8RlNwBu1
3RPYHNSwe3w0mtfJwKIN9P,3NOq1Gpiy4KwDni8NhOmHQ
1YfEcTuGvBQ8xSD1f53UnK,3HVJbdz0V402U5YggQK4Ao
6vXTefBL93Dj5IqAWq6OTv,3Jv1XgMPVjdN5xGfnRJ20s
1sBkRIssrMs1AbVkOJbc7a,3Jv1XgMPVjdN5xGfnRJ20s
3TVXtAsR1Inumwj472S9r4,3Jv1XgMPVjdN5xGfnRJ20s
55Aa2cqylxrFIXC767Z865,3Jv1XgMPVjdN5xGfnRJ20s
4pr7J7wzgObkE3DD3Izi7q,6Y9kdB2O0h9gq9y2vclsWT
2YZyLoL8N0Wb9xBt1NhZWg,0AOvNRgl0SMfOibWA5bP8o
28ExwzUQsvgJooOI0X1mr3,0AOvNRgl0SMfOibWA5bP8o
6GMYJwaziB4ekv1Y6wCDWS,2q4rjDy9WhaN3o9MvDbO21
4p07QU02SrLsaORo25h2Lg,2q4rjDy9WhaN3o9MvDbO21
3EiPgpJshyfFf6EaUP2b4W,0tIG1vFpmO37RDRvcjQRg0
5280kTRRRWiimaQiKswmlY,0tIG1vFpmO37RDRvcjQRg0
6lHL3ubAMgSasKjNqKb8HF,0tIG1vFpmO37RDRvcjQRg0
6GMYJwaziB4ekv1Y6wCDWS,0kswxxNV4DLBqJeMIqFh5n
6GMYJwaziB4ekv1Y6wCDWS,1iAWDVZem3Vx3Pb8fTUTEL
6GMYJwaziB4ekv1Y6wCDWS,6ATrsVaZT7XjkCynxM8cTS
1GbrJTB56Xs4XQGlmVbaCf,61ehOd7NByNLD1C5AcQhEb
6GMYJwaziB4ekv1Y6wCDWS,61ehOd7NByNLD1C5AcQhEb
6GMYJwaziB4ekv1Y6wCDWS,7n2Dqgp4iXd8Zorfj9XSYo
5MAp6rMiUJjRLXMWtArXRS,3c3uUUJUzIxnhynlz30dgV
3crnzLy8R4lVwaigKEOz7V,3c3uUUJUzIxnhynlz30dgV
0st5vgzw9XkH5ALJiUM1lE,3c3uUUJUzIxnhynlz30dgV
6nfYGe7IIuuP5bMY1jkJP6,3c3uUUJUzIxnhynlz30dgV
6AMa1VFQ7qCi61tCRtVWXe,3c3uUUJUzIxnhynlz30dgV
6mXlDbi03T8wXYwWYew0Ut,3c3uUUJUzIxnhynlz30dgV
6GMYJwaziB4ekv1Y6wCDWS,3c3uUUJUzIxnhynlz30dgV
6GMYJwaziB4ekv1Y6wCDWS,0N9b7upoCixmvrsF0e4XN3
3BeKHKMrAmeL5GkGQKNiFX,0N9b7upoCixmvrsF0e4XN3
6GMYJwaziB4ekv1Y6wCDWS,2PEDTqoTTUefVpJfjlAGE4
6GMYJwaziB4ekv1Y6wCDWS,5tPab9ITAFIgaKc4JLuqkB
1XkoF8ryArs86LZvFOkbyr,3aw9iWUQ3VrPQltgwvN9Xu
1HY2Jd0NmPuamShAr6KMms,5vQXxfGn1bjv5WESrYVVpw
7fObcBw9VM3x7ntWKCYl0z,5vQXxfGn1bjv5WESrYVVpw
4yiQZ8tQPux8cPriYMWUFP,07K4GcCDSTiXUF5ssyTRUM
0z4gvV4rjIZ9wHck67ucSV,07K4GcCDSTiXUF5ssyTRUM
0EmeFodog0BfCgMzAIvKQp,3ZFTkvIE7kyPt6Nu3PEa7V
7aBzpmFXB4WWpPl2F7RjBe,3ZFTkvIE7kyPt6Nu3PEa7V
5pKCCKE2ajJHZ9KAiaK11H,4TsmezEQVSZNNPv5RJ65Ov
3nFkdlSjzX9mRTtwJOzDYB,2igwFfvr1OAGX9SKDCPBwO
3DiDSECUqqY1AuBP8qtaIa,2igwFfvr1OAGX9SKDCPBwO
6vWDO969PvNqNYHIOW5v0m,4JehYebiI9JE8sR8MisGVb
55Aa2cqylxrFIXC767Z865,3uqinR4FCjLv28bkrTdNX5
3TVXtAsR1Inumwj472S9r4,5UsLjwBaTHBX4ektWIr4XX
5K4W6rqBFWDnAN6FQUkS6x,5UsLjwBaTHBX4ektWIr4XX
55Aa2cqylxrFIXC767Z865,5UsLjwBaTHBX4ektWIr4XX
7dGJo4pcD2V6oG8kP0tJRR,5UsLjwBaTHBX4ektWIr4XX
4OBJLual30L7gRl5UkeRcT,1IAzD1muglOxOcPbUHs70R
0fA0VVWsXO9YnASrzqfmYu,60PAzFNW3vAiAiVK6DRJfB
3Mcii5XWf6E0lrY3Uky4cA,1xMPwgmLHVXkIFYL0rvGiZ
3USpNaxpX1iNqNnQWqg9ob,1xMPwgmLHVXkIFYL0rvGiZ
5h6zIU8cm6UzAaHsjXmNKl,1xMPwgmLHVXkIFYL0rvGiZ
55Aa2cqylxrFIXC767Z865,4P7VFiaZb3xrXoqGwZXC3J
3pbi8H08p95NUZ7m6ybxUV,4P7VFiaZb3xrXoqGwZXC3J
5K4W6rqBFWDnAN6FQUkS6x,4mmkhcEm1Ljy1U9nwtsxUo
3nFkdlSjzX9mRTtwJOzDYB,7sLpSWxQazJzDVG6YGzlVs
1G9G7WwrXka3Z1r7aIDjI7,6bUNEbXT7HovLW6BgPCBsb
5K4W6rqBFWDnAN6FQUkS6x,4EWCNWgDS8707fNSZ1oaA5
3nFkdlSjzX9mRTtwJOzDYB,7LR85XLWw2yXqKBSI5brbG
5pKCCKE2ajJHZ9KAiaK11H,7LR85XLWw2yXqKBSI5brbG
5K4W6rqBFWDnAN6FQUkS6x,7LR85XLWw2yXqKBSI5brbG
2DlGxzQSjYe5N6G9nkYghR,6MLsahMK3VvH9NUwXOktdS
1J2VVASYAamtQ3Bt8wGgA6,6MLsahMK3VvH9NUwXOktdS
0Chxmm4XMM87mJOHvyiUzL,6TrNRd98WksT9Kkmx9uj6R
55Aa2cqylxrFIXC767Z865,6TrNRd98WksT9Kkmx9uj6R
2wIVse2owClT7go1WT98tk,0UaMYEvWZi0ZqiDOoHU3YI
2NdeV5rLm47xAvogXrYhJX,0UaMYEvWZi0ZqiDOoHU3YI
15GGbJKqC6w0VYyAJtjej6,0UaMYEvWZi0ZqiDOoHU3YI
4OBJLual30L7gRl5UkeRcT,7IhsLJMqdxoo7YAZjaSMru
31TPClRtHm23RisEBtV3X7,7IhsLJMqdxoo7YAZjaSMru
5EvFsr3kj42KNv97ZEnqij,3WkibOpDF7cQ5xntM1epyf
67wCYxOq4A1ohAs7jWYaOJ,3WkibOpDF7cQ5xntM1epyf
59wfkuBoNyhDMQGCljbUbA,6Wt5QBzHp9vdSLAFlvdnDQ
7r8RF1tN2A4CiGEplkp1oP,6Wt5QBzHp9vdSLAFlvdnDQ
2gie1bU1LwnxdFAJoTLjzT,6Wt5QBzHp9vdSLAFlvdnDQ
4BIQA9vRkqXEnA2twmq7mU,6Wt5QBzHp9vdSLAFlvdnDQ
4OBJLual30L7gRl5UkeRcT,3jlbL2OTD5YmIunYzgQTAN
5pKCCKE2ajJHZ9KAiaK11H,3jlbL2OTD5YmIunYzgQTAN
2wIVse2owClT7go1WT98tk,3jagJCUbdqhDSPuxP8cAqF
1J2VVASYAamtQ3Bt8wGgA6,4YA7nxDtAVE2R1Eryx7uRu
5rkVyNGXEgeUqKkB5ccK83,4YA7nxDtAVE2R1Eryx7uRu
5K4W6rqBFWDnAN6FQUkS6x,4fzsfWzRhPawzqhX8Qt9F3
7dWYWUbO68rXJOcyA7SpJk,6ndmKwWqMozN2tcZqzCX4K
5bf6yYgHODBW5EreBZshpX,6ndmKwWqMozN2tcZqzCX4K
2NdeV5rLm47xAvogXrYhJX,7uKcScNXuO3MWw6LowBjW1
2wIVse2owClT7go1WT98tk,7uKcScNXuO3MWw6LowBjW1
5EvFsr3kj42KNv97ZEnqij,4yxKbzUC9auTZR9rTvFOTr
4hB4SmzreXMTGWYj7KQ7QN,4yxKbzUC9auTZR9rTvFOTr
3Isy6kedDrgPYoTS1dazA9,0k2GOhqsrxDTAbFFSdNJjT
3KV3p5EY4AvKxOlhGHORLg,16XNk3bVCSHXN1rlwbXtHb
63wjoROpeh5f11Qm93UiJ1,3OWcWJz1c0pIc6L3IDDhpP
5K4W6rqBFWDnAN6FQUkS6x,3OWcWJz1c0pIc6L3IDDhpP
21E3waRsmPlU7jZsS13rcj,3OWcWJz1c0pIc6L3IDDhpP
2jw70GZXlAI8QzWeY2bgRc,2gam98EZKrF9XuOkU13ApN
5Y5TRrQiqgUO4S36tzjIRZ,2gam98EZKrF9XuOkU13ApN
31TPClRtHm23RisEBtV3X7,0gs72Zn1Nxin1kvKpo9ee5
4OBJLual30L7gRl5UkeRcT,0gs72Zn1Nxin1kvKpo9ee5
1yxSLGMDHlW21z4YXirZDS,7xRNsqOQOgWbHV1nbXnfXN
5Y5TRrQiqgUO4S36tzjIRZ,2bLqfJjuC5syrsgDsZfGmn
63wjoROpeh5f11Qm93UiJ1,2bLqfJjuC5syrsgDsZfGmn
4TLCPR1sMYoNU1jA7O4uww,2bLqfJjuC5syrsgDsZfGmn
6vytZ677lz4LzCrUDcDokM,4zYTZvtcww7OWKie7fxA9E
3Isy6kedDrgPYoTS1dazA9,5qTvkDrSfvwDv6RBjjcfQr
31TPClRtHm23RisEBtV3X7,0O45fw2L5vsWpdsOdXwNAR
5Y5TRrQiqgUO4S36tzjIRZ,0O45fw2L5vsWpdsOdXwNAR
3AA28KZvwAUcZuOKwyblJQ,0d28khcov6AiegSCpG5TuT
0jnsk9HBra6NMjO2oANoPY,3GpbwCm3YxiWDvy29Uo3vP
6LqNN22kT3074XbTVUrhzX,3GpbwCm3YxiWDvy29Uo3vP
1G9G7WwrXka3Z1r7aIDjI7,5z7mYFfhw6N6f23VwrokJD
7Dnu2NmddNymEI2LMZVH5v,5z7mYFfhw6N6f23VwrokJD
3sgFRtyBnxXD5ESfmbK4dl,1V4jC0vJ5525lEF1bFgPX2
7sfl4Xt5KmfyDs2T3SVSMK,1V4jC0vJ5525lEF1bFgPX2
5me0Irg2ANcsgc93uaYrpb,7KwZNVEaqikRSBSpyhXK2j
20qISvAhX20dpIbOOzGK3q,0trHOzAhNpGCsGBEu7dOJo
3nFkdlSjzX9mRTtwJOzDYB,7m97yKVzPpXV9Z4ezEziOD
6ZhjJOJXXwnPS8PrXdmjLw,7m97yKVzPpXV9Z4ezEziOD
5spEJXLwD1sKUdC2bnOHPg,5KSJ9k1FYjFLnIRlJT2wF8
1HwM5zlC5qNWhJtM00yXzG,4MxZW1XEcPuIZmkANsJabC
5cMgGlA1xGyeAB2ctYlRdZ,0EWr7rj8u0R2o8hX397Mwa
4Otx4bRLSfpah5kX8hdgDC,26Pjvw43nUS91mWAOfPDLz
3f5fB1YUbkUnW7cf7I0R48,0HOqINudNgQFpg1le5Hnqe
09hVIj6vWgoCDtT03h8ZCa,3Ti0GdlrotgwsAVBBugv0I
7yk35uHNQclPXFGFoTU44w,2OgGlK7DqGg86Z5uUxUgGg
5me0Irg2ANcsgc93uaYrpb,5ByAIlEEnxYdvpnezg7HTX
20qISvAhX20dpIbOOzGK3q,7G3lxTsMfSx4yarMkfgnTC
55Pp4Ns5VfTSFsBraW7MQy,0QMHVTnrFTQJoaqmkdsKhT
2WKdxPFRD7IqZvlIAvhMgY,0Q0IVlqMV64kNLlwjPj0Hl
2Mu5NfyYm8n5iTomuKAEHl,0Q0IVlqMV64kNLlwjPj0Hl
7wqtxqI3eo7Gn1P7SpP6cQ,0TT7wJiEYD5GAeJfSR1ETX
34EP7KEpOjXcM2TCat1ISk,2tNmhDlMbwQZLxQtWMt2EU
4iCwCMnqsNZ6atvRiADgtn,2tNmhDlMbwQZLxQtWMt2EU
4VmEWwd8y9MCLwexFMdpwt,2tNmhDlMbwQZLxQtWMt2EU
6FD0unjzGQhX3b6eMccMJe,2tNmhDlMbwQZLxQtWMt2EU
2yQf6b8hxahZaT5dHlWaB1,2tNmhDlMbwQZLxQtWMt2EU
0G070wUUUBptmqGEKAAUVx,2tNmhDlMbwQZLxQtWMt2EU
4Otx4bRLSfpah5kX8hdgDC,6MszGZxe52sc4owTmjp0O9
1ZwdS5xdxEREPySFridCfh,6S5SJlNXgrUBTLa58NMwGk
7hJcb9fa4alzcOq3EaNPoG,6S5SJlNXgrUBTLa58NMwGk
6DPYiyq5kWVQS4RGwxzPC7,1SWVDBtw6h3tm9OehOkDhv
7dGJo4pcD2V6oG8kP0tJRR,1SWVDBtw6h3tm9OehOkDhv
4tujQJicOnuZRLiBFdp3Ou,1SWVDBtw6h3tm9OehOkDhv
5spEJXLwD1sKUdC2bnOHPg,1dF5Y2dd7Wm4wZKvVjWBpr
5me0Irg2ANcsgc93uaYrpb,19FsxX4RthRMZGfXkImdCb
4VmEWwd8y9MCLwexFMdpwt,2iNcMYx2u8YDhCklGAVmXg
1ZwdS5xdxEREPySFridCfh,09EwNbGvUyu7BDEYG0cJro
2Mu5NfyYm8n5iTomuKAEHl,2Uu8IiLkLY0UXhCHka4Dlr
4VmEWwd8y9MCLwexFMdpwt,2k431Ect1b8BW0oTvHEU5R
1XkoF8ryArs86LZvFOkbyr,2k431Ect1b8BW0oTvHEU5R
7wqtxqI3eo7Gn1P7SpP6cQ,2c7H254xlKoGhmZT194C0T
3nFkdlSjzX9mRTtwJOzDYB,4dUWOra6S6IlEMiaFvb4lc
1ZwdS5xdxEREPySFridCfh,00i2HU7TEzzftShjRrDSEF
33JfM2NgTRFT9wMoQvcv6T,00i2HU7TEzzftShjRrDSEF
0iVrCROxeyon7MZUW3MfzT,6aJ90LBl96bly9zuEH1U2X
6DPYiyq5kWVQS4RGwxzPC7,7jIujRjK5JKNrMCcAvYUTN
5me0Irg2ANcsgc93uaYrpb,53duuSwaLOZuIrELvZXqLH
5spEJXLwD1sKUdC2bnOHPg,1muLq1kBLWIT3pmNC2xl0g
7B4hKK0S9QYnaoqa9OuwgX,1muLq1kBLWIT3pmNC2xl0g
2Xu7q46Hf02xOoEIm4E1Qs,3GKL13lkM5nRc4zC1lIOrR
3zTOe1BtyTkwNvYZOxXktX,3GKL13lkM5nRc4zC1lIOrR
4Otx4bRLSfpah5kX8hdgDC,2XKNIzuVL2aOlzGUiPkctF
5me0Irg2ANcsgc93uaYrpb,2g8HN35AnVGIk7B8yMucww
5me0Irg2ANcsgc93uaYrpb,1YQ7BbJR8HqAolfprvxGKu
5tth2a3v0sWwV1C7bApBdX,1YQ7BbJR8HqAolfprvxGKu
59wfkuBoNyhDMQGCljbUbA,1YQ7BbJR8HqAolfprvxGKu
5me0Irg2ANcsgc93uaYrpb,2KFg8kjYy0rYjWsXGhEQHN
30fiiwr2EeZp1tAhzYCmyM,6JI5wNWYdBw68GZjOMmgK5
1ZwdS5xdxEREPySFridCfh,1eduDdsjMO7Or4EXnMf2iS
1ZwdS5xdxEREPySFridCfh,2bUojZta7GJTjGAqo064jo
1ZwdS5xdxEREPySFridCfh,2xTft6GEZeTyWNpdX94rkf
30fiiwr2EeZp1tAhzYCmyM,5LN1B9uVAVleCZ2euGarvi
30fiiwr2EeZp1tAhzYCmyM,2TE1FOBGJ0h7xxIFUjppmd
3Mcii5XWf6E0lrY3Uky4cA,2Ih217RCGAmyQR68Nn7Cqo
0b2XeWDPeBiLeskT6RFqMb,5xEm63lXBhJKZgjRDMWH3H
4XqfpACObRB5AsBcUYjL8X,5UQOmTylBEdsIfSn37v3DO
6DPYiyq5kWVQS4RGwxzPC7,0Ed7MeXx64f6OcIuoTRCg1
3np2OYRZAgI4e6lxeGmGr8,0Ed7MeXx64f6OcIuoTRCg1
4xko5t5site4jVwopoCF21,0Ed7MeXx64f6OcIuoTRCg1
1Oa0bMld0A3u5OTYfMzp5h,0Ed7MeXx64f6OcIuoTRCg1
6NyJIFHAePjHR1pFxwisqz,0Ed7MeXx64f6OcIuoTRCg1
59wfkuBoNyhDMQGCljbUbA,00FROhC5g4iJdax5US8jRr
2mxe0TnaNL039ysAj51xPQ,00FROhC5g4iJdax5US8jRr
1wiBLzTI7z9RUwEpNPdFT6,7hfRrdFJgFKK3cJ4rmkecE
4akj4uteQQrrGxhX9Rjuyf,4JYUDRtPZuVNi7FAnbHyux
1YfEcTuGvBQ8xSD1f53UnK,4JYUDRtPZuVNi7FAnbHyux
1P8IfcNKwrkQP5xJWuhaOC,4JYUDRtPZuVNi7FAnbHyux
6edzoyx2aOvZpdFeCCWU1t,4JYUDRtPZuVNi7FAnbHyux
5me0Irg2ANcsgc93uaYrpb,4JYUDRtPZuVNi7FAnbHyux
19KwjzvIL92r29IINtlPNP,3XcsaghGUCL9WzJz3TlLKo
34EP7KEpOjXcM2TCat1ISk,5XLC8xoqyua4U7wJiZAWik
4VmEWwd8y9MCLwexFMdpwt,5XLC8xoqyua4U7wJiZAWik
2yQf6b8hxahZaT5dHlWaB1,5XLC8xoqyua4U7wJiZAWik
6ns6XAOsw4B0nDUIovAOUO,5XLC8xoqyua4U7wJiZAWik
4iCwCMnqsNZ6atvRiADgtn,5XLC8xoqyua4U7wJiZAWik
6FD0unjzGQhX3b6eMccMJe,5XLC8xoqyua4U7wJiZAWik
2WKdxPFRD7IqZvlIAvhMgY,3vZO25GdYuqFrR1kzZADnp
2Mu5NfyYm8n5iTomuKAEHl,3vZO25GdYuqFrR1kzZADnp
7aBzpmFXB4WWpPl2F7RjBe,3vZO25GdYuqFrR1kzZADnp
0kJMPTXq7h3ztpDukSx5iD,3vZO25GdYuqFrR1kzZADnp
5spEJXLwD1sKUdC2bnOHPg,2elA6JLRaQ6iB7hxiuTKN4
0z4gvV4rjIZ9wHck67ucSV,2elA6JLRaQ6iB7hxiuTKN4
5me0Irg2ANcsgc93uaYrpb,1ozdRCYFVt8Ui0dba1520D
5spEJXLwD1sKUdC2bnOHPg,1ozdRCYFVt8Ui0dba1520D
5spEJXLwD1sKUdC2bnOHPg,3PYtlkObLFZ2SaFjS4TyJR
5spEJXLwD1sKUdC2bnOHPg,3u9pftbhkHKNti0U58q5j3
5me0Irg2ANcsgc93uaYrpb,7aEjUdVMgHPQQdIIcaWnyt
5spEJXLwD1sKUdC2bnOHPg,7aEjUdVMgHPQQdIIcaWnyt
6vbY3hOaCAhC7VjucswgdS,7aEjUdVMgHPQQdIIcaWnyt
17lzZA2AlOHwCwFALHttmp,6H0AwSQ20mo62jGlPGB8S6
7c0XG5cIJTrrAgEC3ULPiq,6H0AwSQ20mo62jGlPGB8S6
2iojnBLj0qIMiKPvVhLnsH,6H0AwSQ20mo62jGlPGB8S6
5ZS223C6JyBfXasXxrRqOk,6H0AwSQ20mo62jGlPGB8S6
13ubrt8QOOCPljQ2FL1Kca,4X5f3vT8MRuXF68pfjNte5
3TVXtAsR1Inumwj472S9r4,4X5f3vT8MRuXF68pfjNte5
17lzZA2AlOHwCwFALHttmp,4X5f3vT8MRuXF68pfjNte5
2YZyLoL8N0Wb9xBt1NhZWg,4X5f3vT8MRuXF68pfjNte5
07YZf4WDAMNwqr4jfgOZ8y,5l3CML2OnzfNs5RfVgbcLt
17lzZA2AlOHwCwFALHttmp,5l3CML2OnzfNs5RfVgbcLt
3TVXtAsR1Inumwj472S9r4,7y911sqgHGHcyU4ivapjwi
17lzZA2AlOHwCwFALHttmp,7y911sqgHGHcyU4ivapjwi
0c173mlxpT3dSFRgMO8XPh,7y911sqgHGHcyU4ivapjwi
17lzZA2AlOHwCwFALHttmp,4H9pCqPKc11WCbfILZSYTt
6UBA15slIuadJ8h2lPRPos,0kIHfcHGFGm5xb0dSlKEdp
17lzZA2AlOHwCwFALHttmp,0kIHfcHGFGm5xb0dSlKEdp
5ndkK3dpZLKtBklKjxNQwT,0kIHfcHGFGm5xb0dSlKEdp
17lzZA2AlOHwCwFALHttmp,6j9iyrrmqWlQZ5SD1hSTaq
3TVXtAsR1Inumwj472S9r4,6j9iyrrmqWlQZ5SD1hSTaq
6UBA15slIuadJ8h2lPRPos,6M47gaKejso9772SKTa3yH
1A8NEJYo3VW9aIZ6l55Dgu,6M47gaKejso9772SKTa3yH
7vTyZmNA6LC0WRDg7V6yle,6M47gaKejso9772SKTa3yH
1T8S48bD91THNKBByWBDyn,6M47gaKejso9772SKTa3yH
6UBA15slIuadJ8h2lPRPos,5dqrgmHHBuUzwYKBXJuIm0
6UBA15slIuadJ8h2lPRPos,3kW5Rq9AIL0QQuYTSKNkQw
12ceFY8dHtc9XsIknO45Pa,3kW5Rq9AIL0QQuYTSKNkQw
3SEJQy90Vgg1aSnZ9b4AU9,3kW5Rq9AIL0QQuYTSKNkQw
6UBA15slIuadJ8h2lPRPos,0I0wn4G67txQwENcmRH3d6
6UBA15slIuadJ8h2lPRPos,2hnTGEeWAh9UHIjpMsPiFf
4UOlRVifrFdQHW9qu5ep8t,42Lryt8OjQ3C86dZAOgUdd
4UOlRVifrFdQHW9qu5ep8t,3Okb56pSKGdoTWUcv4isoo
4UOlRVifrFdQHW9qu5ep8t,3rNL3jS0CXIyW79x2NUxKH
4UOlRVifrFdQHW9qu5ep8t,53SyS13jh56ii7rlD19cWG
4UOlRVifrFdQHW9qu5ep8t,5it88Z5VrCoIoydnt5tdQR
4UOlRVifrFdQHW9qu5ep8t,1AJx5jJQy9pKKxcnHm85RY
4UOlRVifrFdQHW9qu5ep8t,4Ade0IwkleaUD2X7uIdY0i
4UOlRVifrFdQHW9qu5ep8t,6OklZCJBGpsd7mdE8jUfIN
34HqoZgb2U7YmhPyhJX2Df,6OklZCJBGpsd7mdE8jUfIN
3SEJQy90Vgg1aSnZ9b4AU9,6OklZCJBGpsd7mdE8jUfIN
78nL8LitGR7vO0qp2iZF9E,6OklZCJBGpsd7mdE8jUfIN
4UOlRVifrFdQHW9qu5ep8t,2QEvKBP0cHfx1aSvCWDYco
6DPYiyq5kWVQS4RGwxzPC7,4FI0rdztOAYJZMupujL5Gp
0OMJR0LjjKv21qNvICTgbi,4FI0rdztOAYJZMupujL5Gp
7hJcb9fa4alzcOq3EaNPoG,4FI0rdztOAYJZMupujL5Gp
6DPYiyq5kWVQS4RGwxzPC7,2BMRUAA1oTc7e9JPlr6xbZ
3np2OYRZAgI4e6lxeGmGr8,2BMRUAA1oTc7e9JPlr6xbZ
2P3cjUru4H3fhSXXNxE9kA,6MdqqkQ8sSC0WB4i8PyRuQ
6DPYiyq5kWVQS4RGwxzPC7,6MdqqkQ8sSC0WB4i8PyRuQ
0VbIlorLz3I5SEtIsc5vAr,6MdqqkQ8sSC0WB4i8PyRuQ
6DPYiyq5kWVQS4RGwxzPC7,70ATm56tH7OrQ1zurYssz0
7dGJo4pcD2V6oG8kP0tJRR,70ATm56tH7OrQ1zurYssz0
4utLUGcTvOJFr6aqIJtYWV,70ATm56tH7OrQ1zurYssz0
7dGJo4pcD2V6oG8kP0tJRR,4dK00wCxlqWEeN8BoM1BHT
6DPYiyq5kWVQS4RGwxzPC7,4dK00wCxlqWEeN8BoM1BHT
3q7HBObVc0L8jNeTe5Gofh,4dK00wCxlqWEeN8BoM1BHT
6DPYiyq5kWVQS4RGwxzPC7,04fX3oTJm5Zucg3Uf9aix0
6DPYiyq5kWVQS4RGwxzPC7,0JSCZdPOPR7d8Mfi09tIxU
7B4hKK0S9QYnaoqa9OuwgX,1ohwrBQrxIlqMYfkoYERiN
6DPYiyq5kWVQS4RGwxzPC7,1ohwrBQrxIlqMYfkoYERiN
4fbyGOEjViyE97W58eGEgU,1ohwrBQrxIlqMYfkoYERiN
2B4ZHz4QDWJTXPFPgO5peE,2ImuQo1g14CTR9hZAZD3aQ
23Ul4QNOkm2gasKycag0UK,2ImuQo1g14CTR9hZAZD3aQ
5Qi4Bb7a8C0a00NZcA77L0,0Qr9Dl5b43RAZuXTSqzBzu
2LiWxiQzuD9nmWQ6NCA8Gd,0Qr9Dl5b43RAZuXTSqzBzu
7dGJo4pcD2V6oG8kP0tJRR,5H3B1WtZYGmyOYOXgQltKU
5Qi4Bb7a8C0a00NZcA77L0,5H3B1WtZYGmyOYOXgQltKU
3zNM2tRfTX6LI1lN2PlrTt,65iyI1iybyv5ecsfBHSdUf
3Mcii5XWf6E0lrY3Uky4cA,13AvIMuWOBUWGBhWGIHb6N
4EnEZVjo3w1cwcQYePccay,3OMqeZU9lQGimMwMjPvBsp
0NbfKEOTQCcwd6o7wSDOHI,0LFcFGLYTX6UmeIdO7NVd7
17lzZA2AlOHwCwFALHttmp,0LFcFGLYTX6UmeIdO7NVd7
1sBkRIssrMs1AbVkOJbc7a,0LFcFGLYTX6UmeIdO7NVd7
5LHRHt1k9lMyONurDHEdrp,1GMDpf82TUwTVBPYiu0dmR
0NbfKEOTQCcwd6o7wSDOHI,1GMDpf82TUwTVBPYiu0dmR
0NbfKEOTQCcwd6o7wSDOHI,0lOe1dR2TNkJMCjIcRuw6T
3q7HBObVc0L8jNeTe5Gofh,0lOe1dR2TNkJMCjIcRuw6T
0NbfKEOTQCcwd6o7wSDOHI,39yRhjDdSTP4A7VehxBXDb
0NbfKEOTQCcwd6o7wSDOHI,5F7caGhe84C6ONva5S8yXF
0NbfKEOTQCcwd6o7wSDOHI,4GXH9A6fzuE0MNtqtzjhLg
55Aa2cqylxrFIXC767Z865,4GXH9A6fzuE0MNtqtzjhLg
3vDUJHQtqT3jFRZ2ECXDTi,0cNJ3huiV99wvUN1tmQLTL
6Uh8uJyN9g7oFjDK16nJgb,0cNJ3huiV99wvUN1tmQLTL
1YfEcTuGvBQ8xSD1f53UnK,4MHboJP4Mj8b2bc4hXayIo
1XkoF8ryArs86LZvFOkbyr,4MHboJP4Mj8b2bc4hXayIo
2wIVse2owClT7go1WT98tk,4MHboJP4Mj8b2bc4hXayIo
1HwM5zlC5qNWhJtM00yXzG,4MHboJP4Mj8b2bc4hXayIo
1uT0jnwsq3AifrLorG4UDt,4MHboJP4Mj8b2bc4hXayIo
3vDUJHQtqT3jFRZ2ECXDTi,4MHboJP4Mj8b2bc4hXayIo
0mbgkaYR8KNUb5s3s1yYHG,4MHboJP4Mj8b2bc4hXayIo
6Uh8uJyN9g7oFjDK16nJgb,50UkypyQJbSQLaXHke5Yep
0YWxKQj2Go9CGHCp77UOyy,0YkJU6TjjwzsVXUPRIO0DB
21E3waRsmPlU7jZsS13rcj,0YkJU6TjjwzsVXUPRIO0DB
0YWxKQj2Go9CGHCp77UOyy,6lrRIfQDcikJ5y5DtyZPuJ
15qg3Tr23aMVGAruYtlMdg,6lrRIfQDcikJ5y5DtyZPuJ
5wBDD4FNJvob5fAGkAIQ92,6lrRIfQDcikJ5y5DtyZPuJ
0YWxKQj2Go9CGHCp77UOyy,6c0GmyBsE7mQtrVvxJaWc3
1W3FSF1BLpY3hlVIgvenLz,6c0GmyBsE7mQtrVvxJaWc3
2iojnBLj0qIMiKPvVhLnsH,2fQ6sBFWaLv2Gxos4igHLy
0YWxKQj2Go9CGHCp77UOyy,2fQ6sBFWaLv2Gxos4igHLy
0YWxKQj2Go9CGHCp77UOyy,6h7PQQIUQSNSAWqRe98MBU
59wfkuBoNyhDMQGCljbUbA,6h7PQQIUQSNSAWqRe98MBU
7Aq8lpLMSt1Zxu56pe9bmp,6h7PQQIUQSNSAWqRe98MBU
0YWxKQj2Go9CGHCp77UOyy,7K4Aq4awgYvDKEJdEvvl4j
1Oa0bMld0A3u5OTYfMzp5h,7K4Aq4awgYvDKEJdEvvl4j
6wPhSqRtPu1UhRCDX5yaDJ,1gZ7i4qxXkHZb1r6eioaAP
1YfEcTuGvBQ8xSD1f53UnK,1gZ7i4qxXkHZb1r6eioaAP
1BH45DVSTeGBvcYXNCd67g,5osSw3tL07Tuid7AWsvYcc
1YfEcTuGvBQ8xSD1f53UnK,5osSw3tL07Tuid7AWsvYcc
7362Tj1IkoHp7oWveGTf51,5osSw3tL07Tuid7AWsvYcc
7MseR8aIHbFMXzMAkRPCZy,5osSw3tL07Tuid7AWsvYcc
1YfEcTuGvBQ8xSD1f53UnK,4SnTf4ixVZCfQtxHNhky0T
59wfkuBoNyhDMQGCljbUbA,4SnTf4ixVZCfQtxHNhky0T
2RdwBSPQiwcmiDo9kixcl8,4SnTf4ixVZCfQtxHNhky0T
2B4ZHz4QDWJTXPFPgO5peE,0KbIwqCAHmXWu7hrszXY6j
1Oa0bMld0A3u5OTYfMzp5h,0KbIwqCAHmXWu7hrszXY6j
0NbfKEOTQCcwd6o7wSDOHI,0KbIwqCAHmXWu7hrszXY6j
7dGJo4pcD2V6oG8kP0tJRR,0fGh0trRN1xz3s41r7V5ce
1Oa0bMld0A3u5OTYfMzp5h,0fGh0trRN1xz3s41r7V5ce
3ipn9JLAPI5GUEo4y4jcoi,3lcC9CnN7Rpo1ugATzmYjY
1Oa0bMld0A3u5OTYfMzp5h,3lcC9CnN7Rpo1ugATzmYjY
1ZwdS5xdxEREPySFridCfh,3j9UIPpivEXyfV67agjXKH
6jrgYc3KgJPqieNGFt0O3m,3j9UIPpivEXyfV67agjXKH
7hJcb9fa4alzcOq3EaNPoG,3j9UIPpivEXyfV67agjXKH
1Oa0bMld0A3u5OTYfMzp5h,3j9UIPpivEXyfV67agjXKH
7Kk52c4QPzzgXzsrce4rSF,3j9UIPpivEXyfV67agjXKH
1Oa0bMld0A3u5OTYfMzp5h,7IMt6vPcCbtNqXay4Zp9ya
7hJcb9fa4alzcOq3EaNPoG,0YHI5hydPPth6J5UOzdLDX
7zICaxnDB9ZprDSiFpvbbW,0YHI5hydPPth6J5UOzdLDX
1Oa0bMld0A3u5OTYfMzp5h,0YHI5hydPPth6J5UOzdLDX
3uISNNuONokIh21KiNharS,0YHI5hydPPth6J5UOzdLDX
51FyBBOW464toW099BsW8z,0YHI5hydPPth6J5UOzdLDX
1Oa0bMld0A3u5OTYfMzp5h,177whjgOe4OAqNvgu6GETq
7hJcb9fa4alzcOq3EaNPoG,177whjgOe4OAqNvgu6GETq
2B4ZHz4QDWJTXPFPgO5peE,177whjgOe4OAqNvgu6GETq
3TVXtAsR1Inumwj472S9r4,6BdgtqiV3oXNqBikezwdvC
17lzZA2AlOHwCwFALHttmp,6J5sxraPPZ4b0CVOGAgpXj
3TVXtAsR1Inumwj472S9r4,0rSVWYKiBkirydeEyFevAn
55Aa2cqylxrFIXC767Z865,0rSVWYKiBkirydeEyFevAn
3TVXtAsR1Inumwj472S9r4,7kfTqGMzIHFWeBeOJALzRf
55Aa2cqylxrFIXC767Z865,3SShjQBczSt1HMpWA9zbwE
17lzZA2AlOHwCwFALHttmp,3SShjQBczSt1HMpWA9zbwE
3TVXtAsR1Inumwj472S9r4,4Kz4RdRCceaA9VgTqBhBfa
55Aa2cqylxrFIXC767Z865,4Kz4RdRCceaA9VgTqBhBfa
55Aa2cqylxrFIXC767Z865,6t2eIONH4Sax3R21QWiKNp
3TVXtAsR1Inumwj472S9r4,6t2eIONH4Sax3R21QWiKNp
6l3HvQ5sa6mXTsMTB19rO5,1EbWiEra7ovNsMq3DeLSDy
360IAlyVv4PCEVjgyMZrxK,1EbWiEra7ovNsMq3DeLSDy
0I5HubncQ8E1MFZOlPDY4J,0b8qcIPuFq77U6ifMUAVUP
4OBJLual30L7gRl5UkeRcT,0b8qcIPuFq77U6ifMUAVUP
4yBK75WVCQXej1p04GWqxH,0b8qcIPuFq77U6ifMUAVUP
17lzZA2AlOHwCwFALHttmp,0b8qcIPuFq77U6ifMUAVUP
3TVXtAsR1Inumwj472S9r4,6V2D8Lls36APk0THDjBDfE
3TVXtAsR1Inumwj472S9r4,79XrkTOfV1AqySNjVlygpW
6l3HvQ5sa6mXTsMTB19rO5,16qYlQ6koFxYVbiJbGHblz
3TVXtAsR1Inumwj472S9r4,27GmP9AWRs744SzKcpJsTZ
1RyvyyTE3xzB2ZywiAwp0i,27GmP9AWRs744SzKcpJsTZ
5lHRUCqkQZCIWeX7xG4sYT,2LLFl56eIFGFlnrplUC26f
4yBK75WVCQXej1p04GWqxH,0jkeRqlWciqKxU3iHQfdWj
3nFkdlSjzX9mRTtwJOzDYB,0jkeRqlWciqKxU3iHQfdWj
3TVXtAsR1Inumwj472S9r4,5lFDtgWsjRJu8fPOAyJIAK
3TVXtAsR1Inumwj472S9r4,343YBumqHu19cGoGARUTsd
5M0lbkGluOPXLeFjApw8r8,0qy5D3OJre7SPJNMOL9I71
6icQOAFXDZKsumw3YXyusw,0qy5D3OJre7SPJNMOL9I71
3TVXtAsR1Inumwj472S9r4,2VWbHHhWnMzKWPUs4IEEW9
5f7VJjfbwm532GiveGC0ZK,6vN77lE9LK6HP2DewaN6HZ
3TVXtAsR1Inumwj472S9r4,6vN77lE9LK6HP2DewaN6HZ
6vXTefBL93Dj5IqAWq6OTv,43uQtNJUmlEdJtjbz6GdGL
3TVXtAsR1Inumwj472S9r4,43uQtNJUmlEdJtjbz6GdGL
137W8MRPWKqSmrBGDBFSop,4wqzOaLxiCRy2Et8tRyNSX
67hb7towEyKvt5Z8Bx306c,4wqzOaLxiCRy2Et8tRyNSX
137W8MRPWKqSmrBGDBFSop,2kzRSiyignH8yzPTrWvyPo
137W8MRPWKqSmrBGDBFSop,0osPX8TruIebOhKuG6GK8C
4sb7rZNN93BSS6Gqgepo4v,0osPX8TruIebOhKuG6GK8C
04gDigrS5kc9YWfZHwBETP,1XGmzt0PVuFgQYYnV2It7A
137W8MRPWKqSmrBGDBFSop,1XGmzt0PVuFgQYYnV2It7A
137W8MRPWKqSmrBGDBFSop,6u8hSdYZxbK5EczDPRIXXf
7c0XG5cIJTrrAgEC3ULPiq,6u8hSdYZxbK5EczDPRIXXf
137W8MRPWKqSmrBGDBFSop,1ULa3GfdMKs0MfRpm6xVlu
085pc2PYOi8bGKj0PNjekA,26XUAwGZqQEyy8Ubhtj4kq
5YGY8feqx7naU7z4HrwZM6,26XUAwGZqQEyy8Ubhtj4kq
6vXTefBL93Dj5IqAWq6OTv,26XUAwGZqQEyy8Ubhtj4kq
137W8MRPWKqSmrBGDBFSop,26XUAwGZqQEyy8Ubhtj4kq
0YinUQ50QDB7ZxSCLyQ40k,26XUAwGZqQEyy8Ubhtj4kq
137W8MRPWKqSmrBGDBFSop,1ms5tNNdPouTtcD2oVF9Oz
137W8MRPWKqSmrBGDBFSop,53DB6LJV9B8sz0p1s6tlGS
4xRYI6VqpkE3UwrDrAZL8L,0jqBo5RYn008f4ZY8kPewW
137W8MRPWKqSmrBGDBFSop,0jqBo5RYn008f4ZY8kPewW
137W8MRPWKqSmrBGDBFSop,5OI48E8HqkN8fnTOu3Hfuf
6hSbppor1AmH9RGzyxOcGT,5OI48E8HqkN8fnTOu3Hfuf
3hm1hqVd38xKA7iXjVJvo9,5OI48E8HqkN8fnTOu3Hfuf
3aQeKQSyrW4qWr35idm0cy,6j236RwzFFj4wqH2tWJNBD
13saZpZnCDWOI9D4IJhp1f,6j236RwzFFj4wqH2tWJNBD
137W8MRPWKqSmrBGDBFSop,6j236RwzFFj4wqH2tWJNBD
137W8MRPWKqSmrBGDBFSop,2iDjCLUOGhJtz5cPHljGVd
6KZDXtSj0SzGOV705nNeh3,4q6dqyGM25sKFU8nYAGRe4
7bXgB6jMjp9ATFy66eO08Z,4q6dqyGM25sKFU8nYAGRe4
6KZDXtSj0SzGOV705nNeh3,2asIUjALYhUbH8hvLUhDWo
7bXgB6jMjp9ATFy66eO08Z,2asIUjALYhUbH8hvLUhDWo
6KZDXtSj0SzGOV705nNeh3,5IZc3KIVFhjzJ0L2kiXzUl
6PXS4YHDkKvl1wkIl4V8DL,5IZc3KIVFhjzJ0L2kiXzUl
6KZDXtSj0SzGOV705nNeh3,0TKWHD7sbO0CrEAdegPLZm
1l8Fu6IkuTP0U5QetQJ5Xt,41Fflg7qHiVOD6dEPvsCzO
6KZDXtSj0SzGOV705nNeh3,41Fflg7qHiVOD6dEPvsCzO
6KZDXtSj0SzGOV705nNeh3,2npJP0YTkykkqjezhA1g8f
7kFfY4UjNdNyaeUgLIEbIF,2npJP0YTkykkqjezhA1g8f
6KZDXtSj0SzGOV705nNeh3,2fsULZDbmjjZPtr1PfeBRz
6PXS4YHDkKvl1wkIl4V8DL,2d8JP84HNLKhmd6IYOoupQ
6PXS4YHDkKvl1wkIl4V8DL,1WoOzgvz6CgH4pX6a1RKGp
1Wnfj5qZsp8nPsGBBRRa4W,1WoOzgvz6CgH4pX6a1RKGp
6PXS4YHDkKvl1wkIl4V8DL,3ESSGgWzRf1xvP7G5hHMhB
1tqhsYv8yBBdwANFNzHtcr,1TkWsnheqK0gBtvh07BtNX
6PXS4YHDkKvl1wkIl4V8DL,1TkWsnheqK0gBtvh07BtNX
5lHRUCqkQZCIWeX7xG4sYT,1TkWsnheqK0gBtvh07BtNX
7bXgB6jMjp9ATFy66eO08Z,0k6DnZMLoEUH8NGD5zh2SE
5LHRHt1k9lMyONurDHEdrp,0k6DnZMLoEUH8NGD5zh2SE
5yG7ZAZafVaAlMTeBybKAL,5mu1uv8RmzDkF8foePK5qa
5LHRHt1k9lMyONurDHEdrp,5mu1uv8RmzDkF8foePK5qa
5LHRHt1k9lMyONurDHEdrp,3GW3dMxqIbl14cZtpLRQBy
3tJoFztHeIJkJWMrx0td2f,3GW3dMxqIbl14cZtpLRQBy
5LHRHt1k9lMyONurDHEdrp,73xXDeBMlC5cdvWoOLWVLo
0hCNtLu0JehylgoiP8L4Gh,73xXDeBMlC5cdvWoOLWVLo
5LHRHt1k9lMyONurDHEdrp,0srwKuJPH8yBzzFUJMBQM2
5LHRHt1k9lMyONurDHEdrp,0aJ2hFC6e9Z00Lx9RIRNcT
5LHRHt1k9lMyONurDHEdrp,2NRUU0gP1d8Yif8CpsCW8l
55Aa2cqylxrFIXC767Z865,2NRUU0gP1d8Yif8CpsCW8l
0QHgL1lAIqAw0HtD7YldmP,1sbEeUY8KsdvgiQi26JBFz
3TVXtAsR1Inumwj472S9r4,1sbEeUY8KsdvgiQi26JBFz
0QHgL1lAIqAw0HtD7YldmP,1cEhrSF6EylAEqdhUGuNpX
1URnnhqYAYcrqrcwql10ft,1cEhrSF6EylAEqdhUGuNpX
1uNFoZAHBGtllmzznpCI3s,1cEhrSF6EylAEqdhUGuNpX
0QHgL1lAIqAw0HtD7YldmP,12PNcnMsjsZ3eHm62t8hiy
0QHgL1lAIqAw0HtD7YldmP,3DXncPQOG4VBw3QHh3S817
1uNFoZAHBGtllmzznpCI3s,3DXncPQOG4VBw3QHh3S817
0VRj0yCOv2FXJNP47XQnx5,3DXncPQOG4VBw3QHh3S817
1anyVhU62p31KFi8MEzkbf,3DXncPQOG4VBw3QHh3S817
55Aa2cqylxrFIXC767Z865,3DXncPQOG4VBw3QHh3S817
0QHgL1lAIqAw0HtD7YldmP,6YdzlsQcyXoWjAykR0rjj3
0QHgL1lAIqAw0HtD7YldmP,4F0sMzz8L5EE8ly9o3evIq
0QHgL1lAIqAw0HtD7YldmP,5WyT4OJkN8FlIeTIPWI5xq
31HjiqargV4NAw4GZqUale,0uFvvXbmGIXlf5ZgtHyYpf
1RyvyyTE3xzB2ZywiAwp0i,0uFvvXbmGIXlf5ZgtHyYpf
1sBkRIssrMs1AbVkOJbc7a,0uFvvXbmGIXlf5ZgtHyYpf
20sxb77xiYeusSH8cVdatc,7sjwaBQ6M3aVigYfBjm1sL
1sBkRIssrMs1AbVkOJbc7a,7sjwaBQ6M3aVigYfBjm1sL
0QHgL1lAIqAw0HtD7YldmP,6ezg5Mm5UEEi3Oqsbb7Cjn
0hCNtLu0JehylgoiP8L4Gh,6ezg5Mm5UEEi3Oqsbb7Cjn
7bXgB6jMjp9ATFy66eO08Z,6ezg5Mm5UEEi3Oqsbb7Cjn
19Fi1Rj7kk8kyiwxpXy3yM,6ezg5Mm5UEEi3Oqsbb7Cjn
3KV3p5EY4AvKxOlhGHORLg,6ezg5Mm5UEEi3Oqsbb7Cjn
1RyvyyTE3xzB2ZywiAwp0i,6ezg5Mm5UEEi3Oqsbb7Cjn
1sBkRIssrMs1AbVkOJbc7a,6ezg5Mm5UEEi3Oqsbb7Cjn
4yBK75WVCQXej1p04GWqxH,5dANgSy7v091dhiPnEXNrf
5K4W6rqBFWDnAN6FQUkS6x,5dANgSy7v091dhiPnEXNrf
4yBK75WVCQXej1p04GWqxH,0Ss50OU9tCozI7JIywkv14
0z4gvV4rjIZ9wHck67ucSV,0Ss50OU9tCozI7JIywkv14
0z4gvV4rjIZ9wHck67ucSV,5264rU21ndum3CYYaSGUUm
55Aa2cqylxrFIXC767Z865,5264rU21ndum3CYYaSGUUm
4yBK75WVCQXej1p04GWqxH,5264rU21ndum3CYYaSGUUm
3TVXtAsR1Inumwj472S9r4,5aooThgj87ID0vgiyvcjPM
55Aa2cqylxrFIXC767Z865,5aooThgj87ID0vgiyvcjPM
4yBK75WVCQXej1p04GWqxH,5aooThgj87ID0vgiyvcjPM
4yBK75WVCQXej1p04GWqxH,7qFxSPDUDMQNGBqTvK4aEj
4yBK75WVCQXej1p04GWqxH,2JJ5h2I1S0UR4tyD0U1I7K
17lzZA2AlOHwCwFALHttmp,2JJ5h2I1S0UR4tyD0U1I7K
4yBK75WVCQXej1p04GWqxH,4Onlx3t98YDeu8bM7wRS5K
20qISvAhX20dpIbOOzGK3q,4Onlx3t98YDeu8bM7wRS5K
3nFkdlSjzX9mRTtwJOzDYB,5sNESr6pQfIhL3krM8CtZn
6XyY86QOPPrYVGvF9ch6wz,5sNESr6pQfIhL3krM8CtZn
3nFkdlSjzX9mRTtwJOzDYB,4h5KBcltGefua73AUPYps7
3nFkdlSjzX9mRTtwJOzDYB,0s46SltT4On0Z6kglK1I5c
3nFkdlSjzX9mRTtwJOzDYB,5ljCWsDlSyJ41kwqym2ORw
6vWDO969PvNqNYHIOW5v0m,5ljCWsDlSyJ41kwqym2ORw
3nFkdlSjzX9mRTtwJOzDYB,4LGMSdeKOUoy5Wf75Je0Hl
6NzM38IkXdbQsQ4qW9CG7z,4LGMSdeKOUoy5Wf75Je0Hl
1J2VVASYAamtQ3Bt8wGgA6,4LGMSdeKOUoy5Wf75Je0Hl
3nFkdlSjzX9mRTtwJOzDYB,6gpZSI0xEMTzleBc5ykOVA
3nFkdlSjzX9mRTtwJOzDYB,35srNkJVToAzYiZzron1FY
1zV9UjTUevjp5VUddqIUUn,35srNkJVToAzYiZzron1FY
6vWDO969PvNqNYHIOW5v0m,0TwBtDAWpkpM3srywFVOV5
3nFkdlSjzX9mRTtwJOzDYB,0TwBtDAWpkpM3srywFVOV5
3nFkdlSjzX9mRTtwJOzDYB,6Iuh3vNjpWhSeHM3RZgzQL
3QJzdZJYIAcoET1GcfpNGi,6Iuh3vNjpWhSeHM3RZgzQL
3ScY9CQxNLQei8Umvpx5g6,7Ezwtgfw7khBrpvaNPtMoT
39mHYiNmLR7p8PXNG8Wll6,7Ezwtgfw7khBrpvaNPtMoT
6vXTefBL93Dj5IqAWq6OTv,7Ezwtgfw7khBrpvaNPtMoT
4R529xQ7WQfRpSEXaHFbRg,7Ezwtgfw7khBrpvaNPtMoT
2Xu7q46Hf02xOoEIm4E1Qs,0B8drtTSp68pZdkmVrG9ZA
3ScY9CQxNLQei8Umvpx5g6,0B8drtTSp68pZdkmVrG9ZA
3ScY9CQxNLQei8Umvpx5g6,4JPCdSaqs9dJd7RatFSHww
55Aa2cqylxrFIXC767Z865,4JPCdSaqs9dJd7RatFSHww
30fiiwr2EeZp1tAhzYCmyM,27GWWBegMtuzYixG9JTNrW
3ScY9CQxNLQei8Umvpx5g6,27GWWBegMtuzYixG9JTNrW
3ScY9CQxNLQei8Umvpx5g6,04FXF9tLQvYzc9ZWnTpaA3
2gBjLmx6zQnFGQJCAQpRgw,04FXF9tLQvYzc9ZWnTpaA3
3ScY9CQxNLQei8Umvpx5g6,4NT8MTxwf9wvZ4Ui36x7O2
5jj4cGOD1zVS6rWjK9Zzmi,4NT8MTxwf9wvZ4Ui36x7O2
7dGJo4pcD2V6oG8kP0tJRR,3UmaczJpikHgJFyBTAJVoz
2mpeljBig2IXLXRAFO9AAs,3UmaczJpikHgJFyBTAJVoz
4utLUGcTvOJFr6aqIJtYWV,5W8HXMOMLtXLz0RGKUtnlZ
6AgTAQt8XS6jRWi4sX7w49,5W8HXMOMLtXLz0RGKUtnlZ
4AA474G2hRfrHyGrfyDseO,5W8HXMOMLtXLz0RGKUtnlZ
7dGJo4pcD2V6oG8kP0tJRR,5W8HXMOMLtXLz0RGKUtnlZ
7dGJo4pcD2V6oG8kP0tJRR,4hEl2wrneFEJbJ6SDYWd2f
7dGJo4pcD2V6oG8kP0tJRR,23wfXwnsPZYe5A1xXRHb3J
7dGJo4pcD2V6oG8kP0tJRR,7BMO7O7ImjV8HNTH74Tshv
7dGJo4pcD2V6oG8kP0tJRR,6UaRii9AH6Zss9xNMEQ2M9
5pKCCKE2ajJHZ9KAiaK11H,6UaRii9AH6Zss9xNMEQ2M9
7dGJo4pcD2V6oG8kP0tJRR,7n8UWYTawkrcC1KBsY5XRc
7dGJo4pcD2V6oG8kP0tJRR,4woTEX1wYOTGDqNXuavlRC
5jNmxPYz8QE5rYp4GDil8t,4woTEX1wYOTGDqNXuavlRC
7dGJo4pcD2V6oG8kP0tJRR,6CN3e26iQSj1N5lomh0mfO
7dGJo4pcD2V6oG8kP0tJRR,7bHT9osSq1rwT2yaImzqCi
55Aa2cqylxrFIXC767Z865,7bHT9osSq1rwT2yaImzqCi
7dGJo4pcD2V6oG8kP0tJRR,0xzEDBVP6SmgByZePlbUvT
7dGJo4pcD2V6oG8kP0tJRR,15qrWkkYCfmtu1uRpGf48L
7dGJo4pcD2V6oG8kP0tJRR,0HNAPf0cLMkVQfwPl74kF3
7dGJo4pcD2V6oG8kP0tJRR,72i5s3SBDEkaRUOgUTlkfO
3q7HBObVc0L8jNeTe5Gofh,3ORfa5ilEthp2U0TRcv7kv
7dGJo4pcD2V6oG8kP0tJRR,3ORfa5ilEthp2U0TRcv7kv
3q7HBObVc0L8jNeTe5Gofh,5D2mYZuzcgjpchVY1pmTPh
5YBSzuCs7WaFKNr7Bky0Uf,5D2mYZuzcgjpchVY1pmTPh
3KV3p5EY4AvKxOlhGHORLg,0x3TibRgnSqzkcwrqBd4iX
3q7HBObVc0L8jNeTe5Gofh,0x3TibRgnSqzkcwrqBd4iX
4sb7rZNN93BSS6Gqgepo4v,2lMg3lCMOGistaWBNGjuT3
4sb7rZNN93BSS6Gqgepo4v,3XabgBQYC7H80agKcAq83Y
7sfl4Xt5KmfyDs2T3SVSMK,3XabgBQYC7H80agKcAq83Y
79Pqjevn76nsm1KiEgWuyS,3XabgBQYC7H80agKcAq83Y
4sb7rZNN93BSS6Gqgepo4v,1ei4Cg4zYN2y17CAvjETSM
0IF46mUS8NXjgHabxk2MCM,7nR3jmYBf3e9TEf6zpJiZb
4sb7rZNN93BSS6Gqgepo4v,7nR3jmYBf3e9TEf6zpJiZb
4sb7rZNN93BSS6Gqgepo4v,4K45MZQw6oVl9PUiouVoED
3crnzLy8R4lVwaigKEOz7V,5vIu19A3EEdHgFM4Cba6F4
3ipn9JLAPI5GUEo4y4jcoi,1eRyWRvO3RE6AlKhvYhTuX
3ipn9JLAPI5GUEo4y4jcoi,1WtTLtofvcjQM3sXSMkDdX
3r17AfJCCUqC9Lf0OAc73G,4KTtYhxFtFL7mBwnjkKfLm
3ipn9JLAPI5GUEo4y4jcoi,4KTtYhxFtFL7mBwnjkKfLm
7qG3b048QCHVRO5Pv1T5lw,3nMb7ToWIxYvmaIG20z6ux
3ipn9JLAPI5GUEo4y4jcoi,3nMb7ToWIxYvmaIG20z6ux
4yt2wdqvcHygghx9iNUb6i,3nMb7ToWIxYvmaIG20z6ux
2NdeV5rLm47xAvogXrYhJX,7i7UIbm5E0DD7aSOYvwp2v
3ipn9JLAPI5GUEo4y4jcoi,7i7UIbm5E0DD7aSOYvwp2v
6MF9fzBmfXghAz953czmBC,1CdqVF1ywD0ZO1zXtB9yWa
3ipn9JLAPI5GUEo4y4jcoi,1CdqVF1ywD0ZO1zXtB9yWa
3ipn9JLAPI5GUEo4y4jcoi,26liGJfeDiHLVn0qTETkt1
7Dnu2NmddNymEI2LMZVH5v,26liGJfeDiHLVn0qTETkt1
3ipn9JLAPI5GUEo4y4jcoi,3njpLvANriMsdv3dgADEad
3ipn9JLAPI5GUEo4y4jcoi,2CtCwQhY0ZLvr8L2l8Bo6e
4gpDA7R5796e6zbvZxGNga,2CtCwQhY0ZLvr8L2l8Bo6e
3ipn9JLAPI5GUEo4y4jcoi,6VixoRqnikN4QqegoKUSbH
4HgF4KnohByNElYid7iCNb,6VixoRqnikN4QqegoKUSbH
12FHARd9fY0Tu0ila4Ua25,7x6SuiiH3fcrsAgfkp2OwQ
5nLYd9ST4Cnwy6NHaCxbj8,7x6SuiiH3fcrsAgfkp2OwQ
3ipn9JLAPI5GUEo4y4jcoi,7x6SuiiH3fcrsAgfkp2OwQ
3ipn9JLAPI5GUEo4y4jcoi,2oN4q66KUcOnWO86FVyctY
7c0XG5cIJTrrAgEC3ULPiq,2oN4q66KUcOnWO86FVyctY
4Q5sPmM8j4SpMqL4UA1DtS,0MoRTalVQ1zPdR5HucLJrP
4PY2b4x0BfB6srqUxCWLPo,0MoRTalVQ1zPdR5HucLJrP
2RdwBSPQiwcmiDo9kixcl8,0MoRTalVQ1zPdR5HucLJrP
7jFaoqWPhYLrKzjzlpXmUO,0MoRTalVQ1zPdR5HucLJrP
45a6gCQWq61lIUDmr1tKuO,0MoRTalVQ1zPdR5HucLJrP
0jslZSHX4gukh5miuzDJPj,0MoRTalVQ1zPdR5HucLJrP
0PHPjHrN5AXFHtGOEPWH5h,0MoRTalVQ1zPdR5HucLJrP
5Jz9kKRnCRLTodCH58MyB4,0MoRTalVQ1zPdR5HucLJrP
44PA0rCQXikgOWbfY7Fq7m,46XvcuEZFFInDilbYUNHBn
44PA0rCQXikgOWbfY7Fq7m,1Epb6Kfe3GTgKrrWs1Y4Wy
07VmOvmuBp9G0gb8BTrpn0,1Epb6Kfe3GTgKrrWs1Y4Wy
3EtuDyQhDQYISGg1DU5qZj,1Epb6Kfe3GTgKrrWs1Y4Wy
44PA0rCQXikgOWbfY7Fq7m,5U1lQBg8zLFZCv9UzU6Noh
0TnOYISbd1XYRBk9myaseg,5U1lQBg8zLFZCv9UzU6Noh
44PA0rCQXikgOWbfY7Fq7m,5Sw4NiI7SniktcUwPweTvs
12FHARd9fY0Tu0ila4Ua25,5Sw4NiI7SniktcUwPweTvs
44PA0rCQXikgOWbfY7Fq7m,4QEoAZj6fVeSHj9ti2JpN8
44PA0rCQXikgOWbfY7Fq7m,5PsP6R5YDRh5IaqAey04AA
0VKTLKamj4IH8OfQbUL0kq,5a4AQWs84xeEyYUd1iC2Pn
6nfYGe7IIuuP5bMY1jkJP6,5a4AQWs84xeEyYUd1iC2Pn
2I1bnmb9VQEQGKHxvr0gSf,5a4AQWs84xeEyYUd1iC2Pn
7352aRY2mqSxBZwzUb6LmA,5a4AQWs84xeEyYUd1iC2Pn
7yCSZNIAKQFU76UWGU1miJ,5a4AQWs84xeEyYUd1iC2Pn
0VKTLKamj4IH8OfQbUL0kq,4o568kdkDntTDuQTJfMIxa
4OBJLual30L7gRl5UkeRcT,5Rkbnhwkb6oiqq1HQcXirN
7ukrcAW5l9WWpB4vm7gP7C,5Rkbnhwkb6oiqq1HQcXirN
4OBJLual30L7gRl5UkeRcT,3CcvahnsiArpTHYQEWV2Au
31TPClRtHm23RisEBtV3X7,4NeOWqHmlrGRuBvsLJC9rL
4OBJLual30L7gRl5UkeRcT,4NeOWqHmlrGRuBvsLJC9rL
4OBJLual30L7gRl5UkeRcT,0CAJdthKDdRjB2h8YOguN6
3TVXtAsR1Inumwj472S9r4,3fpTMuD1u3gJlVI4FadVHs
4OBJLual30L7gRl5UkeRcT,3fpTMuD1u3gJlVI4FadVHs
2cADQgiLMjNhbsfeN52Bf3,3fpTMuD1u3gJlVI4FadVHs
4OBJLual30L7gRl5UkeRcT,4LE8fR53Pjd6xmHBUlxArg
3ZooCJzNMTLpmJaIRUEorI,2OqYarizUUGzSSNHPrDEii
4OBJLual30L7gRl5UkeRcT,2OqYarizUUGzSSNHPrDEii
4OBJLual30L7gRl5UkeRcT,5tEbnKMOMK8LLoOIsEkWRr
4OBJLual30L7gRl5UkeRcT,33j4CLU9UyRjO63ry5J61Q
4OBJLual30L7gRl5UkeRcT,2kNtAwWATYkqV3CdT20RV0
5K4W6rqBFWDnAN6FQUkS6x,2kNtAwWATYkqV3CdT20RV0
55Aa2cqylxrFIXC767Z865,2kNtAwWATYkqV3CdT20RV0
4OBJLual30L7gRl5UkeRcT,2SuMoyOaAVBg5AzfKyZaKV
3Y365ZqTf6fJ4ZcRnLKPGt,323Tzd2yjV4pifrVAajafb
3Y365ZqTf6fJ4ZcRnLKPGt,6XIiqQp6A0gzaIEaDszkZX
3Y365ZqTf6fJ4ZcRnLKPGt,6g7bQ8qabCjVQQj2giiYZZ
3LDPj7VvzvMY7nNgXQ6Yhy,6g7bQ8qabCjVQQj2giiYZZ
3Y365ZqTf6fJ4ZcRnLKPGt,7wuh65sqmWBJRsjhmOM3Wl
23LbwefIODbyGdRbAz3urj,7wuh65sqmWBJRsjhmOM3Wl
3Y365ZqTf6fJ4ZcRnLKPGt,7zLFQs7K5DSsRTJi1lJQdd
07VmOvmuBp9G0gb8BTrpn0,5krOROgmf8adn3SJzeKLZy
07VmOvmuBp9G0gb8BTrpn0,7r8KGFyID2uExN5FupG4AT
4Yj490bi1KL0QpDnVOtHyr,7r8KGFyID2uExN5FupG4AT
07VmOvmuBp9G0gb8BTrpn0,5jfdZRtygUxV50rsbIF5zj
55Aa2cqylxrFIXC767Z865,5jfdZRtygUxV50rsbIF5zj
3aQeKQSyrW4qWr35idm0cy,5jfdZRtygUxV50rsbIF5zj
6vbY3hOaCAhC7VjucswgdS,5jfdZRtygUxV50rsbIF5zj
07VmOvmuBp9G0gb8BTrpn0,4tIPgKJa5DVpJqu7GvH4gU
23LbwefIODbyGdRbAz3urj,6giYNaycmjkbf7UmZ6RGtL
0LFWRTqrlRmWoPZ80K8gZY,6giYNaycmjkbf7UmZ6RGtL
7jFaoqWPhYLrKzjzlpXmUO,2IBF9lQ9lgVai8LkskI5L7
7bXgB6jMjp9ATFy66eO08Z,2IBF9lQ9lgVai8LkskI5L7
23LbwefIODbyGdRbAz3urj,2IBF9lQ9lgVai8LkskI5L7
27FGXRNruFoOdf1vP8dqcH,6Rlf0CM4DEKOyxsxeVMq6w
59wfkuBoNyhDMQGCljbUbA,6Rlf0CM4DEKOyxsxeVMq6w
23LbwefIODbyGdRbAz3urj,6Rlf0CM4DEKOyxsxeVMq6w
23LbwefIODbyGdRbAz3urj,1AKIrNGGllZmEbh9BbEx0O
3Y365ZqTf6fJ4ZcRnLKPGt,1AKIrNGGllZmEbh9BbEx0O
3jahzTuztFVegfKXChatkY,07u02f6biDHx5VexfAs41b
3jhkLfgJKRu9Lb0AQd7fkB,07u02f6biDHx5VexfAs41b
3jahzTuztFVegfKXChatkY,22X6L7nd5rV36isOrn4hnY
7sfl4Xt5KmfyDs2T3SVSMK,22X6L7nd5rV36isOrn4hnY
5einkgXXrjhfYCyac1FANB,22X6L7nd5rV36isOrn4hnY
3jahzTuztFVegfKXChatkY,57rjJ54Tu3pXI2X4owPg51
5A7d4sfe5ZY1RRf90zlUeo,76dZuMVXjIyLPRLv00skGd
5A7d4sfe5ZY1RRf90zlUeo,1bWFvGIN7b5cTps09X6tZ8
5einkgXXrjhfYCyac1FANB,6YTp4sUEi3oWNToQvOjke6
4pr7J7wzgObkE3DD3Izi7q,6YTp4sUEi3oWNToQvOjke6
5einkgXXrjhfYCyac1FANB,4X0gLfG9AtY5Kja1Ejbz51
5einkgXXrjhfYCyac1FANB,44K6XKn212DOseP82tWXPS
3crnzLy8R4lVwaigKEOz7V,44K6XKn212DOseP82tWXPS
2ZVEnkCKF0ytNHpj9cLxte,44K6XKn212DOseP82tWXPS
4AllEJE7mVkhhyUV6DjqPz,1KW8BTLgbRCTH8pzUmboLE
42FIRHOimDjc3uQrjxuEFh,05cA5ezq5ChgS4DBbQ3jyk
4AllEJE7mVkhhyUV6DjqPz,05cA5ezq5ChgS4DBbQ3jyk
1jefvRyDycN96WPOEczPUg,05cA5ezq5ChgS4DBbQ3jyk
1fQ46lgoUCz8FVXdTVNk0a,6MnFB3qurhmGs1xdjrz5Bg
1fQ46lgoUCz8FVXdTVNk0a,63XXvHR6FfiRDk5lKNNCMI
4VwTk6OnuwshfqQlxOv7Xy,63XXvHR6FfiRDk5lKNNCMI
1fQ46lgoUCz8FVXdTVNk0a,6V5r8IMSL7wTZlFmi8AjR0
2h1hD8R5Y4eaxsL80EKiPm,6V5r8IMSL7wTZlFmi8AjR0
2UtIeAxtrsrRM0sV7Q8cJm,6V5r8IMSL7wTZlFmi8AjR0
6cwlhbT6PnscdmUYCLUJsa,4kmIO0yPq92dXtKCL28RfC
2N4EYkIlG1kv25g6Wv8LGI,4kmIO0yPq92dXtKCL28RfC
4OBJLual30L7gRl5UkeRcT,4kmIO0yPq92dXtKCL28RfC
0k7Xl1pqI3tu8sSEjo5oEg,24PWKmemCvqfyVXODhoKHW
1J6iGa2TNBDCrJzjsnI1a8,24PWKmemCvqfyVXODhoKHW
0k7Xl1pqI3tu8sSEjo5oEg,3xhTCpyWpZJ6z5miHy8TRF
1grI9x4Uzos1Asx8JmRW6T,3xhTCpyWpZJ6z5miHy8TRF
2gBjLmx6zQnFGQJCAQpRgw,3YQjgTpUVNWvpYeb2mtTF7
0k7Xl1pqI3tu8sSEjo5oEg,3YQjgTpUVNWvpYeb2mtTF7
01ZpL2TZ4QxYNDLc70RIiT,3YQjgTpUVNWvpYeb2mtTF7
7v9bFXCdSMA2o3gS4nvp0F,3HkMNtOIciULbIrsxyl1mq
02kJSzxNuaWGqwubyUba0Z,5k38wzpLb15YgncyWdTZE4
26VFTg2z8YR0cCuwLzESi2,5k38wzpLb15YgncyWdTZE4
6y5amJcTjeDgLXIjtQLMst,6KI1ZpZWYAJLvmVhCJz65G
02kJSzxNuaWGqwubyUba0Z,6KI1ZpZWYAJLvmVhCJz65G
4xRYI6VqpkE3UwrDrAZL8L,5tz69p7tJuGPeMGwNTxYuV
2wUjUUtkb5lvLKcGKsKqsR,5tz69p7tJuGPeMGwNTxYuV
6LuN9FCkKOj5PcnpouEgny,5tz69p7tJuGPeMGwNTxYuV
7jVv8c5Fj3E9VhNjxT4snq,27NovPIUIRrOZoCHxABJwK
2LIk90788K0zvyj2JJVwkJ,27NovPIUIRrOZoCHxABJwK
4kYSro6naA4h99UJvo89HB,1XXimziG1uhM0eDNCZCrUl
5cj0lLjcoR7YOSnhnX0Po5,0W6I02J9xcqK8MtSeosEXb
4kYSro6naA4h99UJvo89HB,4Oun2ylbjFKMPTiaSbbCih
181bsRPaVXVlUKXrxwZfHK,4Oun2ylbjFKMPTiaSbbCih
0hCNtLu0JehylgoiP8L4Gh,794F99D5BQHS5ZGRXAs7I5
4kYSro6naA4h99UJvo89HB,58q2HKrzhC3ozto2nDdN4z
4q3ewBCX7sLwd24euuV69X,58q2HKrzhC3ozto2nDdN4z
1vyhD5VmyZ7KMfW5gqLgo5,58q2HKrzhC3ozto2nDdN4z
1gPhS1zisyXr5dHTYZyiMe,10I3CmmwT0BkOVhduDy53o
5K4W6rqBFWDnAN6FQUkS6x,0WSEq9Ko4kFPt8yo3ICd6T
5K4W6rqBFWDnAN6FQUkS6x,2gZUPNdnz5Y45eiGxpHGSc
5T0MSzX9RC5NA6gAI6irSn,22UDw8rSfLbUsaAGTXQ4Z8
5K4W6rqBFWDnAN6FQUkS6x,22UDw8rSfLbUsaAGTXQ4Z8
5K4W6rqBFWDnAN6FQUkS6x,31I3Rt1bPa2LrE74DdNizO
7u6LfVyYpEzMpHLL7jTyvU,31I3Rt1bPa2LrE74DdNizO
5K4W6rqBFWDnAN6FQUkS6x,5SkRLpaGtvYPhw02vZhQQ9
1lE6SEy8f84Zhjvp7r8yTD,5SkRLpaGtvYPhw02vZhQQ9
5K4W6rqBFWDnAN6FQUkS6x,22L7bfCiAkJo5xGSQgmiIO
5K4W6rqBFWDnAN6FQUkS6x,2dxjKgT0li4qBI3QwuN9Ih
01QTIT5P1pFP3QnnFSdsJf,2dxjKgT0li4qBI3QwuN9Ih
5K4W6rqBFWDnAN6FQUkS6x,2MIBAmYwiuGoKUlpq9B9sZ
5K4W6rqBFWDnAN6FQUkS6x,5g1vtHqi9uV7xtYeCcFOBx
1uNFoZAHBGtllmzznpCI3s,6Xgq7MvZiet0hVi3KaDSgJ
1anyVhU62p31KFi8MEzkbf,6Xgq7MvZiet0hVi3KaDSgJ
6icQOAFXDZKsumw3YXyusw,5R2rsbwCDXORX2tLfprRmM
4MCBfE4596Uoi2O4DtmEMz,5R2rsbwCDXORX2tLfprRmM
2MGT7CYlixSPxAnnkhLpaA,5IFCyWplye09HytIP80RCF
2MGT7CYlixSPxAnnkhLpaA,1NNDZc9BHaWe9JqIsPRlNV
5spEJXLwD1sKUdC2bnOHPg,5XlYPZ7XNkWw4kxgZXM9wk
5ndkK3dpZLKtBklKjxNQwT,19gW8vZzd0rxCW85O2rbkW
3ufE7FlElQOONgUc47xWqC,19gW8vZzd0rxCW85O2rbkW
2GHclqNVjqGuiE5mA7BEoc,4TboAbE2pCUUB0fk6Q9rUU
7FAkzV0YOw0EIXFhmY4RE3,7o9KG7iQY8KACz7PZXYpyv
3jK9MiCrA42lLAdMGUZpwa,68wXv4DokvcOVNvuJ7FbWp
1sBkRIssrMs1AbVkOJbc7a,68wXv4DokvcOVNvuJ7FbWp
18cKAvtug3pr3IFCRyOaTc,3XC7PIZGrna52zyFDXp48L
6f4XkbvYlXMH0QgVRzW0sM,03tqyYWC9Um2ZqU0ZN849H
0bfX8pF8kuHNCs57Ms4jZb,03tqyYWC9Um2ZqU0ZN849H
67nwj3Y5sZQLl72VNUHEYE,03tqyYWC9Um2ZqU0ZN849H
6TIYQ3jFPwQSRmorSezPxX,43TP6JCWXgkc2D7Xjz5hBr
2cFrymmkijnjDg9SS92EPM,2CWgsjHSIz6cNFiueadyQs
7uaIm6Pw7xplS8Dy06V6pT,2CWgsjHSIz6cNFiueadyQs
2gBjLmx6zQnFGQJCAQpRgw,0NmuYnjETG3u3qx0OmEJev
3b8QkneNDz4JHKKKlLgYZg,0NmuYnjETG3u3qx0OmEJev
1uU7g3DNSbsu0QjSEqZtEd,3Ofmpyhv5UAQ70mENzB277
46SHBwWsqBkxI7EeeBEQG7,2bBClS4zzrRd4Aj59NaKSv
2NjfBq1NflQcKSeiDooVjY,2XU0oxnq2qxCpomAAuJY8K
3TVXtAsR1Inumwj472S9r4,1xznGGDReH1oQq0xzbwXa3
3tVQdUvClmAT7URs9V3rsp,1xznGGDReH1oQq0xzbwXa3
77DAFfvm3O9zT5dIoG0eIO,1xznGGDReH1oQq0xzbwXa3
4yvcSjfu4PC0CYQyLy4wSq,02MWAaffLxlfxAUY7c5dvx
0TnOYISbd1XYRBk9myaseg,7FGvAPKP5rn0JnWn6qLqVP
6AMa1VFQ7qCi61tCRtVWXe,7FGvAPKP5rn0JnWn6qLqVP
15GGbJKqC6w0VYyAJtjej6,2jGUAB6hKlzK0pZmZpQ02g
09LlecobtUel9NZrpJnHVr,2jGUAB6hKlzK0pZmZpQ02g
0LlPal5iJGcCWwZp8VefVs,1JeRFLoIpWHUgYogZCNUPY
6x9QLdzo6eBZxJ1bHsDkjg,5Mmk2ii6laakqfeCT7OnVD
58Dx4HPzeOO3dbpD9YYEes,3eFBLpdod3HTbTCxzxVKYK
7qeBsFLeNEuzrDhDMbnDwF,0wfuwgtWKZYRYAONxXPjPO
36HvjE9pV91jEjO1qBRidS,4GUQGTQbrpLj13OM1fYnP6
2zFZiWQJFFshzojycnXoTL,6m59VvDUi0UQsB2eZ9wVbH
6vytZ677lz4LzCrUDcDokM,3flAV51ACbtIcEixb0QeZv
62sPt3fswraiEPnKQpAbdE,0v9kGNjkKdQUdDoBIuiph4
6O74knDqdv3XaWtkII7Xjp,4wDSLkTUIpRsn3UbCzW9wV
36eSjIksD6fehqxyDUHDA3,4f7i5mGkpmjORhoN77kSch
1Y8cdNmUJH7yBTd9yOvr5i,1Oi2zpmL81Q0yScF1zxaC0
1Y8cdNmUJH7yBTd9yOvr5i,4pmc2AxSEq6g7hPVlJCPyP
1Y8cdNmUJH7yBTd9yOvr5i,7H6ev70Weq6DdpZyyTmUXk
7jocoSCuCtpCxCI6IbP8ye,4WxQGUmWBRNovxlF2g8Xdv
1mG23iQeR29Ojhq89D5gbh,0UREO3QWbXJW3gOUXpK1am
1SWGyp2nxNSyQkRX1eqoUp,6Sh54zHJjnLvpyr5Eom5F9
5fikk4h5qbEebqK2Fc6e48,0YneC4nNQEsKCqAGCv1tJK
5NDMothbpdpq2xHqSjrrWn,7MQywXGHEev7JmwwIzMcao
0LthCv77K8NqLKr8B6266a,2h2V4peAb0UQDMBAP2H9Ys
4JbmXqez7WvTggoxn3UpVT,2OawRn0NvWkStuemgdae4i
1VJspRsoC6c0bvqhnSiFCs,3QRM0qZB7oMYavveH0iEqx
0rlS0SzVFk8BoiAW0fGBbN,3QRM0qZB7oMYavveH0iEqx
2zrZfs23sjuHDv4E6YRmNf,27AHAtAirQapVldIm4c9ZX
2rblp9fJo16ZPTcKDtlmKW,1B75hgRqe7A4fwee3g3Wmu
2rblp9fJo16ZPTcKDtlmKW,4ZnKSrukEcPuMxGrcZEEh1
6x6uPE0uEpYM8Se3v7kR3H,4ZnKSrukEcPuMxGrcZEEh1
3aQeKQSyrW4qWr35idm0cy,6QgkOxBXqVRjZ1JcIDbDYY
1HvYwEbfOUhm2F4g9nH0vP,6QgkOxBXqVRjZ1JcIDbDYY
0Y5tJX1MQlPlqiwlOH1tJY,3eekarcy7kvN4yt5ZFzltW
28ExwzUQsvgJooOI0X1mr3,69WMdZSqdQwFgLVpbMsZ2J
5OrB6Jhhrl9y2PK0pSV4VP,3TlFNLjRnslvF7Y5iS34ZA
5NcqAwqk3mELiNyKfGjajY,3TlFNLjRnslvF7Y5iS34ZA
2mxe0TnaNL039ysAj51xPQ,6OSmeoh8kXhCfz9WqvzDoJ
23zg3TcAtWQy7J6upgbUnj,6OSmeoh8kXhCfz9WqvzDoJ
2mxe0TnaNL039ysAj51xPQ,1h9BIVDoluv0iZl7ZDBXjw
6LuN9FCkKOj5PcnpouEgny,5Z3GHaZ6ec9bsiI5BenrbY
3ciRvbBIVz9fBoPbtSYq4x,6kL0m9YKOaMxdO0sgbeq5H
5A7d4sfe5ZY1RRf90zlUeo,0RZXNlGPvfMo54fd6uCvAT
5einkgXXrjhfYCyac1FANB,0RZXNlGPvfMo54fd6uCvAT
12PSlydMSjEHzSCj9X5qv7,6Nq5lE0CeOAAAqN4qhkbZU
3sMYEBy0CZFxedcnm9i9hf,6Nq5lE0CeOAAAqN4qhkbZU
31IZdHrCZ5pRhLz4zBxN3o,6Uw77XfBxwg7VX6mMdqAmT
4xZDgDbs4eQcpauHyyip0I,6Uw77XfBxwg7VX6mMdqAmT
78H9JWwoJyLPkwYylZkmtF,6Uw77XfBxwg7VX6mMdqAmT
3Vr9XbwWLsVhiVsyRE9OTn,6Uw77XfBxwg7VX6mMdqAmT
78H9JWwoJyLPkwYylZkmtF,3FfzdhMWVcjtyKbyuV0L7u
5gj8E4JhsoEQDAR5fzXwKk,3FfzdhMWVcjtyKbyuV0L7u
46lnlnlU0dXTDpoAUmH6Qx,6x4tKaOzfNJpEJHySoiJcs
0hCNtLu0JehylgoiP8L4Gh,2yjlYDiNiQkdxVqTlaSrlX
246dkjvS1zLTtiykXe5h60,0O6u0VJ46W86TxN9wgyqDj
5cj0lLjcoR7YOSnhnX0Po5,0O6u0VJ46W86TxN9wgyqDj
5cj0lLjcoR7YOSnhnX0Po5,0hquQWY3xvYqN4qtiquniF
2YOYua8FpudSEiB9s88IgQ,4cacyP5c3PMlfnyjpg13xW
56oDRnqbIiwx4mymNEv7dS,6HMtHNpW6YPi1hrw9tgF8P
1kwi1Q7X4jPTkHTgayxKhS,1dI3gIEXZwpdLJOBcdmwj1
0NbfKEOTQCcwd6o7wSDOHI,1dI3gIEXZwpdLJOBcdmwj1
0hfAzw4HfebJxXuLgICOnV,1dI3gIEXZwpdLJOBcdmwj1
2W8yFh0Ga6Yf3jiayVxwkE,6GUiIbJ834FcHewby3PwV0
6s22t5Y3prQHyaHWUN1R1C,3jHBgKdLCf46aP3HRI0WYv
1aSxMhuvixZ8h9dK9jIDwL,29d0nY7TzCoi22XBqDQkiP
5dHt1vcEm9qb8fCyLcB3HL,11BIoKDpTJHX5mZt6p566h
1RyvyyTE3xzB2ZywiAwp0i,11BIoKDpTJHX5mZt6p566h
6eKnu1zdyGFkN9Jk5bbgcd,0zj8Xf2PjK2SRPvoinZytS
5Y8EphH8Vdqu5SLj6K5vjj,0gljI0CtjpdZK6ecidfxto
6quCxsPM8fOxowmqOx5j93,0GOqNgtK1cXVpVks6oDRW6
7nE3HHVn8oM8s3kA6cbL8O,0GOqNgtK1cXVpVks6oDRW6
1wUmdemiR9Dxw8A2el365A,5R50a3zfcUAAVy8bjfktDw
3y24n3XhZ96wgwRXjvS17T,1DIXPcTDzTj8ZMHt3PDt8p
2LhsePRtgCo4THVKULQBL7,1DIXPcTDzTj8ZMHt3PDt8p
3y24n3XhZ96wgwRXjvS17T,5vpDsiVqiZLRwKAzQO708k
3y24n3XhZ96wgwRXjvS17T,7nukmkMGLjvgBRZu0DTvuK
72bxObYyl8z5bNQ2XVM6nO,7nukmkMGLjvgBRZu0DTvuK
2fMoLS93nKWG1pXcVR4SzA,7nukmkMGLjvgBRZu0DTvuK
3y24n3XhZ96wgwRXjvS17T,1sEY2ApoZv6NnxqL8niytl
3y24n3XhZ96wgwRXjvS17T,3TidJUS4FxxHgy1cBMymHF
0kJMPTXq7h3ztpDukSx5iD,31bf9SEOppLU6lQ85d8om6
50NoVNy9GU1lCrDV8iGpyu,31bf9SEOppLU6lQ85d8om6
6lHL3ubAMgSasKjNqKb8HF,31bf9SEOppLU6lQ85d8om6
5sWHDYs0csV6RS48xBl0tH,4NZrZgrRoR4GwR7flWOXRI
08Ld63UgKrJ0nZnCkzHtzc,1pNN9kkePpNFl9LYeYZ5af
1wgA2r904nqkOgBk3QU4S4,1pNN9kkePpNFl9LYeYZ5af
33C3ByGk9NCrjTIXr6npqf,1pNN9kkePpNFl9LYeYZ5af
4yBK75WVCQXej1p04GWqxH,1pNN9kkePpNFl9LYeYZ5af
1yxSLGMDHlW21z4YXirZDS,2H1047e0oMSj10dgp7p2VG
1yxSLGMDHlW21z4YXirZDS,0xmjwnQ3FNE6HuWCt2nHdZ
1yxSLGMDHlW21z4YXirZDS,3JA9Jsuxr4xgHXEawAdCp4
1yxSLGMDHlW21z4YXirZDS,2ygMBIctKIAfbEBcT9065L
1yxSLGMDHlW21z4YXirZDS,3F9ByoUqu31xU0I3G5xfVg
1yxSLGMDHlW21z4YXirZDS,20jYtEun4dUdYZ9foaOC48
1yxSLGMDHlW21z4YXirZDS,3oDFtOhcN08qeDPAK6MEQG
1yxSLGMDHlW21z4YXirZDS,4hfIVhq0F0zFUcrbecsYmo
1yxSLGMDHlW21z4YXirZDS,0oJMv049q8hEkes9w0L1J4
1yxSLGMDHlW21z4YXirZDS,5MzjQ95rdB2xt9DNa2IzaC
1yxSLGMDHlW21z4YXirZDS,7K8XoQXZBffc4xG2xIQHMO
7wqtxqI3eo7Gn1P7SpP6cQ,0Pu71wxadDlB8fJXfjIjeJ
7wqtxqI3eo7Gn1P7SpP6cQ,7sJN693sYKEIEMu7fc5VnJ
5fikk4h5qbEebqK2Fc6e48,7sJN693sYKEIEMu7fc5VnJ
7wqtxqI3eo7Gn1P7SpP6cQ,6hTBP6QLwJdxbKyLlLXrGo
22wbnEMDvgVIAGdFeek6ET,1ei3hzQmrgealgRKFxIcWn
1VPmR4DJC1PlOtd0IADAO0,3qDbBtbRv6eBls6q51pAL7
2wY79sveU1sp5g7SokKOiI,3nqQXoyQOWXiESFLlDF1hG
3Xt3RrJMFv5SZkCfUE8C1J,3nqQXoyQOWXiESFLlDF1hG
7AgS2ycsLUG0NPTY1AAboT,7kOEAYqtX7OjQhNxQT4bPI
4lFWNwqQbywI4qCQ9PeL7V,7kOEAYqtX7OjQhNxQT4bPI
3PhoLpVuITZKcymswpck5b,6zSpb8dQRaw0M1dK8PBwQz
6M2wZ9GZgrQXHCFfjv46we,6zSpb8dQRaw0M1dK8PBwQz
6n28c9qs9hNGriNa72b26u,6zSpb8dQRaw0M1dK8PBwQz
1McMsnEElThX1knmY4oliG,4ZtFanR9U6ndgddUvNcjcG
2VSHKHBTiXWplO8lxcnUC9,4fouWK6XVHhzl78KzQ1UjL
6M2wZ9GZgrQXHCFfjv46we,463CkQjx2Zk1yXoBuierM9
4r63FhuTkUYltbVAg5TQnk,463CkQjx2Zk1yXoBuierM9
1Xyo4u8uXC1ZmMpatF05PJ,37BZB0z9T8Xu7U3e65qxFy
66CXWjxzNUsdJxJ2JdwvnR,37BZB0z9T8Xu7U3e65qxFy
1Xyo4u8uXC1ZmMpatF05PJ,0sf12qNH5qcw8qpgymFOqD
6KImCVD70vtIoJWnq6nGn3,6UelLqGlWMcVH1E5c4H7lY
6M2wZ9GZgrQXHCFfjv46we,6WrI0LAC5M1Rw2MnX2ZvEg
5cj0lLjcoR7YOSnhnX0Po5,3DarAbFujv6eYNliUTyqtz
7tYKF4w9nC0nq9CsPZTHyP,3DarAbFujv6eYNliUTyqtz
757aE44tKEUQEqRuT6GnEB,0nbXyq5TXYPCO7pr3N8S4I
7n2wHs1TKAczGzO7Dd2rGr,0TK2YIli7K1leLovkQiNik
4nDoRrQiYLoBzwC5BhVJzF,0TK2YIli7K1leLovkQiNik
66CXWjxzNUsdJxJ2JdwvnR,14msK75pk3pA33pzPVNtBF
20JZFwl6HVl6yg8a4H3ZqK,1rqqCSm0Qe4I9rUvWncaom
6eUKZXaKkcviH0Ku9w2n3V,7qiZfU4dY1lWllzX7mPBI3
69GGBxA162lTqCwzJG5jLp,7BKLCZ1jbUBVqRi2FVlTVw
26VFTg2z8YR0cCuwLzESi2,7BKLCZ1jbUBVqRi2FVlTVw
5CiGnKThu5ctn9pBxv7DGa,0d2iYfpKoM0QCKvcLCkBao
26VFTg2z8YR0cCuwLzESi2,0d2iYfpKoM0QCKvcLCkBao
6LuN9FCkKOj5PcnpouEgny,0d2iYfpKoM0QCKvcLCkBao
20s0P9QLxGqKuCsGwFsp7w,3ibKnFDaa3GhpPGlOUj7ff
4UXqAaa6dQYAk18Lv7PEgX,04aAxqtGp5pv12UXAg4pkq
3FUY2gzHeIiaesXtOAdB7A,24YvUQnuPL8gObCfSnAobH
5y2Xq6xcjJb2jVM54GHK3t,3U4isOIWM3VvDubwSI3y7a
1uNFoZAHBGtllmzznpCI3s,50kpGaPAhYJ3sGmk6vplg0
7n2wHs1TKAczGzO7Dd2rGr,3zkWCteF82vJwv0hRLba76
0DxeaLnv6SyYk2DOqkLO8c,6RtPijgfPKROxEzTHNRiDp
0du5cEVh5yTK9QJze8zA0C,2tJulUYLDKOg9XrtVkMgcJ
2wY79sveU1sp5g7SokKOiI,0fioLzGM8ngbD1w6fMmm45
7hxNTCg7hYSsqx9uLeBdBV,19O4dTFbBFSdNuGSigy1p4
10eviO408OwjmBlm05Vi1g,19O4dTFbBFSdNuGSigy1p4
5dHt1vcEm9qb8fCyLcB3HL,7f2HHmhlbdkW5f9Ge26qny
5SyGEPymt1G2uto47tVWvZ,7f2HHmhlbdkW5f9Ge26qny
21O7WwRkik43ErKppxDKJq,5PtMwNq8Dp31uYdGGacVJE
21O7WwRkik43ErKppxDKJq,6M3tbJcqQDOrTE9EbataIr
4yiQZ8tQPux8cPriYMWUFP,0LzrhCZFXW94Y8nwtTuRlw
4kKaAWGdu6WW0W415RWaQA,419BgOz6TVQm8vvgiwXq5X
5YGY8feqx7naU7z4HrwZM6,0yLdNVWF3Srea0uzk55zFn
3IJ21966TwNZI24MwZHMu4,3RKjTYlQrtLXCq5ncswBPp
0dlDsD7y6ccmDm8tuWCU6F,37F7E7BKEw2E4O2L7u0IEp
7I3bkknknQkIiatWiupQgD,7DbdUf8aHSYoliSjO6LZv6
5yG7ZAZafVaAlMTeBybKAL,3oiMJQAWVaxSubJ7b2VUtX
25uiPmTg16RbhZWAqwLBy5,3oiMJQAWVaxSubJ7b2VUtX
5yG7ZAZafVaAlMTeBybKAL,7pNC5ZIKtwUK0ReSpM3P9f
5CCwRZC6euC8Odo6y9X8jr,7pNC5ZIKtwUK0ReSpM3P9f
085pc2PYOi8bGKj0PNjekA,2iJuuzV8P9Yz0VSurttIV5
26dSoYclwsYLMAKD3tpOr4,2iJuuzV8P9Yz0VSurttIV5
698hF4vcwHwPy8ltmXermq,4DvhkX2ic4zWkQeWMwQ2qf
7C64wNX3howEFZjAYRKsfP,4DvhkX2ic4zWkQeWMwQ2qf
7Ip2u3e5Nv6fFb5xyIHxEE,4DvhkX2ic4zWkQeWMwQ2qf
6MF9fzBmfXghAz953czmBC,2CEgGE6aESpnmtfiZwYlbV
6MF9fzBmfXghAz953czmBC,7ElF5zxOwYP4qVSWVvse3W
3sgFRtyBnxXD5ESfmbK4dl,0IkKz2J93C94Ei4BvDop7P
2jLE4BoXHriQ96JagEtiDP,0IkKz2J93C94Ei4BvDop7P
53sIBaVjXQhfH89Vu6nEGh,0IkKz2J93C94Ei4BvDop7P
3sgFRtyBnxXD5ESfmbK4dl,0obBFrPYkSoBJbvHfUIhkv
0jnsk9HBra6NMjO2oANoPY,1NpW5kyvO4XrNJ3rnfcNy3
5WUlDfRSoLAfcVSX1WnrxN,1NpW5kyvO4XrNJ3rnfcNy3
0jnsk9HBra6NMjO2oANoPY,3bC1ahPIYt1btJzSSEyyrF
0jnsk9HBra6NMjO2oANoPY,6ebkx7Q5tTxrCxKq4GYj0Y
1Cs0zKBU1kc0i8ypK3B9ai,6ebkx7Q5tTxrCxKq4GYj0Y
6LqNN22kT3074XbTVUrhzX,0HPD5WQqrq7wPWR7P7Dw1i
6LqNN22kT3074XbTVUrhzX,7EQGXaVSyEDsCWKmUcfpLk
6S0dmVVn4udvppDhZIWxCr,1hGy2eLcmC8eKx7qr1tOqx
4IJczjB0fJ04gs4uvP0Fli,0qOnSQQF0yzuPWsXrQ9paz
4bYPcJP5jwMhSivRcqie2n,0qOnSQQF0yzuPWsXrQ9paz
4IJczjB0fJ04gs4uvP0Fli,2Lhdl74nwwVGOE2Gv35QuK
2KsP6tYLJlTBvSUxnwlVWa,1MtUq6Wp1eQ8PC6BbPCj8P
5iNrZmtVMtYev5M9yoWpEq,1MtUq6Wp1eQ8PC6BbPCj8P
2KsP6tYLJlTBvSUxnwlVWa,2V4bv1fNWfTcyRJKmej6Sj
1Bo8Afb2Qbjs4x6kJHyjle,2V4bv1fNWfTcyRJKmej6Sj
40giwFcTQtv9ezxW8yqxJU,01oPNCtTniFT3YM4K3ksTf
6f0hUHWLOCxCSDQMtdVAS7,3wQaW4rEZe7AaDrlrX4eDy
23apFYuBTpFemqLDn8ViLW,3wQaW4rEZe7AaDrlrX4eDy
6f0hUHWLOCxCSDQMtdVAS7,4U5CjTT6uObhD2vwnD4zOF
23apFYuBTpFemqLDn8ViLW,4U5CjTT6uObhD2vwnD4zOF
1ZKqrja0WvbSssYNFO3lzs,4faiJXyBflUVVOOE9fxbeg
6gbGGM0E8Q1hE511psqxL0,4faiJXyBflUVVOOE9fxbeg
0awl5piYwO0CDTHEkCjUhn,1fidCEsYlaVE3pHwKCvpFZ
7o9Nl7K1Al6NNAHX6jn6iG,2qPUnoasNe4Ep43emVXEig
0du5cEVh5yTK9QJze8zA0C,2qPUnoasNe4Ep43emVXEig
25hbSOMmbhgqvonjC876UJ,2xH94bp1TPSMPPPnnSwIGL
1wgY8huggK60P5nvYrwcYT,1akgiRM3mN2nxu2AX6ACCW
1gwTohHbTpE3qdPyDvnOEu,5x5jOIv5ezHVlVFC6dFq6R
546WiMGysEqWZTzP8hJvB2,2tN2Kvzm2ITh1jnMKjjWBZ
6lLYZf9GpSq6Pf09g2N2xK,4vzvI7mWo9xvlDnlJQTB6U
7zgtJuRm0JcJpPQRjCgXT7,2TVWQ8xDTLvjimMSqW3F96
3TQ9JTBI2n2hfo7aRONEYV,0lSCiYLez4KwmOGS1HKb7t
3NfJ6VPVz0lf3jWy5F1N7g,4DCHUu9qgrtFIY5o184J6z
10Khz9BDdDT2mzm3330Cvu,6dBQ5asGzaKH9313wBxvIz
49AG5IHkJj7M5faSOVGVAW,3gTBF9aB9MVCy9ejLo8HJJ
4MIULe6tfg2loNzBy5B9eu,0PT7nlpo11hYYyfnBgtilT
3aGFCoR8xGN6DKwvdzeSja,2znzyzlAUc8Z1Ikq9aFOcx
3TVXtAsR1Inumwj472S9r4,2znzyzlAUc8Z1Ikq9aFOcx
1EeArivTpzLNCqubV95255,61LtVmmkGr8P9I2tSPvdpf
7juKTDFlPesGeWQ1GmjmOv,5RIVoVdkDLEygELLCniZFr
27mFvqQj8KpjmdKIqcw1mG,0pSBuHjILhNEo55xK1zrRt
27FGXRNruFoOdf1vP8dqcH,7k6IzwMGpxnRghE7YosnXT
6eBYLQONaYZhZNAVK061t6,2ndnVdR8si7CW9T8vJRHyW
3cbRMYnjXAwJYNzxy291JY,2ndnVdR8si7CW9T8vJRHyW
4USNIVeRwXIAdbVSTqelbh,0tYPj0NYa7vjlJaqlRSnJb
76RrKpsvOmSKG8CIjROdSG,0AA6zq5ArZ1sSH7VIMi4NK
2B4ZTS4hFT3IrUFVPHjEmL,6REZUx5kZ8H8RRnIlKgINi
0k7Xl1pqI3tu8sSEjo5oEg,6REZUx5kZ8H8RRnIlKgINi
36ikBJX6oQWWlgrXCock30,4OikxHAgM14El0wQIyyhP8
3v3clM1KQgVfpPjKJFPAmx,5kGCh49aqeRMkEOhQ9mcrW
2iojnBLj0qIMiKPvVhLnsH,2IpGdrWvIZipmaxo1YRxw5
0hCNtLu0JehylgoiP8L4Gh,2IpGdrWvIZipmaxo1YRxw5
0IF46mUS8NXjgHabxk2MCM,2s0ouHqJebHfiQ6C1GUFJd
4gwpcMTbLWtBUlOijbVpuu,6Z8R6UsFuGXGtiIxiD8ISb
5nLYd9ST4Cnwy6NHaCxbj8,4ycLiPVzE5KamivXrAzGFG
1VBflYyxBhnDc9uVib98rw,6HZ9VeI5IRFCNQLXhpF4bq
25uiPmTg16RbhZWAqwLBy5,6HZ9VeI5IRFCNQLXhpF4bq
25fqWEebq6PoiGQIHIrdtv,01XFgRZfZI7oBagNf1Loml
3GsIlcwgQDJVjHD82mbA0Z,4OjuzM3rTWp3q60mEldNSF
4u5smJBskI6Adzv08PuiUP,6ZSO7kPn8IMJFymyticbJO
2AXQzJRDvlJrq0fiVAnRy8,0s9A4pUBLw68E76vY8LU9K
3q7isf09BuwXLyR2khBs60,5r29mFrurlVBbqJzjr2XW6
4jWGfUCFeTu5e0wprRhHXR,563vSy3HB5NHxel1VGQCW6
