songid,songname,length,popularity
2UVbBKQOdFAekPTRsnkzcf,Stir Fry,190,75
2xLMifQCjDGFmkHkpNLD9h,SICKO MODE,312,84
4dVpf9jZjcORqGTLUaeYj9,Plain Jane,173,74
2bjwRfXMk4uRgOD9IBYl9h,Portland,236,71
7KXjTSCq5nL1LoYtL7XAwS,HUMBLE.,177,85
0b9oOr2ZgvyQu88wzixux9,This Is America,225,68
5A6OHHy73AR5tLxgTc98zz,Black and Yellow,217,77
19gEmPjfqSZT0ulDRfjl0m,Hot N*gga,194,71
7GX5flRQZVHRAGd6B4TmDO,XO Tour Llif3,182,81
4Km5HrUvYTaSUfiSGPJeQR,Bad and Boujee (feat. Lil Uzi Vert),343,0
5WoaF1B5XIEnWfmb5NZikf,Sky Walker (feat. Travis Scott),259,76
0TlLq3lA83rQOYtrqBqSct,Nonstop,238,78
7KOlJ92bu51cltsD9KU5I7,T-Shirt,242,0
6gBFPUFcJLzWGx4lenP6h2,goosebumps,243,87
6HZILIRieu8S0iqY8kIKhj,DNA.,185,80
60SdxE8apGAxMiRrpbmLY0,Lucky You (feat. Joyner Lucas),244,73
0ZNrc4kNeQYD9koZ3KvCsy,"BIG BANK (feat. 2 Chainz, Big Sean, Nicki Minaj)",237,63
1nX9KhK3Fff27SnrIor2Yb,4 AM,255,63
53GO7SC0UJhG8Rcuvf5Zub,"Welcome to the Party (with Lil Pump, Juicy J, Famous Dex, & French Montana) - Remix",182,49
7sO5G9EABYOXQKNPNiE9NR,Ric Flair Drip (with Metro Boomin),172,83
0wbnC9AUenxp613TYaJsGK,Narcos,255,68
4wFjTWCunQFKtukqrNijEt,MotorSport,303,69
1xzBco0xcoJEDXktl7Jxrr,Mo Bamba,183,78
2G1tXoGBaEMJ7FKGnkf6ud,Wake Up in the Sky,203,76
2cYqizR4lgvp4Qu6IQ3qGN,BUTTERFLY EFFECT,190,84
1wHZx0LgzFHyeIZkUydNXq,Antidote,262,74
2IRZnDFmlqMuOrYOLnZZyc,Going Bad (feat. Drake),180,77
2BJSMvOGABRxokHKB0OI8i,Shoota (feat. Lil Uzi Vert),153,77
5yuShbu70mtHXY0yLzCQLQ,Go Flex,179,77
0FZ4Dmg8jJJAPJnvBIzD9z,ZEZE (feat. Travis Scott & Offset),228,79
2JvzF1RMd7lE3KmFlsyZD8,MIDDLE CHILD,213,81
63cd4JkwGgYJrbOizbfmsp,Pure Water (with Migos),194,1
62vpWI1CHwFy7tMIcSStl8,No Role Modelz,292,4
5274I4mUMnYczyeXkGDWZN,Fine China,141,70
5E9YnE354Ua2h05nu4lmcA,Graduation (with Juice WRLD),176,60
68Hiprd6Ub4ifHFpUNNJns,Problems (Remix feat. 24kGoldn),188,36
72PFP54TZ9Tpj9dYQcb46D,NIGHTRIDER,156,58
5DPASDOoVakOcD8EIhb46T,High Right Now (feat. Wiz Khalifa) - Remix,175,60
43nXNMMmm8RIlKGusmya3b,Player Way (feat. Wiz Khalifa),226,41
2K2nfIHU02JUJtzLvUx0ju,Cigarettes On Patios (with 24kGoldn) - Remix,206,42
2hx8cZug1bgRMXgW5RCTUV,"3, 2, 1",131,60
7yL4wdksHlDnmKvofxMTBE,A LOT TO LOSE,180,51
5rK0pyEObO4DBFLy682QvR,Mask Off - Marshmello Remix,179,60
285pBltuF7vW8TeWk8hdRR,Lucid Dreams,239,84
6p8NuHm8uCGnn2Dtbtf7zE,Slippery (feat. Gucci Mane),304,1
1ZAyjvIk9YiD76yYy0TEG6,Plug Walk,175,69
3SZqA7rQvROJsCbUu2v0xa,Go Loko,299,0
2gwkD6igEhQbDQegRCcdoB,Suge,163,68
7f1zjZG77S891Uv4O68yfk,Baby Sitter (feat. Offset),157,59
6xbraxG0bSBOuAr5IUXmtM,iSpy (feat. Lil Yachty),252,66
4qKcDkK6siZ7Jp1Jb4m0aL,Look Alive (feat. Drake),181,4
3AEgic4yp82NxMWUjHtxnO,Uno,109,53
5ry2OE6R2zPQFDO85XkgRb,Money In The Grave (Drake ft. Rick Ross),205,76
1kBbgxAUc4HQv7cgIayIDH,Ransom,131,0
4qikXelSRKvoCqFcHLB2H2,Mercy,329,70
6fTt0CH2t0mdeB2N9XFG5r,Panini,114,58
7floNISpH8VF4z4459Qo18,Look At Me!,126,80
5uDASfU19gDxSjW8cnCaBp,Chill Bill (feat. J. Davi$ & Spooks),177,76
6onwlDmIVKE8bBgyBRSuS0,FRIENDS (feat. kiLL edward),257,54
5IjRKZlpKVBBRn0COL7pik,Stop Snitchin,149,54
1UMKquW1olreYO1LlLmTqi,Gas Pedal,208,66
23NWj2izXAJ4yL6Nah73wf,Pop Style,209,48
07rmSXN6vNoquX1AsWd9pP,Lalala,160,0
2n5gVJ9fzeX2SSWlLQuyS9,Fight Night,216,0
20MuVazoNMv6xjKPnRFOxG,WAKE UP,231,68
7tGlzXJv6GD5e5qlu5YmDg,Love Me,253,0
6tByydPskASjm9jTPkNQq0,Numb Numb Juice,107,65
4sWuPniHClkInYAnzXAYUF,Camelot,148,62
00ko9WaS4jOX1kEk3gvHjf,Hot Shower,225,58
5hTpBe8h35rJ67eAWHQsJx,Caroline,209,71
41uX0L4bro4KfKtDIIEFFe,FUN!,171,47
13jHiHnThQnn6TO4XE0gdh,Hope & Dope,103,23
6fujklziTHa8uoM5OQSfIo,Black Beatles,291,75
0wdKiSBUT7aZkXUIdJWcwC,2 Phones,240,69
5NQbUaeTEOGdD6hHcre0dZ,679 (feat. Remy Boyz),196,76
6syOdAs4IK8kPWR7gDyjRw,Congratulations,220,0
7t2bFihaDvhIrd2gn2CWJO,"Or Nah (feat. The Weeknd, Wiz Khalifa & DJ Mustard) - Remix",242,80
2eMwDehkIC1j68U6FA3Eiq,XO TOUR Llif3,182,0
5eqK0tbzUPo2SoeZsov04s,Bank Account,220,77
1OmcAT5Y8eg5bUPv9qJT4R,rockstar,218,0
6foxplXS0YEq8cO374Lty4,Gucci Gang,124,44
4scpF6J5uMBvoh6sFB7EL1,No Type,200,71
7EiZI6JVHllARrX9PUvAdX,Low Life (feat. The Weeknd),313,81
6REbwUNlppTfcnV4d4ZoZi,Swimming Pools (Drank),247,81
275a9yzwGB6ncAW4SxY7q3,Panda,247,66
6n4U3TlzUGhdSFbUUhTvLP,Walk It Talk It,276,74
7dt6x5M1jzdTEt8oCbisTK,Better Now,231,81
3QybPutx0Tjk472bBKjNWn,Mo Bamba,180,0
6jmTHeoWvBaSrwWttr8Xvu,I Mean It (feat. Remo),236,68
5IaHrVsrferBYDm0bDyABy,Taste (feat. Offset),232,70
4S8d14HvHb70ImctNgVzQQ,I Love It (& Lil Pump),127,72
7eBqSVxrzQZtK2mmgRG6lC,Murder on My Mind,268,78
3oh6SCCeLuXhFpEyepla6G,Thotiana,129,0
7fBv7CLKzipRk6EC6TWHOB,The Hills,242,87
7MXVkk9YMctZqd1Srtv4MB,Starboy,230,91
2Xqd0wUttjueBfdcltADOv,No Limit,245,0
53CJANUxooaqGOtdsBTh7O,Old Town Road,113,23
2JI71GHwq2LN8mtq3iCLYo,CoCo,239,60
3swc6WTsr7rl9DqQKQA55C,Psycho (feat. Ty Dolla $ign),221,76
2JzZzZUQj3Qff7wapcbKjc,See You Again (feat. Charlie Puth),229,84
40YcuQysJ0KlGQTeGUosTC,"Me, Myself & I",251,77
5Z01UMMf7V1o0MzF86s6WJ,Lose Yourself,326,78
3B54sVLJ402zGa6Xm4YGNe,Unforgettable,233,87
4jvjzW7Hm0yK4LvvE0Paz9,Falling Down - Bonus Track,196,81
22VdIZQfgXJea34mQxlt81,Can't Feel My Face,213,83
1Ser4X0TKttOvo8bgdytTP,Come Get Her,212,73
5HQVUIKwCEXpe7JIHyY734,"Young, Wild & Free (feat. Bruno Mars)",207,76
1f5cbQtDrykjarZVrShaDI,Drowning (feat. Kodak Black),209,79
2Fxmhks0bxGSBdJ92vM42m,bad guy,194,82
3KkXRkHbMCARz0aVfEt68P,Sunflower - Spider-Man: Into the Spider-Verse,158,83
4Q3N4Ct4zCuIHuZ65E3BD4,Tunnel Vision,268,73
2ANLarE8yHVsLWW21nj79M,You Was Right,163,65
7oJrVhiTPZGBXWPwhxjy9S,Lust,156,71
4dASQiO1Eoo3RJvt74FtXB,"Sucker for Pain (with Wiz Khalifa, Imagine Dragons, Logic & Ty Dolla $ign feat. X Ambassadors)",243,75
75ZvA4QfFiZvzhj2xkaWAh,I Fall Apart,223,78
1qzckO538IWjqa7eCQdSJ4,Throat Baby (Go Baby) (with DaBaby & City Girls) - Remix,211,47
1xMvdOFQaql3EBkHmuh2TK,Batman,156,67
03ERnTvSV5fy8WAyvA4uNP,Big Gangsta,243,62
4Js2MCBgl8wupEjKewj0kT,This Is Why I'm Hot,151,56
2Y0wPrPQBrGhoLn14xRYCG,Come & Go (with Marshmello),205,77
6225vlQNgif1W5dE5KN6Y6,Slum Anthem,171,57
5QbzvnhnS0CZMHjFGIwfHd,On the River (feat. Wiz Khalifa),198,67
4P6BuLsqtg5uISdE77ypI9,Ayy Ladies (feat. Tyga),211,66
4knL4iPxPOZjQzTUlELGSY,Rake It Up (feat. Nicki Minaj),276,64
2LEF1A8DOZ9wRYikWgVlZ8,Good Feeling,248,79
0vzSAyinyA619ZbrOaAi04,Steal My Love,162,55
2BcMwX1MPV6ZHP4tUT9uq6,Knife Talk (with 21 Savage ft. Project Pat),242,79
0Z2J91b2iTGLVTZC4fKgxf,Hit 'Em Up - Single Version,312,79
18vXApRmJSgQ6wG2ll9AOg,RAPSTAR,165,79
2etHQJxIbV0soyPhelVs9Y,Best Friend (feat. Doja Cat),155,69
0n4bITAu0Y0nigrz3MFJMb,Blurred Lines,263,75
7MAibcTli4IisCtbHKrGMh,Leave The Door Open,242,17
4DuUwzP4ALMqpquHU0ltAB,Tyler Herro,156,64
5v4GgrXPMghOnBBLmveLac,Savage Remix (feat. Beyonc),242,64
0k1WUmIRnG3xU6fvvDVfRG,Way 2 Sexy (with Future & Young Thug),257,74
591ks2A0o7ratTpiRdI7M6,Heart On Ice,159,71
2OcLr0onQU36t5oQ5NTMpy,PTPOM (No bologna) - Remix,162,51
6SDAOIs8wLJvhEXcIMgm5f,Something Bout Me,163,55
5GPm7PsMQwceQvfYlGXcCt,"Big Subwoofer (feat. Snoop Dogg, Ice Cube, E-40 & Too $hort ) - Single Version",241,57
5880eYQmXx3c3oD22IljIt,Why We Thugs,224,65
3zpV1pF29S3jPGNY1J8HZo,Don't Say,155,3
4y35lEbyqHAuVEVMe4waSE,Losers,131,0
02kDW379Yfd5PzW5A6vuGt,Lemonade,195,18
7Bpx2vsWfQFBACRz4h3IqH,family ties (with Kendrick Lamar),252,71
33OeHNGJA124QytVD0BeQK,SKAT (feat. DaBaby),231,53
4TIqzdAssasqx3DAe6cG9J,Ramen & OJ,218,70
627IFsuW7eFp9Mj5dg5cQr,Bust It Down,222,0
20on25jryn53hWghthWWW3,Do It To It,157,79
5HCyWlXZPP0y6Gqq8TgA20,STAY (with Justin Bieber),141,82
0PvFJmanyNQMseIFrU708S,For The Night (feat. Lil Baby & DaBaby),190,77
3USxtqRwSYz57Ewm6wWRMp,Heat Waves,238,87
2SAqBLGA283SUiwJ3xOUVI,Laugh Now Cry Later (feat. Lil Durk),261,77
1tkg4EHVoqnhR6iFEXb60y,What You Know Bout Love,160,80
21AJQhGZpujjZQXByZAXpr,REPEAT IT (with Gunna),190,62
5uA5D9o5jGFuITTw3aXQgB,Fair Trade (with Travis Scott),291,53
7ytR5pFWmSjzHJIeQkgog4,ROCKSTAR (feat. Roddy Ricch),181,76
7GZXPa81LzAgzmVg9G6BUM,A-O-K - with 24kGoldn,181,0
39jxVaEhI8R7csdu7GAjmL,Get Crunk,257,45
1bTphHXspys3RvvRxfzzIc,What U Gon' Do,320,56
41PWz0hAiU9FqsmjR9Wh62,Lovers And Friends,260,69
7MSwclTvW6KLLkTbmw9FUQ,Throw It Up,372,55
3HnhrVBybVBzp9yEQcAzfC,Real N***A Roll Call,308,49
4X13MIZR2P4mon0udxgKhW,Knockin' Heads Off,317,40
6LmDWlzYKzg6Y3lbuV4jgw,B---h,298,30
2QJsUSpI6tuKFiKJKOLfOU,Cadillac Pimpin' - Main,250,30
4ubprxt14HoeppCGViXXfN,Livin' in the Projects,254,32
79jaa2QGadIViTda6v5Q31,"Never Scared (feat. Cam'ron, Jadakiss & Busta Rhymes) - The Takeover Remix - Club Mix",319,45
2fT7jfIwN62hWmhVcfP1Cg,Rep Yo City,312,36
6ro8Rx5kXXiIFmjPTlJjAI,"Push That N----, Push That H--",265,34
74ozBdPG4zfj1hv7EF5hwP,Ooh Na Na Naa Naa,289,34
4MY1LZRZOblNUawGvCehBn,Knockin Heads Off,317,25
47FjToieQbxqNnuiRRQtym,Real Big,228,51
2bT4MPXE908eg5OYP40DAw,Naw Meen,235,28
5s992kwS2vr9SgrQsBootT,Bia' Bia',301,41
6uWliNGZEZKGMPwSwccdjG,I Don't Give A...,269,51
59rtiYOPgMEDf3yPEfU2la,Still Tippin' (feat. Slim Thug and Paul Wall),271,64
64NdPYarVxVmHcYYXDekg3,Turning Headz,191,37
7xVwhsuZTUWhIyFeDH6rYr,Next to You,221,60
5vWwuFTSoPdyY8rH1mui8W,My 64 (feat. Snoop Dogg and Bun B),310,46
5Gg42VWorPsILbSkHbwZ5F,Boi! - Young Problemz & Mike Jones,257,22
0DW5anNzTO7h0OlKqFsVQ6,Like A Pimp,254,60
5CWyE2OcZI1HVnHBh4RrKF,Play,230,52
4zh5aVAWAKkeXTmXPkQ7uL,Stuntin' Is A Habit,220,0
5TpaWJKnuyA4MjzAbFXSTQ,Damn! (feat. Lil' Jon) - Club Mix,298,56
2MbdDtCv5LUVjYy9RuGTgC,"WHATS POPPIN (feat. DaBaby, Tory Lanez & Lil Wayne) - Remix",227,70
2771LMNxwf62FTAdpJMQfM,Bodak Yellow,223,55
2wAJTrFhCnQyNSD3oUgTZO,Work Out,235,82
6IaieqiCVvsNvEt6Y7yOFa,Ball For Me (feat. Nicki Minaj),206,65
7FIWs0pqAYbP91WWM0vlTQ,Godzilla (feat. Juice WRLD),210,84
4jtyUzZm9WLc2AdaJ1dso7,0 To 100 / The Catch Up,275,70
49zD0wr2S3d0lZPib0K4e1,F*ck Up Some Commas,237,66
3erAiWBiKsbVG39cqCrsI0,Human,199,0
5yorXJWdBan1Vlh116ZtQ7,WHOLE LOTTA MONEY,156,57
4Li2WHPkuyCdtmokzW2007,Ni**as In Paris,219,28
7lQ8MOhq6IN2w8EYcFNSUk,Without Me,290,88
4xkOaSrkexMciUUogZKVTS,Till I Collapse,297,84
5IweeQZdY5XEzStLzUJG5t,Purple Pills,304,67
7zl7kehxesNEo2pYkKXTSe,Killer (feat. Jack Harlow & Cordae) - Remix,236,67
1jo3TwNGCXfNdB5uba3ZVv,Killshot,253,71
561jH07mF1jHuk7KlaeF0s,Mockingbird,250,87
3yfqSUWxFvZELEM4PmlwIR,The Real Slim Shady,284,86
1dWimOlV5KUHDerWZVDv5l,My Name Is,268,55
440JHgcmlgu65MbKBg20ba,I Know What You Want (feat. Flipmode Squad),324,54
72KLMEKkWDJfqQ2iiwDqHa,Fine Apple - Lemon & Lime Remix,152,45
72cKCgYH6RZv4AcfEJ9S8o,Float Away,238,29
5l4WHxaPQ4gVeGhYJQnsGr,Fuck Everybody,305,22
36N2bDLedBsK9VylCszIwH,Country Sh*t (Remix),242,49
65ES1qwOB577ZnTkizMXJJ,HUMBLE. - SKRILLEX REMIX,156,69
1xQ6trAsedVPCdbtDAmk0c,Savage Love (Laxed - Siren Beat),171,74
2KpOQtEJ1twefxHOt4JwfF,I Can Tell,210,0
21jGcNKet2qwijlDFuPiPb,Circles,215,86
4BbKdA6szsCVCpLtlKKbX4,Live by It,171,33
4w7lBzX0EcDuy8tQLQvjC2,Scatter Brain (feat. Ludacris & JID),209,58
0mb3uDw5vfFUcZfJYFOMRu,Gifted (feat. Roddy Ricch),168,49
7zjEyeBsaw9gV0jofJLfOM,Livin It Up (with Post Malone & A$AP Rocky),210,64
428JUvntvW20r9hOOpFAao,Slide,236,58
4iZdCChpb4nEH2jirUH90e,Get Big,225,9
19OHDib8Jrqi3o2nm5lzdA,My Nigga,235,68
5n4Ws20sveldU4wt5UT4Ej,Cadillac On 22's,263,43
69bHJ9qs5FrUJbKP8xU8uZ,Disco Inferno,214,75
4MMqj7HaLL8BphbBZnlsdq,I Like That,236,61
0odHj0qIf86vHBsXB30IkZ,So High (feat. Ghost Loft),249,65
1YR9iNGXtsbrd8deR9ULDD,Jesus Is The One (I Got Depression),112,50
3aGibUHhQyBsyumYHylw0K,Backseat Freestyle,212,67
5K5dQsYdSdo2LKdepxbYAd,Gettin' It (feat. Parliament Funkadelic),341,60
6PGoSes0D9eUDeeAafB2As,LOVE. FEAT. ZACARI.,213,84
47TqCCnEliDp8NRDyIQoQq,You Make Me Wanna...,219,71
2QsZVnbWVSjKMXK6K3uRBL,U Remind Me,266,73
7J41dYQolQJEtj3UmKLu5r,U Got It Bad,247,75
5rb9QrpfcKFHM1EUbSIurX,Yeah! (feat. Lil Jon & Ludacris),250,86
68vgtRHr7iZHpzGpon6Jlo,My Boo,223,82
5j0McHPthKpOXRr3fBq8M0,Love in This Club (feat. Young Jeezy),259,76
28AUzRo0nQLESL55WDV0um,DJ Got Us Fallin' In Love (feat. Pitbull),220,52
1bM50INir8voAkVoKuvEUI,OMG (feat. will.i.am),269,72
7z3N2W7Xz1t2G2sAO8wFVH,Burn,231,74
1tAutlhI9FwnKn7fVgmd5P,Without You (feat. Usher),208,66
7lVNTXkI3cHFvcXiI8damb,I Need a Girl (Pt. 1) [feat. Usher & Loon],268,65
7xYnUQigPoIDAMPVK79NEq,Run It! (feat. Juelz Santana),229,74
5Lgcn7u07bHuqbOtXkN62u,With You,252,75
3wKKkGVn7cVSfgPeYYIiXG,Kiss Kiss (feat. T-Pain),250,72
5F7IJrXD6Fa3EmqoYE0gU4,Say Goodbye,289,68
3hsmbFKT5Cujb5GQjqEU39,Look At Me Now (feat. Lil' Wayne & Busta Rhymes),222,71
2QtxlzvSBONjs1bDC34ixs,Yeah 3x,241,69
5BrTUo0xP1wKXLJWUaGFtk,Loyal (feat. Lil Wayne & Tyga),264,75
46lIt6GmL0VkkbuUyGDbCs,Got Money,244,57
27mhCGdAA8gM7b33KIiB3k,Cyclone (feat. T-Pain),222,58
5kxddRG1RZaZROadk7iC4D,Bartender (feat. Akon),238,0
2aIdVb8v9KTpEZnftkz2mD,Buy U a Drank (Shawty Snappin') (feat. Yung Joc),227,0
3n5qF6aprwEIjHWuH5jECM,The Boss,225,2
0F7rEdewJ6cSLylOZZpDu7,I'm Sprung,231,0
3xQCXDHNJXSVxECjTJCHFu,Can't Believe It (feat. Lil' Wayne),273,0
1lih9AUGlOI2qbAkptdBsr,I'm N Luv (Wit a Stripper) (feat. Mike Jones),265,0
0CAfXk7DXMnon4gLudAp7J,Low (feat. T-Pain),231,83
08uGhvS5MfBk7crUCpnjva,Blame It,289,65
14blxrgE0VWAgv5aF2wWmx,Good Life,207,0
7g7M96UGiA7OR79H86gV4m,U and Dat (feat. T. Pain & Kandi Girl),202,64
0z5ZPs57J2KERwM1tBM2GF,6 Foot 7 Foot,248,0
2LvRR121MWFmmEGkuV2vQP,HeadBand (feat. 2 Chainz),220,65
05Sgj1Hx03ZXc57gsV1kfX,It's Goin' Down (feat. Nitti),241,66
6o3s08kk2fQI37vxGZDrJ1,Snap Yo Fingers,274,69
3ssX20QT5c3nA9wk78V1LQ,Ambitionz Az A Ridah,278,0
6ScJMrlpiLfZUGtWp4QIVt,A Milli,221,70
4PmMVdIFpJTB9WQbmILf4p,How We Do,235,76
7u6aTzXw1JtiK5sr7XctFs,Bring Em Out,216,0
7kAFSrTIOiVZ0gnHBuAH3l,Air Force Ones,304,62
2ajhenDRiiAnCHHjsIOHhJ,Laffy Taffy,224,68
4MeDnO5yA2Zi6IMlVApRci,Freek-A-Leek,235,70
6o2g1BJvtYQssH84kBYs7y,Back That Azz Up,265,67
0EHR9OObFtjlhQB8wSt1m7,Mrs. Officer,286,71
66TRwr5uJwPt15mfFkzhbi,Crank That (Soulja Boy),221,76
0jSMveIWvnhDIvzqN74Uc7,Tipsy - Club Mix,243,66
2kQuhkFX7uSVepCD3h29g5,Smack That,212,85
7cVmKBwzPsh4Fmb6SplfEm,"Lean Wit It, Rock Wit It",229,61
024Q1MI4uaYHF6j2Q2ZYgF,Overnight Celebrity,233,57
6RUpJeXT6U4SPEafnr9Wr7,Where The Hood At,286,70
6u5M4jPpYkoRV4vVHDQvkd,"All I Do Is Win (feat. T-Pain, Ludacris, Snoop Dogg & Rick Ross)",227,0
4Kd0FzFpOgIGxlBl4HXuFn,Salt Shaker,252,62
3fyMH1t6UPeR5croea9PrR,Best I Ever Had,257,0
5rXkgeY6rpcHcsolCpXZHR,We Fly High,236,0
3IrkbGQCoEPAkzJ0Tkv8nm,Dirt Off Your Shoulder,245,64
7eJ5kRpMNPAk7ccCDKywjH,Tell Me When to Go (feat. Keak da Sneak),237,55
0WKYRFtH6KKbaNWjsxqm70,Gin And Juice (feat. Dat Nigga Daz),211,0
4tXA1TUmKvz7CbUT9LUHDx,X Gon' Give It To Ya,217,0
2Lg4kvhOrPhpGEZmSe7VAN,Country Grammar (Hot Shit),287,0
2Ozc0me9PV5vlt8cokwdvI,Lean Back,247,66
0k6HUzaRHpQ3eEWr1C7Esh,Ms. New Booty,252,61
70FCugJxa7XW04Np6iYJdI,21 Questions,224,75
0l3GEbH3CviUytD6iX4wzg,Right Thurr,250,69
3kZoay4ANo86ehb6s4RwS9,Ridin',303,69
4LwOrnuxJwR7C5Sw4liY4Z,What's Your Fantasy (Featuring Shawna),275,64
0I3q5fE6wg7LIfHGngUTnV,Ms. Jackson,270,83
6ihObRBTB8xdSH2mlERtOX,Slow Motion,248,65
4RY96Asd9IefaL3X4LOLZ8,In Da Club,193,75
1PS1QMdUqOal0ai3Gt7sDQ,Gold Digger,207,82
2JpUkUR0OsOlUUfm6iS8ic,Money Maker,230,59
6glsMWIMIxQ4BedzLqGVi4,"So Fresh, So Clean",240,72
0svl7cK07gK1ia5ainczU5,Break Ya Neck,231,1
06iMqWThw4w8fTFyccvOwr,Ride Wit Me,291,0
2mpFm3f7QmdsVtSAIICEB7,Candy Shop,208,0
503OTo2dSqe7qk76rgsbep,Still D.R.E.,270,82
4gdQ8QShlC3toP9Mkc8DwB,Oh Boy,204,1
4SyadrABZJIjeND1HPJS31,Rollout (My Business),296,60
5Y78yINSOCW6xbOfGWNBg4,Wait (The Whisper Song),179,58
0shK5iZQppbHPQYiy60xs9,Rosa Parks,324,66
6KIKRz9eSTXdNsGUnomdtW,Straight Outta Compton,258,71
0OvwzS8FX73Bw7ykMRmffU,Put It On Me,262,64
2D1hlMwWWXpkc3CZJ5U351,P.I.M.P.,249,69
4TJduXYW1Pg96EDNnfiwxJ,Shake Ya Tailfeather - Radio Edit,295,63
5mNV8Mz59bzyuQ53gTw0c0,Where the Party At (feat. Nelly),232,66
2mKouqwAIdQnMP43zxR89r,What's Luv? (feat. Ja-Rule & Ashanti),267,77
5RC9YDHON0nXKmcQrL6WV6,Shawty Is Da Shit,262,61
04KTF78FFg8sOHC1BADqbY,Hot In Herre,228,76
4Tyv7nnNTHC6mR1pTubIrw,Drop It Like It's Hot,270,0
6YYd5MLpu45J0uLrMdivF7,Got Your Money (feat. Kelis),239,67
0FmCLEHfINGqwlyzvklNqy,Holidae In,314,57
22irp40MtAAatGBNsWE3du,Sunshine (feat. Lea),222,31
1MQCTOWVfy4PcuBXkBsHVB,Just a Friend,238,59
19VTqucnxJuH6kilNdweTh,Welcome to Atlanta (feat. Ludacris),200,54
3bMNprrp2JDKZsGbiXpsJl,My Chick Bad,216,65
7bYKMJI4z6mApjLhv4hOBM,Pimp Juice,292,51
18vdhCWxqPohnPwicDi3Xr,Dilemma,289,53
3Gf5nttwcX9aaSQXRWidEZ,Ride Wit Me,291,77
3wMUvT6eIw2L5cZFG1yH9j,Country Grammar (Hot Shit),287,69
3ZdJffjzJWFimSQyxgGIxN,Just A Dream,237,75
4bUfMNNmiCmPXVyWzIfKeZ,E.I.,285,63
1LnEW2Dx4pFZ4yZ4dXFY4f,Batter Up,327,56
3XlqAdd4uGkJpJ9rrtHJKH,Over And Over,253,35
004vX8VwOOzObeGsrdHomf,Hey Porsche,209,18
1yy2DlSDtEt90d54rPDPXz,I'll Be Missing You (feat. Faith Evans & 112) - 2014 Remaster,306,69
2eOuL8KesslTLQERQPu11D,Bad Boy for Life,253,63
4INDiWSKvqSKDEu7mh8HFz,Mo Money Mo Problems (feat. Puff Daddy & Mase) - 2014 Remaster,257,74
2yr2HnFYl7XvqJk4fXoQBt,I Don't Wanna Know (feat. Enya & P. Diddy) - 2016 Remaster,257,64
3GMR3hyv8BccozoebVMve3,"It's All About the Benjamins (feat. The Notorious B.I.G., Lil' Kim & The Lox) - Remix",278,53
6iajHa34cSiD5s42Cq9miJ,Peaches & Cream (feat. P. Diddy),225,51
1EM23A621Z0QyTlWKu7T1l,Can't Nobody Hold Me Down (feat. Mase),231,58
4hrae8atte6cRlSC9a7VCO,Always On Time,245,2
2iclfHORMqpR3TxuhwVRhD,Mesmerize,278,65
1kEruIJPLnM1agV8bnCmSZ,Livin' It Up,257,0
5Bi7SC49g4neuXwzgXBeFy,Ain't It Funny,236,0
7rOIWUhSfjWh4E7443PYE8,I'm Real - Murder Remix,258,0
0DBIL8arX0Zo6eAuxNIpik,Bump n' Grind,256,58
5dNfHmqgr128gMY2tc5CeJ,Ignition - Remix,186,68
1sVWMLqlYqOmd4praL4HxN,Happy Summertime (feat. Snoop Dogg),218,28
34I3bDyzo5pegaQysuQYx3,I'm a Flirt Remix (feat. T.I. & T-Pain) - Radio Version,316,27
67UivNNJwBPb8XS7r4fGmf,When a Woman Loves,310,39
771lQyKAtqXRpZ7iM4JsbP,Fuck Tha Police,345,0
3JdyhQORbJkCWT8xfLd8gD,Boyz-N-The-Hood - Remix,379,64
7iXF2W9vKmDoGAhlHdpyIa,Forgot About Dre,222,79
4MeSMK38Szi6mtnmdWKBG1,Because I Got High,310,0
20LxTsa6936zOlzTWqoPVt,The Next Episode,161,0
2I9foKseoFQh07p6sD2voE,Many Men (Wish Death),256,71
53BZ6XygAoubR5DU5w38Vq,Real Muthaphuckkin' G's,332,64
2oTDOIAdsxPTE7yAp4YOcv,Jump Around,214,0
2NRQ80uXOLkfNMXsjuBOxB,Gangsta Gangsta,336,0
119c93MHjrDLJTApCVGpvx,"C.R.E.A.M. (Cash Rules Everything Around Me) (feat. Method Man, Raekwon, Inspectah Deck & Buddha Monk)",252,74
33ZXjLCpiINn8eQIDYEPTD,"Shook Ones, Pt. II",325,77
6qUEOWqOzu1rLPUPQ1ECpx,Walk This Way (feat. Aerosmith),310,68
6jBCehpNMkwFVF3dz4nLIW,It's Tricky,183,70
63BokRfXSQhEU6Qi2dSJpZ,Mind Playing Tricks on Me,308,65
71A6V5dh5Y8ikhm6NGwZ7p,Children's Story,242,42
2zoobJFEB9h15fjYjRd6oP,Hail Mary,312,65
52IuMfbQa9aqRPz2oYPAI8,Express Yourself,265,63
1Sgj10byiGzPpI2IrXSFEn,"Protect Ya Neck (feat. RZA, Method Man, Inspectah Deck, Raekwon, U-God, Ol' Dirty Bastard, Ghostface Killah & GZA)",291,66
7nYvUtkQMx1v80S2FH2s9J,Regulate,248,73
5FHXxdJeq1iAE9PjDTEgyd,The World Is Yours,290,48
2Vpj5colB0MPy3Zg5SITEC,Bow Down,206,58
1oTHteQbmJw15rPxPVXUTv,Insane in the Brain,208,73
7qHAjAL7CpadaZLamuBZRm,Thuggish Ruggish Bone,281,70
3R8sCwlK9pbFuvpdzAknyG,Walk Up To Your House,229,40
3NGT0Td7H4Is1qrlDQJxma,Check Yo Self - Remix,273,70
24vNw0Z0srb4zYXwrakw8E,"Wu-Tang Clan Ain't Nuthing ta F' Wit (feat. RZA, Inspectah Deck & Method Man)",216,65
6lEIjrQNwJPecJ7mMXjhjo,Wanna Be A Baller,355,66
1iDg5Sew5NGSxoIC7Qe5GT,"EZ Come, EZ Go",249,45
5H0dVldtI6HJZnEXzigKfY,Ruff Ryders' Anthem,214,0
525yPO8r5J6kLostDxm3XK,Back That Azz Up,265,55
4cPhuLaWqn0TZCs71wSk6s,Gimmie That Nutt,175,54
4nva9EpKntUTs6CRSGBCn9,Just A Lil Bit,237,78
6or1bKJiZ06IlK0vFvY75k,Rap God,363,76
4LwU4Vp6od3Sb08CsP99GC,The Next Episode,161,81
5eGEc27nnhtmcOh6RC890a,Kill You,264,70
4XHQyvbrBsQaaBUW1VvmsL,My Band,298,74
4IYKjN1DrYzxKXt0umJqsG,I Got 5 On It,253,75
4E5IFAXCob6QqZaJMTw5YN,Poppin' Them Thangs,240,71
2GrOq1y5gksYrqkc8Jzl9T,It Was A Good Day,260,73
0cfqYhY6B8PbGF9vaVNUeG,Hits from the Bong,160,68
7JeKXMQKm6GoLGTkNy2jZ0,If I Can't,196,65
6TYPoBrn53njY2C0WwdmA1,Hate It Or Love It - G-Unit Remix,263,64
3hwwIr2pcL2IWBpEUj5Hya,Window Shopper,190,51
4UhUXGXEeq3mPJyzZkx9fY,You Don't Know,257,61
1FKFCvi0i46qEJLZSEBH8p,I Get Money,223,54
36Hwcla06Q5BCr59CL0sBp,Ayo Technology,247,58
6xChOqrClteugb4RwSD1kS,Wanksta,218,47
7xQAfvXzm3AkraOtGPWIZg,Wow.,149,81
32lItqlMi4LBhb4k0BaSaC,Candy Paint,227,75
7CZyCXKG6d5ALeq41sLzbw,Take What You Want (feat. Ozzy Osbourne & Travis Scott),229,76
6eT7xZZlB2mwyzJ2sUKG6w,White Iverson,256,77
4jTiyLlOJVJj3mCr7yfPQD,This Could Be Us,206,78
2L8cFPItBljPNJgPjTnuIf,No Flex Zone,231,56
5uqphUYsR45kPYplrYSAQh,Throw Sum Mo,260,63
7FYH5AW3bVfZHJIQpq3UOA,I Don't Fuck With You,284,75
0SGkqnVQo9KPytSri1H6cF,Bounce Back,222,68
5YEOzOojehCqxGQCcQiyR4,Panda,246,69
6HfOzLLjsaXsehIFEsrxTk,Trophies,188,74
3iL2l5gUqyPS6vDwJFgJTR,BedRock,288,70
3cSuhzV7wKX5diQ8hos78P,Steady Mobbin,310,60
1EjzkhMFJgl08Qkn2uDV1d,EveryGirl In The World,313,58
3hQCHzkE5oSA3F1xM8bpcM,Hustlin',254,68
608a1wIsSd5KzMEqm1O7w3,I'm On One,296,70
6D1CstH1YvzNN8cPd9ay9Q,"Wipe Me Down (feat. Foxx, Webbie & Lil Boosie) - Remix",272,31
65D95SmygxGCQGiI64eaZf,Independent (feat. Lil' Boosie and Lil' Phat),250,24
2s9NvnrAU9WahyWRa0Ou9m,Give Me That,267,17
5nZRVPVZdHfNVaDnl1IaiY,Watch My Shoes (feat. 3 Deep),276,16
7zBQRGpYImAdIZc97FNj3V,"Shell Shocked (feat. Kill the Noise & Madsonik) - From ""Teenage Mutant Ninja Turtles""",206,63
7EZPH9Px3gXlxD5KJDwtwc,Bandz A Make Her Dance (feat. Lil' Wayne & 2 Chainz),278,63
5jrdCoLpJSvHHorevXBATy,Dark Horse,215,76
20FZrLl9zSbO9b3DhaqO6M,23,252,70
7seTcUFOhn5caSDbiSfsp0,She Knows,214,69
7aXuop4Qambx5Oi3ynsKQr,I Don't Mind (feat. Juicy J),251,67
12CdB878c6n94tTlNfPcCv,Who Am I (What's My Name)?,246,0
4675yUu8AUbE72T94BkLCD,Beautiful,299,64
1wva1IlWLDNLgwipUWcmjy,Sensual Seduction,245,55
7lgvU7WnwcNZ8dbGUz8yhP,Bitch Please II,288,72
3i1B1PnsfnOQPGVIzhf1lr,"That's My N**** (with Meek Mill, YG & Snoop Dogg)",199,64
3bA5Xfk5JyPGtBh00GX8Gk,"Ain't No Fun (If the Homies Cant Have None) (feat. Nate Dogg, Warren G & Kurupt)",246,0
1U8Ho1nOzKXYDvfigOuHG4,Kush - Main,235,62
1G93i9ga7ZPEOqpiNhM1mq,I Wanna Fuck You,178,65
5R1WTY85gge1Ggd5rTMUJK,Tha Shiznit,280,0
3Feec7M9kLXDHag4iZcBxU,Go To Church,231,57
1eL8wZKx7CVJVbZG12becL,You and Your Friends (feat. Snoop Dogg & Ty Dolla $ign),186,53
5XkeTGKcCkGF8l6fA9YpsS,Bitch Niggaz,253,53
5E75Cr0oqxGoX0YYwdC3nZ,"Peaches (Remix) feat. Ludacris, Usher & Snoop Dogg",229,50
5TlAXiBCBwiQnIZUAA4Jkg,Professional Rapper (feat. Snoop Dogg),353,58
3ia3dJETSOllPsv3LJkE35,California Love - Original Version,284,80
3RmKpob8xzv1pzHEQrMJah,Let Me Blow Ya Mind,230,76
7cFpB4ozcSwXuhqjvNbrbP,Good Times,211,60
4YtoipFgf4k0AfD17ZfD5X,"Nuthin' But A ""G"" Thang",238,8
6tDxrq4FxEL2q15y37tXT9,Dear Mama,280,70
712uvW1Vezq8WpQi38v2L9,"Bitch, Dont Kill My Vibe",310,67
6SmPPtaMnfxgz5duA6t9Cu,Throw Some D's,263,56
0XRbYXQUymj9SJkrr8YK5B,Keep Ya Head Up,262,69
1ixbwbeBi5ufN4noUKmW5a,Paper Planes,205,78
0B2ZuTLZnWQ6gz8RlNwBu1,On Fire,187,57
3NOq1Gpiy4KwDni8NhOmHQ,Ugly,265,46
3HVJbdz0V402U5YggQK4Ao,Touch It,214,57
3Jv1XgMPVjdN5xGfnRJ20s,Pop That,303,56
6Y9kdB2O0h9gq9y2vclsWT,Shorty Wanna Ride,261,56
0AOvNRgl0SMfOibWA5bP8o,Money Trees,386,62
2q4rjDy9WhaN3o9MvDbO21,Kiss Me Thru The Phone,193,78
0tIG1vFpmO37RDRvcjQRg0,Ghetto Supastar (That Is What You Are) - Soundtrack Version,265,34
0kswxxNV4DLBqJeMIqFh5n,She Make It Clap,111,58
1iAWDVZem3Vx3Pb8fTUTEL,Rick & Morty,152,48
6ATrsVaZT7XjkCynxM8cTS,Turn My Swag On,206,62
61ehOd7NByNLD1C5AcQhEb,Swing,217,26
7n2Dqgp4iXd8Zorfj9XSYo,Donk,192,52
3c3uUUJUzIxnhynlz30dgV,Ice Cream Paint Job (remix),370,6
0N9b7upoCixmvrsF0e4XN3,Soulja Girl,187,47
2PEDTqoTTUefVpJfjlAGE4,Hey You There,232,35
5tPab9ITAFIgaKc4JLuqkB,Bird Walk - Main,213,30
3aw9iWUQ3VrPQltgwvN9Xu,Family Affair,265,80
5vQXxfGn1bjv5WESrYVVpw,Just Dance,244,45
07K4GcCDSTiXUF5ssyTRUM,The Sweet Escape,246,72
3ZFTkvIE7kyPt6Nu3PEa7V,Hips Don't Lie (feat. Wyclef Jean),218,86
4TsmezEQVSZNNPv5RJ65Ov,Pon de Replay,246,80
2igwFfvr1OAGX9SKDCPBwO,Empire State Of Mind,276,83
4JehYebiI9JE8sR8MisGVb,Halo,261,75
3uqinR4FCjLv28bkrTdNX5,A Milli,221,66
5UsLjwBaTHBX4ektWIr4XX,Forever,357,75
1IAzD1muglOxOcPbUHs70R,Whatever You Like,249,74
60PAzFNW3vAiAiVK6DRJfB,Day 'N' Nite (Nightmare),221,72
1xMPwgmLHVXkIFYL0rvGiZ,You Can Do It,259,58
4P7VFiaZb3xrXoqGwZXC3J,Lollipop,299,70
4mmkhcEm1Ljy1U9nwtsxUo,Through The Wire,221,77
7sLpSWxQazJzDVG6YGzlVs,99 Problems,234,65
6bUNEbXT7HovLW6BgPCBsb,Roses,369,71
4EWCNWgDS8707fNSZ1oaA5,Heartless,211,88
7LR85XLWw2yXqKBSI5brbG,Run This Town,267,79
6MLsahMK3VvH9NUwXOktdS,I'm Real (feat. Ja Rule) - Murder Remix,262,67
6TrNRd98WksT9Kkmx9uj6R,Let It Rock,231,66
0UaMYEvWZi0ZqiDOoHU3YI,Lose Control (feat. Ciara & Fat Man Scoop),226,67
7IhsLJMqdxoo7YAZjaSMru,Dead And Gone,299,68
3WkibOpDF7cQ5xntM1epyf,It Wasn't Me,227,78
6Wt5QBzHp9vdSLAFlvdnDQ,"I Need a Girl (Pt. 2) [feat. Loon, Ginuwine, Mario Winans]",285,66
3jlbL2OTD5YmIunYzgQTAN,Live Your Life,338,75
3jagJCUbdqhDSPuxP8cAqF,Work It,263,70
4YA7nxDtAVE2R1Eryx7uRu,Always On Time,245,54
4fzsfWzRhPawzqhX8Qt9F3,Stronger,311,2
6ndmKwWqMozN2tcZqzCX4K,Remember the Name (feat. Styles of Beyond),230,69
7uKcScNXuO3MWw6LowBjW1,"One, Two Step (feat. Missy Elliott)",203,77
4yxKbzUC9auTZR9rTvFOTr,Angel,235,0
0k2GOhqsrxDTAbFFSdNJjT,Temperature,218,81
16XNk3bVCSHXN1rlwbXtHb,Birthday Sex,226,71
3OWcWJz1c0pIc6L3IDDhpP,Knock You Down,326,58
2gam98EZKrF9XuOkU13ApN,Promiscuous,242,84
0gs72Zn1Nxin1kvKpo9ee5,My Love,276,0
7xRNsqOQOgWbHV1nbXnfXN,Boom Boom Pow,251,0
2bLqfJjuC5syrsgDsZfGmn,The Way I Are,179,84
4zYTZvtcww7OWKie7fxA9E,Hit 'Em Up Style (Oops!),250,70
5qTvkDrSfvwDv6RBjjcfQr,Get Busy,211,4
0O45fw2L5vsWpdsOdXwNAR,SexyBack (feat. Timbaland),242,80
0d28khcov6AiegSCpG5TuT,Feel Good Inc.,222,84
3GpbwCm3YxiWDvy29Uo3vP,Right Round,204,80
5z7mYFfhw6N6f23VwrokJD,The Way You Move (feat. Sleepy Brown),234,69
1V4jC0vJ5525lEF1bFgPX2,Shots,222,68
7KwZNVEaqikRSBSpyhXK2j,Hypnotize - 2014 Remaster,229,80
0trHOzAhNpGCsGBEu7dOJo,N.Y. State of Mind,293,73
7m97yKVzPpXV9Z4ezEziOD,Big Pimpin',283,70
5KSJ9k1FYjFLnIRlJT2wF8,Tha Crossroads,223,68
4MxZW1XEcPuIZmkANsJabC,Party Up,268,0
0EWr7rj8u0R2o8hX397Mwa,Work,177,0
26Pjvw43nUS91mWAOfPDLz,Feel Me Flow,212,0
0HOqINudNgQFpg1le5Hnqe,Damn It Feels Good to Be a Gangsta,310,58
3Ti0GdlrotgwsAVBBugv0I,Can I Kick It?,251,71
2OgGlK7DqGg86Z5uUxUgGg,Passin' Me By,303,0
5ByAIlEEnxYdvpnezg7HTX,Juicy - 2005 Remaster,302,74
7G3lxTsMfSx4yarMkfgnTC,The World Is Yours,290,69
0QMHVTnrFTQJoaqmkdsKhT,I Wish - Radio Edit,252,64
0Q0IVlqMV64kNLlwjPj0Hl,Killing Me Softly With His Song,298,80
0TT7wJiEYD5GAeJfSR1ETX,Push It,272,0
2tNmhDlMbwQZLxQtWMt2EU,"Gravel Pit (feat. RZA, Method Man, Ghostface Killah, Raekwon & U-God)",253,57
6MszGZxe52sc4owTmjp0O9,Hip Hop Hooray,267,0
6S5SJlNXgrUBTLa58NMwGk,2 Of Amerikaz Most Wanted,246,59
1SWVDBtw6h3tm9OehOkDhv,What's The Difference,244,76
1dF5Y2dd7Wm4wZKvVjWBpr,1st of Tha Month,314,67
19FsxX4RthRMZGfXkImdCb,Notorious Thugs - 2014 Remaster,366,67
2iNcMYx2u8YDhCklGAVmXg,Bring The Pain,190,0
09EwNbGvUyu7BDEYG0cJro,Can't C Me,330,0
2Uu8IiLkLY0UXhCHka4Dlr,Doo Wop (That Thing),320,0
2k431Ect1b8BW0oTvHEU5R,I'll Be There For You/You're All I Need To Get By - Puff Daddy Mix,309,46
2c7H254xlKoGhmZT194C0T,Shoop,247,0
4dUWOra6S6IlEMiaFvb4lc,Hard Knock Life (Ghetto Anthem),240,50
00i2HU7TEzzftShjRrDSEF,Changes,268,62
6aJ90LBl96bly9zuEH1U2X,This Is How We Do It,237,65
7jIujRjK5JKNrMCcAvYUTN,Keep Their Heads Ringin',305,65
53duuSwaLOZuIrELvZXqLH,Going Back to Cali - 2014 Remaster,307,57
1muLq1kBLWIT3pmNC2xl0g,Foe Tha Love of $,272,65
3GKL13lkM5nRc4zC1lIOrR,Still Not a Player (feat. Joe) - Radio Version,236,70
2XKNIzuVL2aOlzGUiPkctF,O.P.P,271,0
2g8HN35AnVGIk7B8yMucww,Big Poppa - 2005 Remaster,252,80
1YQ7BbJR8HqAolfprvxGKu,Notorious B.I.G. (feat. Lil' Kim & Puff Daddy) - 2005 Remaster,191,58
2KFg8kjYy0rYjWsXGhEQHN,Who Shot Ya? - 2005 Remaster,319,65
6JI5wNWYdBw68GZjOMmgK5,Put It On,217,64
1eduDdsjMO7Or4EXnMf2iS,How Do You Want It,287,0
2bUojZta7GJTjGAqo064jo,Life Goes On,301,0
2xTft6GEZeTyWNpdX94rkf,All Eyez On Me,307,0
5LN1B9uVAVleCZ2euGarvi,MVP,218,55
2TE1FOBGJ0h7xxIFUjppmd,Street Struck,249,53
2Ih217RCGAmyQR68Nn7Cqo,You Know How We Do It,232,78
5xEm63lXBhJKZgjRDMWH3H,Dollaz + Sense,352,54
5UQOmTylBEdsIfSn37v3DO,Straight Up Menace,274,0
0Ed7MeXx64f6OcIuoTRCg1,Xxplosive,215,71
00FROhC5g4iJdax5US8jRr,Satisfy You,288,53
7hfRrdFJgFKK3cJ4rmkecE,Feel so Good,203,66
4JYUDRtPZuVNi7FAnbHyux,"Flava in Ya Ear Remix (feat. The Notorious B.I.G., LL Cool J, Busta Rhymes, Rampage)",302,58
3XcsaghGUCL9WzJz3TlLKo,On My Block,214,0
5XLC8xoqyua4U7wJiZAWik,"Method Man (feat. Method Man, Raekwon, GZA, RZA & Ghostface Killah)",350,60
3vZO25GdYuqFrR1kzZADnp,Ready or Not,226,73
2elA6JLRaQ6iB7hxiuTKN4,I Tried,287,61
1ozdRCYFVt8Ui0dba1520D,Notorious Thugs (feat. Bone Thugs-n-Harmony) - 2007 Remaster,367,60
3PYtlkObLFZ2SaFjS4TyJR,Ghetto Cowboy,325,52
3u9pftbhkHKNti0U58q5j3,Mo'murda,344,53
7aEjUdVMgHPQQdIIcaWnyt,Spit Your Game (feat. Twista & Bone Thugs-n-Harmony) - 2005 Remaster,249,55
6H0AwSQ20mo62jGlPGB8S6,It's A Vibe,210,66
4X5f3vT8MRuXF68pfjNte5,"F**kin' Problems (feat. Drake, 2 Chainz & Kendrick Lamar)",233,77
5l3CML2OnzfNs5RfVgbcLt,Talk Dirty (feat. 2 Chainz),177,73
7y911sqgHGHcyU4ivapjwi,All Me,270,65
4H9pCqPKc11WCbfILZSYTt,Neighbors Know My Name,104,45
0kIHfcHGFGm5xb0dSlKEdp,Hood Go Crazy,225,59
6j9iyrrmqWlQZ5SD1hSTaq,No Lie,237,60
6M47gaKejso9772SKTa3yH,Face Off,219,65
5dqrgmHHBuUzwYKBXJuIm0,Like I Ain't,222,61
3kW5Rq9AIL0QQuYTSKNkQw,Erbody But Me,197,60
0I0wn4G67txQwENcmRH3d6,Caribou Lou (Album Version (Explicit)),271,62
2hnTGEeWAh9UHIjpMsPiFf,I'm a Playa,298,43
42Lryt8OjQ3C86dZAOgUdd,Nothin',225,39
3Okb56pSKGdoTWUcv4isoo,In The Air,258,27
3rNL3jS0CXIyW79x2NUxKH,Blown Away,291,30
53SyS13jh56ii7rlD19cWG,Party and Bullshit,265,24
5it88Z5VrCoIoydnt5tdQR,Sorry N' Shit,350,35
1AJx5jJQy9pKKxcnHm85RY,Dysfunctional,240,60
4Ade0IwkleaUD2X7uIdY0i,Red Nose,326,42
6OklZCJBGpsd7mdE8jUfIN,Areola,268,37
2QEvKBP0cHfx1aSvCWDYco,Creepin',304,24
4FI0rdztOAYJZMupujL5Gp,Fuck You,205,63
2BMRUAA1oTc7e9JPlr6xbZ,Big Ego's,238,58
6MdqqkQ8sSC0WB4i8PyRuQ,No Diggity,304,78
70ATm56tH7OrQ1zurYssz0,I Need A Doctor,283,69
4dK00wCxlqWEeN8BoM1BHT,Crack A Bottle,297,70
04fX3oTJm5Zucg3Uf9aix0,Fuck Wit Dre Day (And Everybody's Celebratin'),292,0
0JSCZdPOPR7d8Mfi09tIxU,Bitches Ain't Shit,288,0
1ohwrBQrxIlqMYfkoYERiN,Eazy-Duz-It,259,62
2ImuQo1g14CTR9hZAZD3aQ,This D.J.,203,66
0Qr9Dl5b43RAZuXTSqzBzu,American Psycho II,224,63
5H3B1WtZYGmyOYOXgQltKU,Under The Influence,321,65
65iyI1iybyv5ecsfBHSdUf,Gangsta Nation,293,65
13AvIMuWOBUWGBhWGIHb6N,Friday,229,53
3OMqeZU9lQGimMwMjPvBsp,Appetite For Destruction,188,52
0LFcFGLYTX6UmeIdO7NVd7,Ali Bomaye,372,62
1GMDpf82TUwTVBPYiu0dmR,Switch Lanes,221,59
0lOe1dR2TNkJMCjIcRuw6T,Westside Story,223,61
39yRhjDdSTP4A7VehxBXDb,Wouldn't Get Far,251,57
5F7caGhe84C6ONva5S8yXF,Dreams,286,57
4GXH9A6fzuE0MNtqtzjhLg,My Life,320,0
0cNJ3huiV99wvUN1tmQLTL,"Beamer, Benz, Or Bentley",208,54
4MHboJP4Mj8b2bc4hXayIo,"Touch It - Remix/Featuring Mary J. Blige, Rah Digga, Missy Elliot, Lloyd Banks, Papoose & DMX (Explcit)",240,50
50UkypyQJbSQLaXHke5Yep,There It Go (The Whistle Song),180,61
0YkJU6TjjwzsVXUPRIO0DB,Make Me Better,253,61
6lrRIfQDcikJ5y5DtyZPuJ,Can't Let You Go (feat. Mike Shorey & Lil' Mo),223,62
6c0GmyBsE7mQtrVvxJaWc3,Throw It In The Bag,231,58
2fQ6sBFWaLv2Gxos4igHLy,Say Aah (feat. Fabolous),207,61
6h7PQQIUQSNSAWqRe98MBU,"Trade It All, Pt. 2 (feat. P. Diddy & Jagged Edge)",275,51
7K4Aq4awgYvDKEJdEvvl4j,Can't Deny It (feat. Nate Dogg),306,50
1gZ7i4qxXkHZb1r6eioaAP,Don't Cha,272,67
5osSw3tL07Tuid7AWsvYcc,"Ante Up (feat. Busta Rhymes, Teflon & Remi Martin) - Remix",247,62
4SnTf4ixVZCfQtxHNhky0T,Pass The Courvoisier Part II (feat. P. Diddy & Pharrell) - Remix,238,54
0KbIwqCAHmXWu7hrszXY6j,Party We Will Throw Now!,209,64
0fGh0trRN1xz3s41r7V5ce,Shake That,274,74
3lcC9CnN7Rpo1ugATzmYjY,Area Codes,303,62
3j9UIPpivEXyfV67agjXKH,"All About U (ft. Nate Dogg, Snoop Dogg, Fatal, Yani Hadati)",276,64
7IMt6vPcCbtNqXay4Zp9ya,So Fly (J. Period Remix),185,0
0YHI5hydPPth6J5UOzdLDX,Lay Low,223,59
177whjgOe4OAqNvgu6GETq,Ain't No Fun (feat. Snoop Dogg & Warren G) (J. Period Remix),94,0
6BdgtqiV3oXNqBikezwdvC,Over,233,70
6J5sxraPPZ4b0CVOGAgpXj,I'm Different,207,57
0rSVWYKiBkirydeEyFevAn,HYFR (Hell Ya Fucking Right),206,20
7kfTqGMzIHFWeBeOJALzRf,Headlines,235,36
3SShjQBczSt1HMpWA9zbwE,Rich As Fuck,223,65
4Kz4RdRCceaA9VgTqBhBfa,The Motto,181,76
6t2eIONH4Sax3R21QWiKNp,Believe Me,337,60
1EbWiEra7ovNsMq3DeLSDy,Power Trip (feat. Miguel),240,0
0b8qcIPuFq77U6ifMUAVUP,All Gold Everything - Remix,281,42
6V2D8Lls36APk0THDjBDfE,Started From the Bottom,174,0
79XrkTOfV1AqySNjVlygpW,Energy,181,71
16qYlQ6koFxYVbiJbGHblz,G.O.M.D.,301,0
27GmP9AWRs744SzKcpJsTZ,Jumpman,205,71
2LLFl56eIFGFlnrplUC26f,"Flex (Ooh, Ooh, Ooh)",176,47
0jkeRqlWciqKxU3iHQfdWj,Seen It All,207,59
5lFDtgWsjRJu8fPOAyJIAK,Back To Back,170,68
343YBumqHu19cGoGARUTsd,Fake Love,210,72
0qy5D3OJre7SPJNMOL9I71,Broccoli,225,63
2VWbHHhWnMzKWPUs4IEEW9,God's Plan,198,0
6vN77lE9LK6HP2DewaN6HZ,Yes Indeed,142,81
43uQtNJUmlEdJtjbz6GdGL,No Shopping (feat. Drake),227,43
4wqzOaLxiCRy2Et8tRyNSX,The Thrill,234,2
2kzRSiyignH8yzPTrWvyPo,No Sleep,191,62
0osPX8TruIebOhKuG6GK8C,On My Level (feat. Too $hort),272,61
1XGmzt0PVuFgQYYnV2It7A,Payphone,231,84
6u8hSdYZxbK5EczDPRIXXf,Something New (feat. Ty Dolla $ign),200,57
1ULa3GfdMKs0MfRpm6xVlu,We Dem Boyz,224,64
26XUAwGZqQEyy8Ubhtj4kq,Feelin' Myself,253,61
1ms5tNNdPouTtcD2oVF9Oz,"Work Hard, Play Hard",219,60
53DB6LJV9B8sz0p1s6tlGS,Roll Up,227,61
0jqBo5RYn008f4ZY8kPewW,Indica Badu,260,59
5OI48E8HqkN8fnTOu3Hfuf,Medicated (feat. Chevy Woods & Juicy J),331,57
6j236RwzFFj4wqH2tWJNBD,5 O'Clock (feat. Lily Allen & Wiz Khalifa),281,0
2iDjCLUOGhJtz5cPHljGVd,Ass Drop,166,53
4q6dqyGM25sKFU8nYAGRe4,Show Me (feat. Chris Brown),217,69
2asIUjALYhUbH8hvLUhDWo,Main Chick (feat. Chris Brown),197,62
5IZc3KIVFhjzJ0L2kiXzUl,Promise (feat. Fetty Wap),224,62
0TKWHD7sbO0CrEAdegPLZm,Hell & Back,250,59
41Fflg7qHiVOD6dEPvsCzO,Worth It (feat. Kid Ink),224,74
2npJP0YTkykkqjezhA1g8f,Be Real (feat. DeJ Loaf),206,59
2fsULZDbmjjZPtr1PfeBRz,That's on You,210,47
2d8JP84HNLKhmd6IYOoupQ,Trap Queen,222,76
1WoOzgvz6CgH4pX6a1RKGp,My Way (feat. Monty),213,67
3ESSGgWzRf1xvP7G5hHMhB,Again,312,68
1TkWsnheqK0gBtvh07BtNX,$ave Dat Money (feat. Fetty Wap & Rich Homie Quan),290,61
0k6DnZMLoEUH8NGD5zh2SE,Ayo,225,72
5mu1uv8RmzDkF8foePK5qa,Kream (feat. Tyga),166,63
3GW3dMxqIbl14cZtpLRQBy,Splash (feat. Moneybagg Yo),173,57
73xXDeBMlC5cdvWoOLWVLo,Dip (feat. Nicki Minaj),195,57
0srwKuJPH8yBzzFUJMBQM2,Rack City,203,67
0aJ2hFC6e9Z00Lx9RIRNcT,SWISH,194,59
2NRUU0gP1d8Yif8CpsCW8l,Faded,206,55
1sbEeUY8KsdvgiQi26JBFz,POPSTAR (feat. Drake),200,65
1cEhrSF6EylAEqdhUGuNpX,LET IT GO (feat. Justin Bieber & 21 Savage),165,58
12PNcnMsjsZ3eHm62t8hiy,"All I Do Is Win (feat. T-Pain, Ludacris, Snoop Dogg & Rick Ross)",232,35
3DXncPQOG4VBw3QHh3S817,"I'm the One (feat. Justin Bieber, Quavo, Chance the Rapper & Lil Wayne)",288,72
6YdzlsQcyXoWjAykR0rjj3,We Takin' Over,263,30
4F0sMzz8L5EE8ly9o3evIq,Out Here Grindin',261,28
5WyT4OJkN8FlIeTIPWI5xq,I'm So Hood,255,28
0uFvvXbmGIXlf5ZgtHyYpf,Bugatti,269,0
7sjwaBQ6M3aVigYfBjm1sL,Ima Boss (feat. Rick Ross),250,63
6ezg5Mm5UEEi3Oqsbb7Cjn,"Do You Mind (feat. Nicki Minaj, Chris Brown, August Alsina, Jeremih, Future & Rick Ross)",325,59
5dANgSy7v091dhiPnEXNrf,Put On,321,4
0Ss50OU9tCozI7JIywkv14,Soul Survivor,280,66
5264rU21ndum3CYYaSGUUm,I'm So Paid,263,1
5aooThgj87ID0vgiyvcjPM,I'm Goin In,225,64
7qFxSPDUDMQNGBqTvK4aEj,I Luv It,240,61
2JJ5h2I1S0UR4tyD0U1I7K,R.I.P.,199,44
4Onlx3t98YDeu8bM7wRS5K,My President,329,0
5sNESr6pQfIhL3krM8CtZn,Numb / Encore,205,78
4h5KBcltGefua73AUPYps7,Izzo (H.O.V.A.),240,59
0s46SltT4On0Z6kglK1I5c,I Just Wanna Love U (Give It 2 Me),227,58
5ljCWsDlSyJ41kwqym2ORw,03' Bonnie & Clyde,205,70
4LGMSdeKOUoy5Wf75Je0Hl,Can I Get A...,309,61
6gpZSI0xEMTzleBc5ykOVA,Heart Of The City (Ain't No Love),223,60
35srNkJVToAzYiZzron1FY,Young Forever,253,65
0TwBtDAWpkpM3srywFVOV5,Crazy In Love (feat. Jay-Z),235,81
6Iuh3vNjpWhSeHM3RZgzQL,Bam,234,55
7Ezwtgfw7khBrpvaNPtMoT,All The Way Up (feat. Infared),191,62
0B8drtTSp68pZdkmVrG9ZA,Twinz (feat. Fat Joe),228,67
4JPCdSaqs9dJd7RatFSHww,Make It Rain,247,61
27GWWBegMtuzYixG9JTNrW,The Enemy,168,0
04FXF9tLQvYzc9ZWnTpaA3,Get It Poppin' (feat. Nelly) - Serban Main 4/20/05,205,45
4NT8MTxwf9wvZ4Ui36x7O2,Pick It Up (feat. Dre),207,28
3UmaczJpikHgJFyBTAJVoz,Stan,404,82
5W8HXMOMLtXLz0RGKUtnlZ,"Last One Standing (feat. Polo G, Mozzy & Eminem) - From Venom: Let There Be Carnage",257,66
4hEl2wrneFEJbJ6SDYWd2f,Not Afraid,248,0
23wfXwnsPZYe5A1xXRHb3J,The Way I Am,290,74
7BMO7O7ImjV8HNTH74Tshv,Cleanin' Out My Closet,297,73
6UaRii9AH6Zss9xNMEQ2M9,Love The Way You Lie,263,0
7n8UWYTawkrcC1KBsY5XRc,Beautiful,392,0
4woTEX1wYOTGDqNXuavlRC,Superman,350,83
6CN3e26iQSj1N5lomh0mfO,Like Toy Soldiers,296,68
7bHT9osSq1rwT2yaImzqCi,No Love,299,70
0xzEDBVP6SmgByZePlbUvT,We Made You,269,0
15qrWkkYCfmtu1uRpGf48L,White America,324,64
0HNAPf0cLMkVQfwPl74kF3,Ass Like That,265,0
72i5s3SBDEkaRUOgUTlkfO,In Your Head,182,0
3ORfa5ilEthp2U0TRcv7kv,Patiently Waiting,288,62
5D2mYZuzcgjpchVY1pmTPh,Candy Shop,209,81
0x3TibRgnSqzkcwrqBd4iX,Down On Me,228,73
2lMg3lCMOGistaWBNGjuT3,Blow the Whistle,163,65
3XabgBQYC7H80agKcAq83Y,Shake That Monkey (feat. Lil' Jon & The EastSide Boyz),278,55
1ei4Cg4zYN2y17CAvjETSM,So You Want to Be a Gangster,244,49
7nR3jmYBf3e9TEf6zpJiZb,Bossy,273,4
4K45MZQw6oVl9PUiouVoED,Gangsters & Strippers,199,45
5vIu19A3EEdHgFM4Cba6F4,Choices (Yup),272,52
1eRyWRvO3RE6AlKhvYhTuX,Act A Fool,272,50
1WtTLtofvcjQM3sXSMkDdX,How Low,201,61
4KTtYhxFtFL7mBwnjkKfLm,Glamorous,246,70
3nMb7ToWIxYvmaIG20z6ux,Tonight (I'm Fuckin' You),232,65
7i7UIbm5E0DD7aSOYvwp2v,Oh (feat. Ludacris),256,65
1CdqVF1ywD0ZO1zXtB9yWa,Break Your Heart,186,70
26liGJfeDiHLVn0qTETkt1,Blueberry Yum Yum,235,61
3njpLvANriMsdv3dgADEad,Get Back,270,61
2CtCwQhY0ZLvr8L2l8Bo6e,Stand Up,213,62
6VixoRqnikN4QqegoKUSbH,Pimpin' All Over The World,329,54
7x6SuiiH3fcrsAgfkp2OwQ,Sugar (Gimme Some) [feat. Cee-Lo & Ludacris],245,54
2oN4q66KUcOnWO86FVyctY,Vitamin D,261,40
0MoRTalVQ1zPdR5HucLJrP,Sunshine,199,0
46XvcuEZFFInDilbYUNHBn,Say I Yi Yi,272,57
1Epb6Kfe3GTgKrrWs1Y4Wy,Badd,225,58
5U1lQBg8zLFZCv9UzU6Noh,Shake,241,54
5Sw4NiI7SniktcUwPweTvs,What's Happenin!,259,47
4QEoAZj6fVeSHj9ti2JpN8,Naggin',263,42
5PsP6R5YDRh5IaqAey04AA,Jigglin,204,20
5a4AQWs84xeEyYUd1iC2Pn,I Think They Like Me - Remix,282,51
4o568kdkDntTDuQTJfMIxa,Ridin' Rims,323,43
5Rkbnhwkb6oiqq1HQcXirN,Rubber Band Man,347,53
3CcvahnsiArpTHYQEWV2Au,Bring Em Out,216,64
4NeOWqHmlrGRuBvsLJC9rL,My Love (feat. T.I.),276,76
0CAJdthKDdRjB2h8YOguN6,What You Know,274,65
3fpTMuD1u3gJlVI4FadVHs,Fancy,319,73
4LE8fR53Pjd6xmHBUlxArg,Top Back,282,53
2OqYarizUUGzSSNHPrDEii,Shoulder Lean (feat. T.I.),258,57
5tEbnKMOMK8LLoOIsEkWRr,Big S**t Poppin' [Do It],287,51
33j4CLU9UyRjO63ry5J61Q,24's (Vocals Only),282,56
2kNtAwWATYkqV3CdT20RV0,Swagga Like Us,327,52
2SuMoyOaAVBg5AzfKyZaKV,U Don't Know Me,243,51
323Tzd2yjV4pifrVAajafb,Hood Nigga,200,60
6XIiqQp6A0gzaIEaDszkZX,Lost,287,51
6g7bQ8qabCjVQQj2giiYZZ,I Got It (feat. Big Block),243,49
7wuh65sqmWBJRsjhmOM3Wl,Juice Box (feat. Yung Joc),249,46
7zLFQs7K5DSsRTJi1lJQdd,I'm Dumb,296,27
5krOROgmf8adn3SJzeKLZy,Back Then,244,58
7r8KGFyID2uExN5FupG4AT,Flossin' (feat. Big Moe),191,52
5jfdZRtygUxV50rsbIF5zj,"Cuddy Buddy (feat. Lil Wayne, T-Pain & Twista)",278,44
4tIPgKJa5DVpJqu7GvH4gU,Screw Dat,199,37
6giYNaycmjkbf7UmZ6RGtL,"I Know You See It (feat. Brandy ""Ms. B"" Hambrick)",241,54
2IBF9lQ9lgVai8LkskI5L7,Get Like Me,224,58
6Rlf0CM4DEKOyxsxeVMq6w,Me & U (Remix) [feat. P. Diddy & Yung Joc],287,50
1AKIrNGGllZmEbh9BbEx0O,Bottle Poppin' (feat. Gorilla Zoe),299,28
07u02f6biDHx5VexfAs41b,Some Cut (feat. Cutty),283,54
22X6L7nd5rV36isOrn4hnY,Neva Eva (feat. Lil' Scrappy & Lil' Jon),276,44
57rjJ54Tu3pXI2X4owPg51,Cutty Buddy,275,34
76dZuMVXjIyLPRLv00skGd,Rock Yo Hips,226,55
1bWFvGIN7b5cTps09X6tZ8,Stilettos (Pumps),202,41
6YTp4sUEi3oWNToQvOjke6,Money in the Bank (feat. Young Buck) - Remix,233,50
4X0gLfG9AtY5Kja1Ejbz51,No Problem,214,51
44K6XKn212DOseP82tWXPS,Oh Yeah (Work) (feat. Sean P. of YoungBloodZ and E-40),276,41
1KW8BTLgbRCTH8pzUmboLE,Betcha Can't Do It Like Me,220,40
05cA5ezq5ChgS4DBbQ3jyk,Tatted Up,233,5
6MnFB3qurhmGs1xdjrz5Bg,A Bay Bay - Single Version,257,0
63XXvHR6FfiRDk5lKNNCMI,Halle Berry (She's Fine) (feat. Superstarr),281,51
6V5r8IMSL7wTZlFmi8AjR0,The Hand Clap (feat. Big Poppa & Hollyhood Bay Bay) - MAIN,261,42
4kmIO0yPq92dXtKCL28RfC,Never Scared (feat. Killer Mike & T.I.) - Club Mix,316,54
24PWKmemCvqfyVXODhoKHW,Sittin' Sidewayz (feat. Big Pokey),228,59
3xhTCpyWpZJ6z5miHy8TRF,Break Em' Off (feat. Lil' Keke),291,46
3YQjgTpUVNWvpYeb2mtTF7,Grillz,271,54
3HkMNtOIciULbIrsxyl1mq,Pourin' Up,288,46
5k38wzpLb15YgncyWdTZE4,Him & I (with Halsey),268,78
6KI1ZpZWYAJLvmVhCJz65G,You Don't Own Me (feat. G-Eazy),201,76
5tz69p7tJuGPeMGwNTxYuV,1-800-273-8255,250,75
27NovPIUIRrOZoCHxABJwK,INDUSTRY BABY (feat. Jack Harlow),212,77
1XXimziG1uhM0eDNCZCrUl,Up,156,68
0W6I02J9xcqK8MtSeosEXb,Get Into It (Yuh),138,76
4Oun2ylbjFKMPTiaSbbCih,WAP (feat. Megan Thee Stallion),187,77
794F99D5BQHS5ZGRXAs7I5,Anaconda,260,66
58q2HKrzhC3ozto2nDdN4z,I Like It,253,77
10I3CmmwT0BkOVhduDy53o,Really Really,232,68
0WSEq9Ko4kFPt8yo3ICd6T,Praise God,226,74
2gZUPNdnz5Y45eiGxpHGSc,POWER,292,78
22UDw8rSfLbUsaAGTXQ4Z8,American Boy,284,3
31I3Rt1bPa2LrE74DdNizO,Flashing Lights,237,1
5SkRLpaGtvYPhw02vZhQQ9,All Falls Down,223,83
22L7bfCiAkJo5xGSQgmiIO,All Of The Lights,299,79
2dxjKgT0li4qBI3QwuN9Ih,Touch The Sky,236,75
2MIBAmYwiuGoKUlpq9B9sZ,Can't Tell Me Nothing,271,0
5g1vtHqi9uV7xtYeCcFOBx,Jesus Walks,193,72
6Xgq7MvZiet0hVi3KaDSgJ,Holy (feat. Chance The Rapper),212,66
5R2rsbwCDXORX2tLfprRmM,Yacht Club (feat. Juice WRLD),166,70
5IFCyWplye09HytIP80RCF,Too Close,259,68
1NNDZc9BHaWe9JqIsPRlNV,Wifey - Club Mix/Dirty Version,243,60
5XlYPZ7XNkWw4kxgZXM9wk,Weedman,237,40
19gW8vZzd0rxCW85O2rbkW,Fuck The Money,348,17
4TboAbE2pCUUB0fk6Q9rUU,I Used to Love H.E.R.,278,50
7o9KG7iQY8KACz7PZXYpyv,We Don't Have To Take Our Clothes Off,293,59
68wXv4DokvcOVNvuJ7FbWp,CUT EM IN (feat. Rick Ross),177,52
3XC7PIZGrna52zyFDXp48L,Fuck My Job,174,0
03tqyYWC9Um2ZqU0ZN849H,No Hands (feat. Roscoe Dash & Wale),263,77
43TP6JCWXgkc2D7Xjz5hBr,RAP DEVIL,281,53
2CWgsjHSIz6cNFiueadyQs,clown (with Trevor Daniel),148,0
0NmuYnjETG3u3qx0OmEJev,Lil Bit,195,63
3Ofmpyhv5UAQ70mENzB277,Astronaut In The Ocean,132,73
2bBClS4zzrRd4Aj59NaKSv,Super Gremlin,200,0
2XU0oxnq2qxCpomAAuJY8K,Dance Monkey,209,75
1xznGGDReH1oQq0xzbwXa3,One Dance,173,27
02MWAaffLxlfxAUY7c5dvx,Heat Waves,238,13
7FGvAPKP5rn0JnWn6qLqVP,Sticky Icky,222,21
2jGUAB6hKlzK0pZmZpQ02g,Be Faithful,214,51
1JeRFLoIpWHUgYogZCNUPY,What Would You Do?,175,0
5Mmk2ii6laakqfeCT7OnVD,Thong Song,253,71
3eFBLpdod3HTbTCxzxVKYK,Hoochie Mama,180,0
0wfuwgtWKZYRYAONxXPjPO,Tootsee Roll,256,0
4GUQGTQbrpLj13OM1fYnP6,Bling Bling,314,0
6m59VvDUi0UQsB2eZ9wVbH,Poison,261,72
3flAV51ACbtIcEixb0QeZv,Hit 'Em Up Style (Oops!),250,47
0v9kGNjkKdQUdDoBIuiph4,My Prerogative,291,61
4wDSLkTUIpRsn3UbCzW9wV,Motownphilly,235,48
4f7i5mGkpmjORhoN77kSch,No Sex,262,25
1Oi2zpmL81Q0yScF1zxaC0,"Bills, Bills, Bills",256,71
4pmc2AxSEq6g7hPVlJCPyP,"Jumpin', Jumpin'",230,71
7H6ev70Weq6DdpZyyTmUXk,Say My Name,271,81
4WxQGUmWBRNovxlF2g8Xdv,The Humpty Dance,391,0
0UREO3QWbXJW3gOUXpK1am,The Fresh Prince of Bel-Air,177,59
6Sh54zHJjnLvpyr5Eom5F9,Let Me Clear My Throat - Old School Reunion Remix '96,290,0
0YneC4nNQEsKCqAGCv1tJK,My Lovin' (You're Never Gonna Get It),281,39
7MQywXGHEev7JmwwIzMcao,Love Like This,275,67
2h2V4peAb0UQDMBAP2H9Ys,Da' Dip (ORIGINAL),231,0
2OawRn0NvWkStuemgdae4i,My Boo - Hitman's Club Mix,346,0
3QRM0qZB7oMYavveH0iEqx,Here Comes the Hotstepper - Heartical Mix,250,68
27AHAtAirQapVldIm4c9ZX,Jump,195,68
1B75hgRqe7A4fwee3g3Wmu,U Can't Touch This,257,73
4ZnKSrukEcPuMxGrcZEEh1,2 Legit 2 Quit,333,50
6QgkOxBXqVRjZ1JcIDbDYY,Booty Wurk (One Cheek At a Time) (feat. Joey Galaxy),235,64
3eekarcy7kvN4yt5ZFzltW,HIGHEST IN THE ROOM,175,84
69WMdZSqdQwFgLVpbMsZ2J,WIN,215,60
3TlFNLjRnslvF7Y5iS34ZA,Pass The Dutch,306,48
6OSmeoh8kXhCfz9WqvzDoJ,Same Girl (with Usher),252,61
1h9BIVDoluv0iZl7ZDBXjw,You Made Me Love You,274,41
5Z3GHaZ6ec9bsiI5BenrbY,Young Dumb & Broke,202,81
6kL0m9YKOaMxdO0sgbeq5H,Couldn't Be A Better Playa - Lil Jon & the Eastside Boyz Feat. T,354,44
0RZXNlGPvfMo54fd6uCvAT,Knuck If You Buck (feat. Lil' Scrappy),205,61
6Nq5lE0CeOAAAqN4qhkbZU,Suga Suga,239,73
6Uw77XfBxwg7VX6mMdqAmT,ARROGANT AMERiCAN FREESTYLE - REMIX,350,23
3FfzdhMWVcjtyKbyuV0L7u,El Chapo,149,14
6x4tKaOzfNJpEJHySoiJcs,Mambo No. 5 (a Little Bit of...),220,77
2yjlYDiNiQkdxVqTlaSrlX,Super Freaky Girl,170,70
0O6u0VJ46W86TxN9wgyqDj,I Like You (A Happier Song) (with Doja Cat),192,81
0hquQWY3xvYqN4qtiquniF,Vegas (From the Original Motion Picture Soundtrack ELVIS),182,77
4cacyP5c3PMlfnyjpg13xW,Betty (Get Money),146,66
6HMtHNpW6YPi1hrw9tgF8P,About Damn Time,191,71
1dI3gIEXZwpdLJOBcdmwj1,Westside Bristol,158,12
6GUiIbJ834FcHewby3PwV0,Breakfast,148,67
3jHBgKdLCf46aP3HRI0WYv,World's Smallest Violin,180,17
29d0nY7TzCoi22XBqDQkiP,Running Up That Hill (A Deal With God) - 2018 Remaster,300,7
11BIoKDpTJHX5mZt6p566h,New Level (feat. Future),267,58
0zj8Xf2PjK2SRPvoinZytS,Ride orDie,156,0
0gljI0CtjpdZK6ecidfxto,Wild Thing,263,61
0GOqNgtK1cXVpVks6oDRW6,For The Record (Dylan Sitts Remix),141,37
5R50a3zfcUAAVy8bjfktDw,Pound,169,0
1DIXPcTDzTj8ZMHt3PDt8p,Gangsta's Paradise,240,85
5vpDsiVqiZLRwKAzQO708k,Fantastic Voyage,334,57
7nukmkMGLjvgBRZu0DTvuK,Get Rich - Remix By Welon,222,29
1sEY2ApoZv6NnxqL8niytl,What Is An MC,240,0
3TidJUS4FxxHgy1cBMymHF,Money (Dollar Bill Y'all),284,0
31bf9SEOppLU6lQ85d8om6,Ghetto Supastar (That is What You Are) (feat. Ol' Dirty Bastard & Ma),261,68
4NZrZgrRoR4GwR7flWOXRI,Go Fuck Yourself,129,74
1pNN9kkePpNFl9LYeYZ5af,"Tell Tell Tell (Stop Snitchin') (feat. Mr. Bigg, Lyfe Jennings & Young Jeezy) - Explicit Album Version",243,27
2H1047e0oMSj10dgp7p2VG,I Gotta Feeling,289,76
0xmjwnQ3FNE6HuWCt2nHdZ,Where Is The Love?,272,81
3JA9Jsuxr4xgHXEawAdCp4,Just Cant Get Enough,219,80
2ygMBIctKIAfbEBcT9065L,Pump It,213,78
3F9ByoUqu31xU0I3G5xfVg,Meet Me Halfway,284,77
20jYtEun4dUdYZ9foaOC48,My Humps,326,70
3oDFtOhcN08qeDPAK6MEQG,Boom Boom Pow,251,70
4hfIVhq0F0zFUcrbecsYmo,Let's Get It Started - Spike Mix,217,74
0oJMv049q8hEkes9w0L1J4,Imma Be,257,65
5MzjQ95rdB2xt9DNa2IzaC,Don't Phunk With My Heart,239,64
7K8XoQXZBffc4xG2xIQHMO,Rock That Body,268,61
0Pu71wxadDlB8fJXfjIjeJ,Shoop,248,71
7sJN693sYKEIEMu7fc5VnJ,Whatta Man,308,65
6hTBP6QLwJdxbKyLlLXrGo,Let's Talk About Sex,213,61
1ei3hzQmrgealgRKFxIcWn,In The Stars,216,87
3qDbBtbRv6eBls6q51pAL7,Ugly,155,67
3nqQXoyQOWXiESFLlDF1hG,Unholy (feat. Kim Petras),156,81
7kOEAYqtX7OjQhNxQT4bPI,Talk To Me,147,37
6zSpb8dQRaw0M1dK8PBwQz,Cold Heart - PNAU Remix,202,83
4ZtFanR9U6ndgddUvNcjcG,good 4 u,178,85
4fouWK6XVHhzl78KzQ1UjL,abcdefu,168,77
463CkQjx2Zk1yXoBuierM9,Levitating (feat. DaBaby),203,70
37BZB0z9T8Xu7U3e65qxFy,Save Your Tears (with Ariana Grande) (Remix),191,80
0sf12qNH5qcw8qpgymFOqD,Blinding Lights,201,15
6UelLqGlWMcVH1E5c4H7lY,Watermelon Sugar,174,87
6WrI0LAC5M1Rw2MnX2ZvEg,Don't Start Now,183,75
3DarAbFujv6eYNliUTyqtz,Kiss Me More (feat. SZA),208,81
0nbXyq5TXYPCO7pr3N8S4I,The Box,196,83
0TK2YIli7K1leLovkQiNik,Seorita,190,77
14msK75pk3pA33pzPVNtBF,7 rings,178,0
1rqqCSm0Qe4I9rUvWncaom,High Hopes,190,83
7qiZfU4dY1lWllzX7mPBI3,Shape of You,233,86
7BKLCZ1jbUBVqRi2FVlTVw,Closer,244,85
0d2iYfpKoM0QCKvcLCkBao,Eastside (with Halsey & Khalid),173,74
3ibKnFDaa3GhpPGlOUj7ff,Let Me Love You,256,74
04aAxqtGp5pv12UXAg4pkq,Centuries,228,81
24YvUQnuPL8gObCfSnAobH,"Hey, Soul Sister",216,0
3U4isOIWM3VvDubwSI3y7a,All of Me,269,86
50kpGaPAhYJ3sGmk6vplg0,Love Yourself,233,84
3zkWCteF82vJwv0hRLba76,Stitches,206,81
6RtPijgfPKROxEzTHNRiDp,Rude,224,83
2tJulUYLDKOg9XrtVkMgcJ,Grenade,222,77
0fioLzGM8ngbD1w6fMmm45,I'm Not The Only One,239,0
19O4dTFbBFSdNuGSigy1p4,Walter White,163,10
7f2HHmhlbdkW5f9Ge26qny,WAM,157,60
5PtMwNq8Dp31uYdGGacVJE,Oxy Cotton,193,55
6M3tbJcqQDOrTE9EbataIr,My Smokin' Song,217,42
0LzrhCZFXW94Y8nwtTuRlw,Hollaback Girl,199,72
419BgOz6TVQm8vvgiwXq5X,Mexican Radio,284,64
0yLdNVWF3Srea0uzk55zFn,Flowers,200,24
3RKjTYlQrtLXCq5ncswBPp,"Hey, Mickey!",115,72
37F7E7BKEw2E4O2L7u0IEp,Limbo,169,76
7DbdUf8aHSYoliSjO6LZv6,"Sex, Drugs, Etc.",196,77
3oiMJQAWVaxSubJ7b2VUtX,Fancy,199,68
7pNC5ZIKtwUK0ReSpM3P9f,Black Widow,209,66
2iJuuzV8P9Yz0VSurttIV5,Scream & Shout,283,79
4DvhkX2ic4zWkQeWMwQ2qf,Like A G6,216,70
2CEgGE6aESpnmtfiZwYlbV,Dynamite,202,76
7ElF5zxOwYP4qVSWVvse3W,Break Your Heart,201,70
0IkKz2J93C94Ei4BvDop7P,Party Rock Anthem,262,69
0obBFrPYkSoBJbvHfUIhkv,Sexy And I Know It,199,63
1NpW5kyvO4XrNJ3rnfcNy3,Wild Ones (feat. Sia),232,80
3bC1ahPIYt1btJzSSEyyrF,Whistle,224,78
6ebkx7Q5tTxrCxKq4GYj0Y,Club Can't Handle Me (feat. David Guetta),234,79
0HPD5WQqrq7wPWR7P7Dw1i,TiK ToK,199,85
7EQGXaVSyEDsCWKmUcfpLk,Die Young,211,78
1hGy2eLcmC8eKx7qr1tOqx,Beautiful Girls,225,80
0qOnSQQF0yzuPWsXrQ9paz,Stereo Hearts (feat. Adam Levine),210,80
2Lhdl74nwwVGOE2Gv35QuK,Cupid's Chokehold / Breakfast in America,243,80
1MtUq6Wp1eQ8PC6BbPCj8P,I Took A Pill In Ibiza - Seeb Remix,197,66
2V4bv1fNWfTcyRJKmej6Sj,Cooler Than Me - Single Mix,213,78
01oPNCtTniFT3YM4K3ksTf,Opposite of Adults,191,54
3wQaW4rEZe7AaDrlrX4eDy,Buzzin',212,55
4U5CjTT6uObhD2vwnD4zOF,Corona And Lime,236,51
4faiJXyBflUVVOOE9fxbeg,Tie Me Down (feat. Ray J),178,50
1fidCEsYlaVE3pHwKCvpFZ,Am I Wrong,245,77
2qPUnoasNe4Ep43emVXEig,Billionaire (feat. Bruno Mars),211,72
2xH94bp1TPSMPPPnnSwIGL,Floats My Boat,206,55
1akgiRM3mN2nxu2AX6ACCW,I Love College,241,57
5x5jOIv5ezHVlVFC6dFq6R,Smell These Roses,242,49
2tN2Kvzm2ITh1jnMKjjWBZ,My Dick,180,51
4vzvI7mWo9xvlDnlJQTB6U,Rump Shaker - Modern Pop Workout Mix,301,0
2TVWQ8xDTLvjimMSqW3F96,Back to the Hotel,304,32
0lSCiYLez4KwmOGS1HKb7t,Baby Got Back,261,0
4DCHUu9qgrtFIY5o184J6z,Whoomp! (There It Is),235,0
6dBQ5asGzaKH9313wBxvIz,Slam,217,0
3gTBF9aB9MVCy9ejLo8HJJ,Don't Drop That Thun Thun,202,13
0PT7nlpo11hYYyfnBgtilT,Nasty Freestyle,142,58
2znzyzlAUc8Z1Ikq9aFOcx,Tuesday (feat. Drake),321,0
61LtVmmkGr8P9I2tSPvdpf,Teach Me How to Dougie,237,69
5RIVoVdkDLEygELLCniZFr,Watch Me (Whip / Nae Nae),185,65
0pSBuHjILhNEo55xK1zrRt,Rolex,238,68
7k6IzwMGpxnRghE7YosnXT,Me & U,192,77
2ndnVdR8si7CW9T8vJRHyW,Move Ya Body,232,68
0tYPj0NYa7vjlJaqlRSnJb,Chain Hang Low,207,57
0AA6zq5ArZ1sSH7VIMi4NK,This Is Why I'm Hot,253,58
6REZUx5kZ8H8RRnIlKgINi,About Us,203,41
4OikxHAgM14El0wQIyyhP8,Love Me Or Hate Me,209,45
5kGCh49aqeRMkEOhQ9mcrW,Party Like A Rock Star,253,44
2IpGdrWvIZipmaxo1YRxw5,Bottoms Up (feat. Nicki Minaj),242,0
2s0ouHqJebHfiQ6C1GUFJd,Milkshake - Radio Mix,182,57
6Z8R6UsFuGXGtiIxiD8ISb,Safe And Sound,192,84
4ycLiPVzE5KamivXrAzGFG,Fuck You,222,67
6HZ9VeI5IRFCNQLXhpF4bq,I Love It (feat. Charli XCX),157,75
01XFgRZfZI7oBagNf1Loml,Harlem Shake,196,56
4OjuzM3rTWp3q60mEldNSF,Hit the Quan - Original Version,181,56
6ZSO7kPn8IMJFymyticbJO,Gold,225,62
0s9A4pUBLw68E76vY8LU9K,My Baby,221,34
5r29mFrurlVBbqJzjr2XW6,"My Neck, My Back (Lick It)",222,60
563vSy3HB5NHxel1VGQCW6,Still Fly,335,64
