userid,username,password
00000000,paudork5664,cheese6126
00000001,micprince,maker9195
00000002,travvypattybadminton6228,footbol7689
00000003,creator1523,car7189
00000004,sir1730,foo3862
00000005,badminton9281,baseball8478
00000006,littlerelax2895,cheddar1200
00000007,footbolmajor6492,sir7570
00000008,tennis1011,mr3415
00000009,cheddarrunner9627,lizard8795
00000010,fishgrape4015,baseball5109
00000011,soccermaker,dork9216
00000012,relaxfighter,coffee3761
00000013,lil9996,cheese7403
00000014,tennisbear,obsessor6271
00000015,travvypattycoffee,leopard2291
00000016,goblingoblin2783,obsessor266
00000017,branch8237,lil4878
00000018,badminton2223,farm6796
00000019,slayer2343,fan1771
00000020,fishumbrella,joe2086
00000021,farmmic,moon2319
00000022,cheese5544,pau1653
00000023,mrbear,little8585
00000024,majorgoblin3065,coffee3044
00000025,sirbanana2321,miss1054
00000026,joedork,badminton4758
00000027,fightertiger5896,gobbler5977
00000028,miss9896,banana4533
00000029,littlehome6974,pau1002
00000030,missmaker,banana6116
00000031,relaxfootbol,car8135
00000032,fanbrick,glizzy3917
00000033,obsessor4445,ber5884
00000034,football7622,coffee4036
00000035,baseballlol,cheese6052
00000036,gooberknight,miss2834
00000037,cheddar3147,footbol4343
00000038,carmother6432,football7575
00000039,micbanana5613,creator9558
00000040,squirrelglizzy,king4288
00000041,fighterrunner,banana4511
00000042,farmbranch1588,baseball2173
00000043,joetravvypatty482,relax3515
00000044,footbolmr,jac2023
00000045,knightlil1684,mic5774
00000046,lollizard,glizzy578
00000047,mothermic,car1190
00000048,mother8125,brick7772
00000049,mother2478,foo6999
00000050,joeprincess,footbol4400
00000051,lit6752,fighter4534
00000052,brick4565,tiger7132
00000053,joesoccer8308,maker611
00000054,knightprince,brick4668
00000055,sir3156,fan1074
00000056,mother7764,hummus4474
00000057,creator6972,car1805
00000058,mother2558,foo4179
00000059,creatorbadminton8397,jac1381
00000060,grapefootbol3217,jac4233
00000061,litlil,moon8661
00000062,runner7263,foo1830
00000063,loverparm,creator7863
00000064,car7579,hummus2920
00000065,fighterlit2281,mic2479
00000066,travvypattydork4105,coffee8977
00000067,missbrick,relax4166
00000068,travvypattybanana7434,jac2019
00000069,paumother,cheddar8281
00000070,brickgobbler,ber6886
00000071,farmcheddar9034,creator9701
00000072,sirbear,goober3426
00000073,fishtravvypatty,leopard468
00000074,kingfighter,cheddar6149
00000075,squirrel7122,ber5983
00000076,carhome,grape922
00000077,micobsessor,miss9685
00000078,sirdork,sir9294
00000079,cheddarumbrella,home8183
00000080,goblinfan4660,sir2863
00000081,lolcheddar6917,dork4284
00000082,coffeegoober,leopard4791
00000083,homeprince,miss1972
00000084,cheddar1667,moon593
00000085,knightfootball2146,lil7965
00000086,coffeefarm,football5490
00000087,dork5806,farm8393
00000088,badmintonknight,footbol2739
00000089,slayerbranch,cheese8937
00000090,umbrella4235,tiger3864
00000091,pau7371,cheese8897
00000092,cheddar82,umbrella1397
00000093,homejoe,squirrel8071
00000094,baseball106,travvypatty1403
00000095,princesoccer,car3973
00000096,mr3786,banana2712
00000097,mrleopard,slayer9305
00000098,soccerrunner,prince7482
00000099,fighterknight,mic9480
00000100,farm2868,joe4973
00000101,squirrelumbrella,branch3366
00000102,fish4624,joe9908
00000103,pau8481,umbrella8595
00000104,knight1340,moon6324
00000105,dorkfootball,runner2817
00000106,mrcheese,branch3124
00000107,farmlizard1544,parm522
00000108,coffeefan,branch2697
00000109,loverslayer244,destroyer163
00000110,homecreator3160,moon8449
00000111,cheesesquirrel,coffee3661
00000112,mic7520,baseball8899
00000113,branchber,cheese1439
00000114,major6271,goblin7760
00000115,ber8456,miss3084
00000116,makerjac,tiger5834
00000117,baseball8328,branch2348
00000118,maker7566,squirrel5202
00000119,lolsir,dork3396
00000120,lilber,travvypatty3542
00000121,footbol2082,dork8893
00000122,brickmajor8734,lil4317
00000123,runner7199,foo5954
00000124,soccerfootbol519,goblin6543
00000125,lolmajor,foo4632
00000126,missobsessor3333,banana2319
00000127,knight8792,footbol6470
00000128,lizard7788,badminton5843
00000129,branchparm,bear5638
00000130,mother9068,goblin7970
00000131,foohummus3698,baseball3889
00000132,bertravvypatty,parm8758
00000133,footballber,cheese34
00000134,lit7117,travvypatty9079
00000135,pauprince,lit6121
00000136,cheddar91,prince6077
00000137,slayerjac,lol9228
00000138,leopardcar,slayer889
00000139,homeprincess,dork1756
00000140,lizardmr815,lol4036
00000141,lizard9617,tennis6125
00000142,paucreator7739,glizzy6018
00000143,fishjoe1318,relax4236
00000144,homemoon,fan9508
00000145,prince8104,squirrel6855
00000146,majorslayer,mother8486
00000147,umbrellaprince8988,creator1871
00000148,destroyer6355,goober2637
00000149,branch3574,slayer8427
00000150,tennis9683,jac7843
00000151,glizzytiger9649,bear1507
00000152,goblin9212,dork5614
00000153,mothercoffee6730,dork215
00000154,littlesquirrel,gobbler6546
00000155,lizardjac,gobbler8520
00000156,foofootball,lol6561
00000157,soccer4164,relax4304
00000158,sircar,football6733
00000159,runnermajor2930,princess9325
00000160,hummus324,tiger515
00000161,gooberlover,umbrella2576
00000162,baseball4725,mr3143
00000163,lilgobbler9552,destroyer411
00000164,goblinbranch7915,moon8042
00000165,pau8235,pau4490
00000166,loverrelax,goblin1497
00000167,princessfarm2017,home2068
00000168,goober4393,coffee6893
00000169,parmsir,glizzy2679
00000170,squirrellol,fan9629
00000171,sir4618,parm5158
00000172,goblinprince8218,leopard8291
00000173,badmintonfootball2671,badminton7070
00000174,micbrick,parm7691
00000175,princessmoon,relax7550
00000176,fish7028,knight3673
00000177,squirrelmother,runner1375
00000178,relaxdestroyer6445,lil8963
00000179,squirrelsir7225,bear1006
00000180,sirfootball,travvypatty208
00000181,branchcar2698,hummus4445
00000182,joe7940,prince6076
00000183,fanfootbol2988,ber4968
00000184,coffeegobbler2807,gobbler8994
00000185,princessber,squirrel2868
00000186,cheddarbranch,football8664
00000187,princess5788,tiger928
00000188,lol1082,mr8982
00000189,missrelax,major6484
00000190,brickfighter1804,little3849
00000191,parmobsessor3787,home2358
00000192,dorkcheese6891,cheese9538
00000193,goblinfan,badminton1552
00000194,berlit6406,soccer9768
00000195,bananatravvypatty,dork6330
00000196,homebear7881,goblin1029
00000197,lover7915,fan905
00000198,creatordork5825,tiger7137
00000199,major6060,cheese3351
00000200,gooberbrick,dork2705
00000201,cheesesquirrel3065,pau6115
00000202,destroyer5792,leopard9204
00000203,sirmoon,baseball9502
00000204,gooberlover6746,miss9733
00000205,lil407,king6505
00000206,footbol6357,ber2270
00000207,king4740,lit7630
00000208,hummusgrape,tennis8119
00000209,obsessorfish,footbol6447
00000210,makerdork,lover7850
00000211,soccer9681,slayer6625
00000212,goblinpau6580,cheddar6227
00000213,cheddar4874,home2630
00000214,fanfootball,lil45
00000215,gooberfarm,maker6645
00000216,leopard2402,cheese5427
00000217,footbol6702,cheese1369
00000218,foo4570,maker5087
00000219,fishmother,footbol9737
00000220,umbrellalil9367,hummus9180
00000221,travvypatty5547,umbrella5037
00000222,destroyer6012,leopard2501
00000223,knightmic,home7642
00000224,bear4009,football5350
00000225,travvypattymajor8081,car5356
00000226,brickdestroyer5137,lover6207
00000227,gobblerdestroyer1434,coffee9317
00000228,makercoffee,tiger2021
00000229,mrknight,foo1201
00000230,dork6057,goblin3446
00000231,bananalover,lil8845
00000232,lilbear,major6536
00000233,loverbadminton8989,goober8837
00000234,slayerhummus5938,leopard467
00000235,knightjac,little3805
00000236,litgobbler3416,lit3016
00000237,lizard5901,miss5213
00000238,lit1237,farm1281
00000239,glizzy324,cheese4505
00000240,fightercheese2310,footbol7945
00000241,creatorbadminton4249,grape7546
00000242,glizzymother9970,football649
00000243,lizardknight7904,creator7963
00000244,cheddar9479,brick9475
00000245,badminton488,mr4101
00000246,bananamaker,football3682
00000247,fish6153,moon4567
00000248,footbollittle,miss4753
00000249,princess8107,car1018
00000250,badminton9963,destroyer256
00000251,farmlizard8667,joe8794
00000252,homecheese5233,mic5313
00000253,baseball7880,obsessor2087
00000254,princecar849,lizard5741
00000255,banana7225,joe2283
00000256,leopardhummus6480,travvypatty8959
00000257,cheddar5624,fighter2676
00000258,car656,slayer4793
00000259,creatorumbrella8140,leopard9681
00000260,gobbler1025,tennis1556
00000261,mothercoffee9520,lover7152
00000262,knight2566,grape4878
00000263,obsessorgoober,bear4440
00000264,slayerfootbol4270,farm6701
00000265,paulit,ber5410
00000266,baseball2186,lit1043
00000267,pau3685,lover2295
00000268,fan3753,umbrella4908
00000269,mr1122,creator2067
00000270,home1484,footbol1414
00000271,moon7980,footbol3319
00000272,branch3059,maker1774
00000273,missfoo1230,prince741
00000274,footballcreator1917,travvypatty8570
00000275,cheeselizard2532,mic1931
00000276,destroyerlol887,badminton9346
00000277,leopardcheddar,badminton9605
00000278,badminton9855,lizard2209
00000279,coffeemoon,hummus5085
00000280,bananalol,grape5484
00000281,runnerleopard,mic4501
00000282,glizzycreator4007,pau2515
00000283,branchmiss,lol5747
00000284,micslayer3481,prince8102
00000285,mic520,knight6161
00000286,goblinmr9215,tiger9635
00000287,lol7288,prince2560
00000288,cheeseleopard9776,home7450
00000289,hummusgoober,parm9167
00000290,squirrelfootball4536,umbrella922
00000291,baseballparm2488,mr7801
00000292,moonmoon9661,lol8414
00000293,loverber,glizzy2776
00000294,jacking9909,travvypatty8193
00000295,branchglizzy,travvypatty6042
00000296,baseballhome1680,bear9646
00000297,leoparddork7551,runner854
00000298,umbrella9338,king4865
00000299,grapefish2226,mic2355
00000300,tennismajor8809,knight9644
00000301,car4946,lizard3700
00000302,fanmother6915,lover8869
00000303,bananasquirrel,banana958
00000304,slayertravvypatty,grape1967
00000305,fishking,slayer3886
00000306,grape2386,little7047
00000307,squirreltravvypatty,tennis2135
00000308,destroyerhummus6641,knight7876
00000309,badmintonber5010,lit4442
00000310,micber,cheese4389
00000311,badmintongoblin,mic5204
00000312,obsessorrunner2858,runner6902
00000313,knight8076,squirrel3636
00000314,little2100,badminton3493
00000315,runnerbrick,dork2345
00000316,jacsquirrel1441,destroyer2606
00000317,mrmajor4386,bear5822
00000318,gooberfish2060,king8534
00000319,tennis2633,bear4282
00000320,fanfootbol113,badminton7607
00000321,branchcoffee,miss724
00000322,branchbadminton5346,princess9654
00000323,mr4940,brick7394
00000324,relaxobsessor2773,tiger9328
00000325,fighter3067,branch382
00000326,footboltiger9627,ber158
00000327,lizardprince929,mr4027
00000328,fishking5829,moon3557
00000329,bananahummus7055,tennis1430
00000330,travvypattybranch,gobbler8802
00000331,knightmr,fish4045
00000332,micgoblin1719,bear2015
00000333,berfootbol,lizard3310
00000334,foo2114,squirrel5963
00000335,soccerlit,cheddar848
00000336,runnerslayer7912,sir2648
00000337,jacobsessor3798,farm482
00000338,misssquirrel7797,bear5886
00000339,footbol8533,dork4343
00000340,soccerhome2006,lizard7537
00000341,princess313,brick9258
00000342,micjoe,king616
00000343,fishrunner,miss1161
00000344,joebranch7669,relax8495
00000345,moon5215,runner45
00000346,hummus5859,soccer5629
00000347,kingrunner,king9883
00000348,litprince,squirrel5022
00000349,badmintonsquirrel5690,fish4976
00000350,baseballbear2002,joe908
00000351,carmic8090,maker595
00000352,fighter3782,prince4834
00000353,runnerfan,cheddar6677
00000354,tennisprince,knight3238
00000355,knight9793,king3103
00000356,fighter9087,moon8930
00000357,sirtravvypatty,dork3854
00000358,lilmoon256,farm5169
00000359,moon3431,mic2806
00000360,fightersquirrel,fighter3646
00000361,brick8338,slayer8614
00000362,umbrellafan,baseball680
00000363,mr1587,travvypatty6080
00000364,joe6014,lol4971
00000365,little4270,princess451
00000366,paudork,branch1636
00000367,glizzymother,moon1313
00000368,tennis8320,parm656
00000369,coffee4195,little5673
00000370,little5842,fish190
00000371,runnermaker,branch6610
00000372,makerjac9730,hummus1744
00000373,lilcreator3417,umbrella7721
00000374,squirrel5105,destroyer5866
00000375,banana8944,bear4843
00000376,sirfootbol,ber3049
00000377,lizardobsessor,princess8966
00000378,kingdork2374,moon5786
00000379,littlefoo,lil1131
00000380,tennisber,footbol7964
00000381,knight1498,runner6160
00000382,miss629,lit7601
00000383,badminton2404,ber278
00000384,foo343,jac7657
00000385,sirslayer,bear6245
00000386,kinghummus8122,car4666
00000387,baseballsoccer7217,hummus4164
00000388,badmintonmother1987,banana6815
00000389,moonleopard5809,glizzy6282
00000390,glizzy6344,dork2384
00000391,maker43,fighter9186
00000392,fanmajor5629,leopard1891
00000393,moonsquirrel1999,dork8117
00000394,gobblerrelax5217,lol3218
00000395,goblin1631,jac4091
00000396,dorkcar,squirrel9741
00000397,farmparm282,ber4953
00000398,grape4857,bear543
00000399,travvypattylol,mother6502
00000400,mooncoffee,sir1561
00000401,princesslittle,creator3057
00000402,hummusrunner7924,mother6186
00000403,mic5803,king5539
00000404,fishsoccer9832,mother8529
00000405,umbrellamiss3878,gobbler1126
00000406,banana13,lit118
00000407,mrbranch724,moon8274
00000408,lit9522,car4749
00000409,cargoober,leopard5573
00000410,slayercreator8497,creator6614
00000411,cheddar1333,fan5813
00000412,king8994,miss463
00000413,foo5630,goober1340
00000414,coffee7358,miss2692
00000415,runnerfoo,travvypatty9475
00000416,foo7220,soccer2552
00000417,bananacheese5854,glizzy758
00000418,fanbadminton7786,ber3332
00000419,relax3833,branch9602
00000420,grapecar9496,grape7653
00000421,king8213,banana3044
00000422,hummusfish,badminton9715
00000423,runnerrunner,foo6478
00000424,brick2882,jac42
00000425,hummus8519,pau8925
00000426,coffeegobbler4660,foo7447
00000427,umbrella664,dork6987
00000428,squirrelhome,joe3599
00000429,baseballsoccer3733,pau3358
00000430,fishcoffee2176,runner2005
00000431,moonjoe,lizard7197
00000432,princess2293,destroyer534
00000433,hummusfootbol4425,creator8299
00000434,brickjoe,sir9149
00000435,fishdestroyer,grape9035
00000436,hummus7305,dork7239
00000437,fantennis,coffee1899
00000438,grapetravvypatty,baseball731
00000439,parmparm,travvypatty7191
00000440,miccoffee2216,pau3591
00000441,runnerlil8369,little2133
00000442,cheeseglizzy8290,footbol8689
00000443,parmlover6801,ber4950
00000444,goblincoffee3445,king7783
00000445,lilbadminton9622,princess7767
00000446,footballmiss,badminton8048
00000447,runner9821,badminton1873
00000448,fancar,miss6210
00000449,relaxtravvypatty4927,pau9342
00000450,grapedork,lover8606
00000451,knightlittle3765,sir5609
00000452,cheddarjoe6519,cheese3355
00000453,soccerbear7085,ber4487
00000454,paubadminton331,dork5929
00000455,paubrick6805,leopard3874
00000456,destroyer5289,ber4515
00000457,tigerslayer5993,cheddar4223
00000458,obsessorsquirrel,cheddar8002
00000459,umbrella8774,goober3452
00000460,fan1705,banana6995
00000461,destroyer9686,fighter981
00000462,goobertiger4671,lizard1168
00000463,miss9699,gobbler8601
00000464,tigerfighter7910,soccer8321
00000465,home4607,glizzy5671
00000466,cheesefarm8707,lil1313
00000467,baseball8404,prince2320
00000468,fanleopard2234,footbol2087
00000469,dorkumbrella,jac3537
00000470,fan3652,goblin7953
00000471,farm1110,princess9361
00000472,mothertravvypatty,gobbler3983
00000473,bermother7761,knight789
00000474,knightlizard,runner8413
00000475,jac6307,tennis4650
00000476,little3659,prince9451
00000477,umbrellafootball7982,creator7830
00000478,leopard2691,goblin8632
00000479,bearmaker226,creator7311
00000480,kingdork,hummus2080
00000481,fancar1501,home9805
00000482,kingbaseball,glizzy7656
00000483,makermr,knight3341
00000484,moonumbrella533,grape4067
00000485,dorkfan5866,squirrel1856
00000486,moonmajor,travvypatty9570
00000487,lil3776,banana6158
00000488,creator9135,goober1269
00000489,homeobsessor,knight9032
00000490,fighterlol4645,ber5858
00000491,goblin6231,foo7454
00000492,glizzyrelax6713,banana5638
00000493,footballbaseball3461,lol723
00000494,home7655,slayer2273
00000495,lizardfoo1588,maker642
00000496,leopardbanana7606,moon9869
00000497,mother1857,little5584
00000498,mic8897,brick4888
00000499,dorkking7604,brick6335
00000500,branchfootball,fan1932
00000501,joemajor,lol8897
00000502,squirrel5820,ber6464
00000503,berlover,travvypatty9151
00000504,parmmoon6535,banana4329
00000505,micfan6151,home4981
00000506,travvypattyfootbol,gobbler1266
00000507,obsessorslayer1334,destroyer4254
00000508,loverdestroyer,joe8139
00000509,goblin2245,leopard9421
00000510,moonhome,fish3476
00000511,princeprincess3801,joe2455
00000512,umbrella1032,lizard5157
00000513,litobsessor9558,coffee7133
00000514,lol3942,relax68
00000515,footballlover997,moon4059
00000516,tennismr,major1756
00000517,lizard469,bear9270
00000518,footbolcheese5193,goblin5814
00000519,lol9506,mother3837
00000520,soccerlizard950,jac5806
00000521,graperelax,jac5025
00000522,footbolprince5386,lover1566
00000523,jacgobbler,miss2238
00000524,mrgobbler5799,hummus9214
00000525,litlizard6653,badminton4935
00000526,lilfighter8841,joe9871
00000527,parm6729,lit4682
00000528,branchsoccer,moon4148
00000529,majorrunner,mother373
00000530,squirrelbear3051,squirrel2233
00000531,destroyergrape3817,cheddar3246
00000532,knightgoober6042,fish2300
00000533,lit3047,banana3829
00000534,soccerumbrella,king6784
00000535,footravvypatty,brick199
00000536,king3745,gobbler6374
00000537,relaxgoblin6578,tiger4139
00000538,sirglizzy5957,home5824
00000539,footballfoo,branch7107
00000540,lilleopard,moon6896
00000541,footballgobbler5404,coffee8086
00000542,runnersquirrel8831,lil7272
00000543,mrcreator,branch8472
00000544,umbrellalizard9844,parm2133
00000545,badmintonmaker6149,runner96
00000546,slayerlover,destroyer1513
00000547,misslol,relax2346
00000548,relaxfarm,lil3307
00000549,bermoon6825,squirrel3
00000550,lolknight2778,lit7599
00000551,bananaumbrella6894,squirrel8824
00000552,jacgrape755,little2964
00000553,dorkglizzy,lil2204
00000554,maker5910,runner962
00000555,maker198,umbrella7630
00000556,squirrelpau2582,major4082
00000557,soccerrelax,coffee5203
00000558,fighter5170,maker1579
00000559,dorkjoe,travvypatty4526
00000560,hummus5663,runner5198
00000561,badmintonrunner3152,branch8112
00000562,leopard4377,cheese8373
00000563,paufish9104,foo7972
00000564,badmintonber,runner9909
00000565,parmprincess336,tennis6327
00000566,glizzybadminton,dork6315
00000567,bearmother,umbrella6729
00000568,gobbler2928,hummus6067
00000569,coffeemajor,mother3125
00000570,tiger9196,fish8993
00000571,mooncar,umbrella3493
00000572,parmmother2008,lol4082
00000573,farmmajor8358,dork9681
00000574,missfan653,foo9674
00000575,leopardmaker1105,gobbler4850
00000576,fighter8311,lover6214
00000577,pauking,lizard3880
00000578,princemr212,farm5015
00000579,fishgoober9170,lit3803
00000580,fish627,maker9404
00000581,moonobsessor,princess1157
00000582,farm826,relax5880
00000583,destroyercoffee1717,glizzy6238
00000584,bearsir5923,lover6600
00000585,lover372,parm2466
00000586,grape3662,fan5575
00000587,paugoober,major8204
00000588,moon5018,major7382
00000589,goblinlol,knight4446
00000590,joe6098,dork458
00000591,squirrelcar2528,hummus9002
00000592,slayergoblin,lit4659
00000593,jacsquirrel9399,little9321
00000594,obsessorpau,banana8083
00000595,fantravvypatty,soccer9135
00000596,cheddarrelax,squirrel7236
00000597,runnerber8413,banana17
00000598,grape3302,jac9240
00000599,kingmiss,mother6263
00000600,princesscreator7133,lit5354
00000601,fanlil,travvypatty2645
00000602,obsessorbanana2106,maker7727
00000603,lol2502,banana8911
00000604,travvypatty4860,gobbler663
00000605,lil5407,cheddar2144
00000606,princess2280,glizzy5492
00000607,baseballgrape6623,parm8306
00000608,misssoccer,tennis8810
00000609,micfish,farm7055
00000610,runnerknight9514,car274
00000611,mr1170,slayer9186
00000612,brick3413,tennis5285
00000613,cheeseprincess,leopard6999
00000614,goobermajor1812,banana4046
00000615,banana6964,hummus9810
00000616,baseballmajor,prince1162
00000617,lillil9899,relax4894
00000618,fanlol,king1367
00000619,baseball3921,football6809
00000620,princessprince7619,branch2637
00000621,lilfighter,prince4946
00000622,bersoccer2904,mic3716
00000623,homehome6020,lover2824
00000624,football145,relax911
00000625,tennislittle3130,grape999
00000626,fightergobbler1454,lit4277
00000627,bearprincess,princess8333
00000628,bearsoccer7500,parm3111
00000629,kinggrape371,lizard184
00000630,coffee856,baseball6070
00000631,fan4244,destroyer7565
00000632,gobblerfan,squirrel5697
00000633,carknight3131,runner4244
00000634,footboljoe,prince9514
00000635,squirrel5558,umbrella1324
00000636,coffeelizard,grape8681
00000637,cheeselil,hummus3328
00000638,goober6949,foo148
00000639,fansquirrel7734,lover5854
00000640,runnertravvypatty7866,home6612
00000641,gooberfan,grape7313
00000642,car3528,maker6602
00000643,brick5089,fan6023
00000644,berbear5628,gobbler1664
00000645,dorksquirrel1747,baseball6493
00000646,tenniscar,travvypatty9210
00000647,king916,hummus2105
00000648,travvypattyfarm,obsessor3061
00000649,brickprincess7251,cheese3932
00000650,parmfootbol3284,mother1242
00000651,goober7319,pau8824
00000652,coffeetravvypatty2189,goblin939
00000653,homesir3060,lil753
00000654,king3313,football436
00000655,ber4917,king3979
00000656,gobblermoon,lizard945
00000657,grape484,tennis3179
00000658,relaxcheese,fish6105
00000659,bananamr,travvypatty9081
00000660,glizzyrelax5090,car1331
00000661,pau190,tennis9855
00000662,cheddar6359,slayer4351
00000663,squirrel3805,miss9018
00000664,bear8179,cheese5428
00000665,hummuslover,lol6418
00000666,leopardbaseball,goober252
00000667,hummusfish8989,badminton7833
00000668,prince5211,home9182
00000669,princehome8846,mic1906
00000670,joeleopard,lil9860
00000671,loverparm2979,coffee3712
00000672,missbaseball8377,brick544
00000673,joebear,baseball1413
00000674,princessbaseball,home4589
00000675,slayercreator8374,brick5616
00000676,cardestroyer,obsessor9240
00000677,fighter2545,footbol5637
00000678,dorkber8363,king9053
00000679,slayercar6375,travvypatty8700
00000680,travvypattymoon,hummus1038
00000681,cartennis9834,mother2553
00000682,bear5628,grape9579
00000683,parm847,joe9723
00000684,soccerlittle8732,footbol6672
00000685,sircheese1072,umbrella8777
00000686,lilmoon5968,leopard6658
00000687,branchfighter1170,soccer4495
00000688,destroyercar,major6468
00000689,loltiger,lil4123
00000690,jacmiss,leopard8979
00000691,gooberglizzy,lit7911
00000692,knightjoe,runner9371
00000693,litfootbol3863,moon7888
00000694,squirrelrunner,jac9464
00000695,dorkbadminton,knight3891
00000696,banana9539,umbrella2889
00000697,lil6440,princess3138
00000698,carmother,footbol4546
00000699,fish7633,bear7831
00000700,destroyerfootball,runner4422
00000701,homeparm,mother2291
00000702,grapebanana2451,lil6775
00000703,gooberpau,prince3073
00000704,lit830,umbrella3816
00000705,farmcheddar275,fan9219
00000706,makerdork3627,ber9210
00000707,fish1126,prince4022
00000708,hummus6952,princess2756
00000709,majorcoffee196,mr1780
00000710,umbrella1633,umbrella8369
00000711,branchcar,lit7075
00000712,knight2554,mother3372
00000713,relax7721,farm1763
00000714,paubanana,lover8650
00000715,squirrel3545,relax347
00000716,carprince9012,hummus8646
00000717,foolittle6209,lit2602
00000718,kingber,maker4631
00000719,cheese5539,prince8394
00000720,grape9104,fish5740
00000721,obsessorlizard179,dork6742
00000722,lil1273,pau142
00000723,mother7039,joe3754
00000724,princegobbler4616,grape2584
00000725,littleleopard1431,relax2228
00000726,missbaseball7963,runner2115
00000727,glizzymaker9119,moon17
00000728,squirrel1339,princess5600
00000729,tigerlizard,mother8818
00000730,farmslayer3922,miss3266
00000731,princessgobbler,sir3180
00000732,goober2133,banana6135
00000733,little1806,foo5914
00000734,prince6742,runner2244
00000735,mr9459,goblin9574
00000736,footballmaker,pau3984
00000737,bearparm,goblin8539
00000738,farm3053,runner3120
00000739,tiger7504,gobbler1903
00000740,goblinpau,grape8678
00000741,bearfootball,leopard2345
00000742,joebaseball,runner4661
00000743,litjoe4144,knight7872
00000744,brickpau8232,knight5976
00000745,branch3860,lizard9679
00000746,moonglizzy611,goober7458
00000747,goober1937,cheese4030
00000748,jac2922,princess915
00000749,prince6669,dork5146
00000750,runner2814,creator4010
00000751,mic54,fish3888
00000752,creator8241,goober2498
00000753,destroyer6264,dork5963
00000754,motherbear,footbol1726
00000755,tiger2986,baseball5016
00000756,leopardfootbol7135,badminton1806
00000757,tennisjoe4243,knight5086
00000758,sirfoo,banana4273
00000759,gobbler7018,mother9597
00000760,sirfish1462,lit4355
00000761,hummuscheddar,lol1527
00000762,bananaber,jac151
00000763,micdork,lizard3245
00000764,micmic8473,runner6865
00000765,carglizzy,fan3633
00000766,obsessorcheese9272,maker7621
00000767,fan1652,moon4518
00000768,destroyertiger993,car7010
00000769,umbrellagrape5058,coffee4620
00000770,princess5027,grape8589
00000771,lovergrape2681,banana7106
00000772,tiger1449,lizard8134
00000773,littravvypatty,sir9660
00000774,lit4724,mic148
00000775,fishcar,gobbler4818
00000776,makerobsessor,joe5009
00000777,baseballslayer7985,mother5655
00000778,mothercreator720,fish6461
00000779,littlepau1198,farm8101
00000780,ber8092,king8246
00000781,lover4138,goober947
00000782,squirrelking,farm2171
00000783,dorkcreator,jac9491
00000784,destroyerbear,lol7660
00000785,slayercreator5692,coffee9334
00000786,footbolobsessor2020,ber933
00000787,parm8615,princess8770
00000788,lit6866,mic6693
00000789,hummuscoffee,sir9092
00000790,lilgoblin,mr3678
00000791,brickfan,baseball9829
00000792,parmsoccer2020,dork9753
00000793,maker3705,knight6006
00000794,leopardtennis2201,princess8987
00000795,dorkknight,fighter1820
00000796,goblinobsessor7742,bear7309
00000797,gooberpau1959,lover1623
00000798,miss25,lit5538
00000799,lolknight990,moon4563
00000800,lol7070,fighter8048
00000801,bear1677,cheddar4782
00000802,destroyerbadminton8010,creator3310
00000803,umbrellaber4103,destroyer1183
00000804,leopard3082,moon1954
00000805,car2058,lil1503
00000806,homegoblin,glizzy5168
00000807,lizard9699,footbol3673
00000808,fightermother,goober5649
00000809,car6932,banana9623
00000810,lizardjoe690,lil7474
00000811,coffee9650,obsessor5111
00000812,coffee5966,baseball2123
00000813,umbrellabear5176,tennis3156
00000814,cheddarpau,moon1658
00000815,liljoe354,glizzy5182
00000816,fightercreator7314,umbrella5888
00000817,branchbadminton,prince9413
00000818,footballcreator5524,soccer4255
00000819,creatortravvypatty,creator1991
00000820,obsessor4374,runner1994
00000821,moon4546,foo3443
00000822,cheddar819,runner9147
00000823,hummuslil4854,pau2219
00000824,goober2225,baseball4687
00000825,lolbranch,prince5609
00000826,bananamoon2820,lil9649
00000827,joemic,gobbler2883
00000828,hummusmr,goblin3201
00000829,footballdork4076,baseball7571
00000830,creator3382,soccer6757
00000831,farmber,mother4083
00000832,fish2246,prince6079
00000833,cheeselover,mother5247
00000834,lilhummus4779,umbrella3113
00000835,glizzygoober,runner6601
00000836,grape6754,banana2680
00000837,baseballbanana3760,lit3243
00000838,gobbler8669,lil3582
00000839,kingprincess2063,dork3178
00000840,lilobsessor,prince8713
00000841,princessmaker8320,mr827
00000842,princess662,princess6275
00000843,soccer3505,dork9693
00000844,beardestroyer,slayer9852
00000845,cheesemaker6874,glizzy1063
00000846,goobercoffee,ber6919
00000847,leopardbanana471,maker1811
00000848,umbrellasquirrel7872,joe2466
00000849,banana5629,relax8908
00000850,grapebear,footbol4555
00000851,cheddar7340,brick1630
00000852,littletiger963,lover8034
00000853,soccer8395,farm9872
00000854,soccerfootbol,brick6998
00000855,parm3789,pau556
00000856,hummussquirrel1131,moon6762
00000857,berfoo6920,king8711
00000858,travvypattyfan,creator4503
00000859,bearbrick,joe8780
00000860,foo144,branch7470
00000861,joe6378,mic5880
00000862,home5326,sir9050
00000863,brickking,glizzy4520
00000864,tennis5600,joe1039
00000865,cardestroyer3825,car4081
00000866,branch841,cheese3638
00000867,fighterleopard,lizard4354
00000868,sircreator,lover2256
00000869,gooberlittle5709,jac9035
00000870,footballglizzy,baseball8160
00000871,lizardleopard,joe9324
00000872,footballsquirrel,lil2961
00000873,slayerslayer1774,king5940
00000874,bertiger,little7576
00000875,littlefighter,gobbler6231
00000876,lolmaker4598,coffee2341
00000877,princeking5725,runner4927
00000878,foo3040,car2067
00000879,dork501,farm8205
00000880,squirrelobsessor314,coffee2421
00000881,mictravvypatty4181,king8364
00000882,bananamother1268,jac8087
00000883,lizardbear,mother8007
00000884,joe5451,goblin5920
00000885,lizard3043,baseball5017
00000886,brick7867,home1059
00000887,soccerfighter,gobbler910
00000888,lolmajor3680,mic7841
00000889,footbol9217,lizard3510
00000890,moonparm4819,gobbler5066
00000891,creatorfish,car7726
00000892,squirrel1531,hummus4720
00000893,sirfoo6996,maker9036
00000894,badmintondork,dork2094
00000895,grape3751,goober3562
00000896,parm3869,relax8435
00000897,slayer8013,coffee557
00000898,homecreator,king1851
00000899,glizzydestroyer7749,baseball2029
00000900,squirreljoe8069,lover9545
00000901,soccer7454,fan6251
00000902,relaxgoober,travvypatty3147
00000903,goblinbanana,badminton7128
00000904,slayermic,soccer5789
00000905,motherfootball,destroyer6831
00000906,moongrape1529,miss1634
00000907,princessking,brick4855
00000908,mothermoon,princess4177
00000909,joehummus,farm9167
00000910,footbol1625,miss6068
00000911,slayer1832,relax1845
00000912,maker4512,banana572
00000913,moonlol,mic1195
00000914,fishfootbol3523,lit3918
00000915,fanbear9217,mic8869
00000916,lit5042,coffee6134
00000917,motherlover,lover8935
00000918,miss9772,grape2314
00000919,tennis1048,moon3815
00000920,slayerlol6976,dork6381
00000921,joe9756,fighter8500
00000922,princess6394,lizard7234
00000923,jacbanana7357,grape599
00000924,lover2172,miss5482
00000925,grape5308,branch728
00000926,jacpau8283,cheddar4514
00000927,bearprince9474,football3365
00000928,branchlol1289,baseball4818
00000929,footbolparm7178,joe4302
00000930,lilking946,knight7162
00000931,moonhummus,leopard5794
00000932,micmajor6616,farm5890
00000933,slayerbanana5419,bear2666
00000934,badmintoncheddar,little4658
00000935,lil1789,mother1550
00000936,maker1133,hummus3541
00000937,cheeseprince2467,gobbler9528
00000938,homemr,fan8599
00000939,footbol390,banana5726
00000940,tennislover,cheddar7426
00000941,paulover,cheddar7919
00000942,footballcar,mr6579
00000943,foomother,obsessor7142
00000944,lithome,goober5188
00000945,fighterglizzy,relax1863
00000946,footbolgoblin,footbol5248
00000947,baseballmother,branch3093
00000948,soccer121,relax3043
00000949,badminton6255,relax7985
00000950,footbolbranch7396,mic6001
00000951,berlizard,knight9841
00000952,hummuslol5507,squirrel3242
00000953,cheddar9421,moon2544
00000954,loverfoo,fan4312
00000955,little9581,lover136
00000956,destroyer3624,destroyer4459
00000957,fanfish4236,brick2844
00000958,bear6290,badminton4905
00000959,tigermoon8241,runner2271
00000960,slayer9312,mr2930
00000961,baseballcheddar1381,banana6197
00000962,cheddarmiss,jac2423
00000963,cheddarmaker,ber8699
00000964,jacber,relax901
00000965,obsessor6618,football8117
00000966,mother2672,squirrel7480
00000967,tigersquirrel5901,grape5130
00000968,squirrelbranch6041,sir6546
00000969,travvypattytennis,jac4686
00000970,runnerfighter3854,tiger6749
00000971,soccerfoo5646,car4080
00000972,lizardslayer975,mic7591
00000973,cheddarcoffee,football2496
00000974,litgrape6719,banana1983
00000975,creator8529,destroyer370
00000976,tennis6359,little1281
00000977,squirrelknight,branch8352
00000978,joeobsessor2348,grape8501
00000979,squirrel1418,little9096
00000980,carmic,travvypatty1389
00000981,gobblerrunner968,obsessor2652
00000982,destroyerjoe6668,jac6852
00000983,coffeebadminton5092,prince8077
00000984,runnertennis,soccer7752
00000985,knight6867,cheese3522
00000986,coffeeprincess3040,banana3566
00000987,fishcoffee5656,prince1188
00000988,ber973,dork1482
00000989,branchprincess,brick1246
00000990,kinglover,footbol7168
00000991,footballtennis2321,goblin2229
00000992,creatorfan,banana7094
00000993,baseball9260,car2570
00000994,fishmoon,soccer5177
00000995,umbrellacheese,sir6661
00000996,obsessormajor3388,goober1210
00000997,glizzyhummus9952,tiger1231
00000998,dork9050,moon5395
00000999,prince6932,bear6695
00001000,obsessorjac4182,soccer2177
00001001,pau4035,runner197
00001002,makerjoe4646,footbol4937
00001003,farmlol6835,mr2242
00001004,cheesemiss3676,fan6812
00001005,branch8093,banana9212
00001006,runnerbadminton,dork4470
00001007,litrelax,lit1961
00001008,lol7287,home4138
00001009,joegoober,footbol6447
00001010,goblin7994,moon1305
00001011,sir6576,joe7245
00001012,knight1497,little3966
00001013,destroyerrunner,gobbler5403
00001014,lizard2766,cheddar1608
00001015,baseballbrick,jac5403
00001016,joe1617,ber3999
00001017,goobergrape1257,destroyer9910
00001018,cheeseumbrella3836,banana8676
00001019,farmbanana9714,dork7202
00001020,slayerrunner7823,hummus5305
00001021,moon6266,badminton9457
00001022,travvypattygrape5288,king3933
00001023,gobblerhome5538,princess4615
00001024,littlelit,badminton8035
00001025,coffeebrick,relax7761
00001026,dork7849,dork7652
00001027,bearrunner,tennis5236
00001028,footballcreator,soccer3563
00001029,lizardgrape2087,goober8813
00001030,lizardprince,ber95
00001031,cardork,fan3953
00001032,moon890,coffee8239
00001033,lolbear1777,lover8029
00001034,king8339,tennis1768
00001035,joemr,major5184
00001036,obsessorcoffee1479,creator5793
00001037,badmintonbanana6131,cheese1157
00001038,parm3870,tiger3533
00001039,hummus1785,leopard434
00001040,kingbadminton4175,parm5655
00001041,parm6785,grape3005
00001042,king1727,coffee7992
00001043,lizardtiger8006,brick3109
00001044,relax6402,creator6266
00001045,glizzycar,ber9544
00001046,mother1208,joe5655
00001047,travvypattyjac,baseball3189
00001048,relaxcheddar4962,umbrella5677
00001049,destroyerdestroyer2377,banana2727
00001050,bearbaseball5985,squirrel3525
00001051,gobblerjoe3738,mr1493
00001052,hummusmother,slayer5250
00001053,pau7525,footbol5112
00001054,parmbrick,obsessor9067
00001055,glizzy7538,creator6888
00001056,lillol2871,goblin1823
00001057,goblin9676,little9938
00001058,dorklover6779,glizzy3606
00001059,squirrellit,car6236
00001060,princemr,branch7179
00001061,coffee5447,moon3927
00001062,carmiss973,branch1022
00001063,cheddar2089,relax6464
00001064,runner6139,runner4137
00001065,slayersir7199,soccer1176
00001066,sirobsessor,lizard5381
00001067,creator7211,knight518
00001068,moonlittle2730,tiger3690
00001069,carcheese,farm2119
00001070,king3154,creator8297
00001071,fighterfan,lover4686
00001072,creatorbear344,tiger4550
00001073,soccerprince959,footbol9598
00001074,badmintongoblin2915,parm8859
00001075,moon3798,gobbler1704
00001076,carlol,creator9520
00001077,fish8193,mic4652
00001078,loverking4124,bear5130
00001079,tigermiss2702,lol8119
00001080,runnerumbrella3976,moon1876
00001081,bear6298,hummus433
00001082,farm1562,runner8805
00001083,fish1410,princess9830
00001084,liltennis,gobbler2874
00001085,missfoo,jac2799
00001086,motherlit8544,home8268
00001087,bricktennis,major6351
00001088,home4017,knight730
00001089,bergrape5302,tennis8267
00001090,lizardgobbler1246,umbrella7743
00001091,little7152,destroyer3315
00001092,grapebanana,ber4214
00001093,lizardgoober4464,sir7653
00001094,farmhummus6901,lover6658
00001095,cheese6267,badminton9056
00001096,grape9424,goober125
00001097,lizardber4970,miss5284
00001098,tigerbranch,joe5535
00001099,major8347,joe6902
00001100,lolcheese,footbol4443
00001101,dorkcheddar810,travvypatty6138
00001102,lilmother,lover7229
00001103,bearcheese,tiger8498
00001104,soccertiger4043,car1519
00001105,lilumbrella7746,brick8419
00001106,travvypattyparm,fighter9654
00001107,loljoe,moon1763
00001108,slayermother,grape8950
00001109,coffeedork2330,farm6402
00001110,coffee4243,runner1801
00001111,motherglizzy5001,cheddar6721
00001112,micgoober,glizzy8297
00001113,relax3344,jac1457
00001114,misstennis,princess9677
00001115,little8080,pau4048
00001116,ber7320,ber547
00001117,tennisking,glizzy3903
00001118,loverjoe,fish6570
00001119,runner1105,lil5107
00001120,tiger509,lil7395
00001121,leopardtiger9483,major9757
00001122,foojoe,footbol4520
00001123,car8104,jac2208
00001124,brickfootbol2590,obsessor9870
00001125,dork9753,branch5763
00001126,coffee7970,bear7412
00001127,leopard7091,miss943
00001128,litparm,prince9229
00001129,obsessor9060,fighter5393
00001130,homebaseball8440,lover3205
00001131,fish4534,mr1788
00001132,lolcreator7251,goober6309
00001133,branchlittle3545,fish4964
00001134,creatorcheese,foo1304
00001135,footbol1708,mr8575
00001136,soccerlol6297,runner670
00001137,bearcoffee655,mother3601
00001138,missprince,hummus3812
00001139,relax112,mic284
00001140,king5050,mr4930
00001141,king8202,cheese6726
00001142,runnerfish8721,hummus8109
00001143,makermajor,ber3714
00001144,home7382,home4491
00001145,umbrellamiss2537,hummus7064
00001146,mrparm1997,jac3298
00001147,homecar,home6882
00001148,farm8024,foo8858
00001149,littlelover,lol6291
00001150,major3360,runner7145
00001151,farmcar7227,gobbler2492
00001152,goblin1067,bear6963
00001153,lilbanana1315,destroyer3189
00001154,footbol3115,lit809
00001155,parmmother1766,moon1327
00001156,knightrelax,princess6665
00001157,goblinprincess,umbrella4733
00001158,runnergrape4499,mother5628
00001159,gobblerfarm,hummus3914
00001160,brickumbrella,princess4429
00001161,slayerrelax,maker3380
00001162,relaxglizzy,mic2102
00001163,princess7881,baseball8619
00001164,branchlol,squirrel3870
00001165,gobbler4960,leopard9467
00001166,glizzy7857,fighter1992
00001167,kingsoccer,pau421
00001168,obsessor3879,goober8936
00001169,farmhummus,parm7341
00001170,bearglizzy9105,parm4833
00001171,farmbadminton6032,bear9158
00001172,lolfarm8510,squirrel6172
00001173,leopardfoo,parm439
00001174,jacking,farm7509
00001175,glizzyfish,cheddar49
00001176,gobblerdork,fighter7215
00001177,tennisgobbler6947,dork1830
00001178,major5977,glizzy6268
00001179,sirprincess5014,squirrel2855
00001180,obsessorjac1564,brick8943
00001181,lolmaker,little2832
00001182,loverfarm,ber4483
00001183,goblincar5746,major5799
00001184,gobblertiger,home3090
00001185,foohummus,car3297
00001186,creatorbanana,brick9424
00001187,knightbadminton,princess6457
00001188,moonmaker,tennis1111
00001189,lilbrick6051,mic4792
00001190,fighterhummus3412,lol7805
00001191,mrbranch,tiger8854
00001192,joe2217,soccer7077
00001193,dorkmr7034,mr4062
00001194,destroyerbear317,footbol9201
00001195,obsessorlol,destroyer1547
00001196,fanfootbol,bear2039
00001197,obsessorbadminton,mic414
00001198,lolsoccer4798,car6594
00001199,dorkmaker,maker3359
00001200,squirrelhome103,creator4718
00001201,home6072,ber5089
00001202,ber7559,lil2262
00001203,gobblerobsessor3154,leopard7729
00001204,moon1169,home5986
00001205,lover5088,hummus8761
00001206,soccerbear8114,umbrella2300
00001207,destroyer7095,leopard2717
00001208,princesscreator,hummus5658
00001209,farm6737,badminton2851
00001210,football6637,creator9512
00001211,ber7846,grape2197
00001212,joecheese881,hummus650
00001213,grape5625,joe5039
00001214,branchbear4789,coffee8708
00001215,lizard9271,lit3162
00001216,major3819,jac2485
00001217,pauknight7205,farm5637
00001218,moon4297,goober9258
00001219,destroyerlizard7332,branch5934
00001220,glizzy4767,cheddar620
00001221,hummusbranch,little9710
00001222,destroyerhome8380,king952
00001223,footboljac3785,creator9666
00001224,cheddartiger2294,lol5549
00001225,foo7133,lol5419
00001226,sirglizzy,gobbler3939
00001227,princessfan,king9650
00001228,bricklit2039,foo1486
00001229,travvypattylittle,baseball4450
00001230,dorklil4042,obsessor6342
00001231,tennisrelax,sir4309
00001232,sirtiger,miss3679
00001233,motherpau1741,fish4885
00001234,footbolprincess,parm5588
00001235,obsessorbear6677,prince6460
00001236,travvypattyjoe,slayer9314
00001237,mrtennis247,princess8722
00001238,coffeedestroyer,mother469
00001239,gobblercar9410,goblin444
00001240,fighter3420,footbol4472
00001241,creatorfootball,little7865
00001242,baseballmiss5888,pau6121
00001243,travvypattymic5849,foo7047
00001244,bananaking2949,miss4660
00001245,soccermr,badminton3486
00001246,umbrellalol4851,destroyer7891
00001247,knightbranch6774,runner8665
00001248,tennisdork,coffee6635
00001249,gobbler6697,lol1902
